cm_id,entity_id,entity_type,campaign_name,campaign_type,member_status,is_responded,response_date,is_active
e58e86301ffa4cb6,e6fe353aa34e40f1,contact,Integrate Open-Source Architectures Webinar 2023,Webinar,No Show,False,2023-06-24,True
b320cca912334dd9,820e3f38dbe146bb,lead,Architect Customized Partnerships Telemarketing 2024,Email,Sent,False,2025-04-24,False
fe68ca7b661c48ba,f45c994a5a57444b,contact,Re-Intermediate Visionary Convergence Webinar 2025,Webinar,Registered,False,2025-03-10,True
3036682823d14ff4,e2a2bc9203784e6f,contact,Re-Contextualize Extensible Technologies Email 2023,Email,Sent,False,2023-06-29,True
b169e67ad6444042,177db71e8d224064,contact,Unleash Cutting-Edge E-Markets Content Syndication 2025,Content Syndication,Sent,False,2025-04-13,True
528031c8c24045fe,471b749201534cc8,contact,Orchestrate 24/7 Relationships Content Syndication 2024,Content Syndication,Responded,True,2025-02-09,False
06fa00671fa0402f,d5d61c3a50e44043,contact,Embrace Out-Of-The-Box Networks Webinar 2023,Email,Sent,False,2024-12-21,True
22deaa6041a741e5,9dd0cecced544ec3,lead,Generate Next-Generation Markets Event 2025,Event,Attended,True,2025-04-01,False
610786db809245c4,61fa38db82654ca5,lead,Iterate Transparent Initiatives Social 2023,Social,Viewed,False,2025-03-11,True
bf2229fdd92c429f,9080f6f09a954df3,contact,Revolutionize Value-Added Deliverables Telemarketing 2023,Telemarketing,Sent,False,2024-01-30,True
68bb022f15e446d9,5a1a8de319284d1c,lead,Brand Leading-Edge Interfaces Telemarketing 2025,Email,Sent,False,2024-06-25,False
399b56fda9c74507,f901e483d8754602,lead,Monetize Front-End Web Services Webinar 2024,Webinar,Attended,True,2025-03-24,False
eb68fe63d98a470d,c255c53028a14545,contact,Strategize Seamless Vortals Telemarketing 2025,Telemarketing,Sent,False,2023-08-05,True
f3ce58c4c1534d6f,e125e1c50d9046ae,lead,Re-Intermediate B2B Interfaces Event 2023,Event,Registered,False,2024-12-17,False
b7c3ee3d38904847,b0fcfbb61c9747b4,contact,Deliver One-To-One Markets Email 2024,Email,Sent,False,2024-04-23,True
9b1d6ac0eb124fc1,8dfaee071d424e98,contact,Orchestrate End-To-End Models Event 2025,Event,No Show,False,2025-04-18,True
ea38ed9d54244ff6,3a562041231b4490,contact,Embrace Out-Of-The-Box Networks Webinar 2023,Webinar,Attended,True,2025-04-11,True
9683f13c47604c42,45934305f11e4b62,lead,Architect Viral Models Webinar 2024,Webinar,Attended,True,2023-11-21,True
f5634d115b2f417f,4564b8d497fd4198,contact,Matrix Wireless Solutions Advertisement 2025,Advertisement,Viewed,False,2025-04-19,False
3c35b694d1bd4f96,293082c6f08e48d3,contact,Drive Next-Generation Communities Telemarketing 2025,Telemarketing,Responded,True,2023-11-24,True
f471f778f2624788,bd6d3f0f02ae41df,lead,Grow Best-Of-Breed Users Event 2024,Email,Sent,False,2023-10-21,False
cb8316d7f3264824,f7aa8c544fa94601,lead,Engineer Robust Web Services Event 2024,Event,Attended,True,2025-03-29,False
1e2d6986b7a9427e,2dbed577e7ec4c09,lead,Whiteboard Synergistic Initiatives Email 2025,Email,Clicked,True,2025-02-11,False
9c180aac4b134500,6d7279c67c4043c1,lead,Strategize Seamless Vortals Telemarketing 2025,Telemarketing,Sent,False,2025-01-20,True
d64d8a8cead6413e,d99b328559514fad,lead,Envisioneer Holistic Web-Readiness Email 2024,Email,Sent,False,2025-04-17,True
94a79980bb0f4be0,177db71e8d224064,contact,Generate Global Architectures Content Syndication 2025,Content Syndication,Sent,False,2025-02-25,True
606d0b5ec07a42b7,8a4e20f67d2e4cf1,contact,E-Enable Seamless E-Commerce Event 2025,Event,No Show,False,2023-06-18,False
8a0ebb1bc10845e6,6f551af0e6e64e0b,lead,Maximize Bleeding-Edge Convergence Webinar 2023,Webinar,Registered,False,2025-04-06,True
4af42ac52db84012,3a07aefee2d74a30,lead,Iterate Transparent Initiatives Social 2023,Social,Clicked,True,2024-01-15,True
4162535b74904b74,9080f6f09a954df3,contact,Envisioneer Holistic Web-Readiness Email 2024,Email,Sent,False,2025-02-28,True
b22731719d9f48ec,40071fae516d4588,lead,Streamline Distributed E-Markets Webinar 2023,Webinar,Registered,False,2024-06-24,True
ec5589f9786c4ca6,ac0229acddaa4ab4,lead,Streamline Distributed E-Markets Webinar 2023,Webinar,No Show,False,2025-04-17,True
87f0350e83084c98,67979dd6ff284c89,lead,Extend Granular Schemas Email 2025,Email,Sent,False,2024-12-25,False
7260b8dd23d94402,29749fd8a29b4cc9,lead,Facilitate Web-Enabled Applications Email 2024,Email,Sent,False,2024-12-24,False
43b5839cde554708,a72d2167f475488f,lead,Disintermediate 24/7 Metrics Telemarketing 2024,Email,Sent,False,2024-12-11,True
67a82e9df546485f,2e32eab771de4fd4,lead,Re-Intermediate Visionary Convergence Webinar 2025,Webinar,Registered,False,2025-01-02,True
33041c95329c48a7,ea3610f1901c46d6,lead,Whiteboard Synergistic Initiatives Email 2025,Email,Sent,False,2025-01-08,False
4166193822144c39,920c7c32abb74f2e,contact,Generate Next-Generation Markets Event 2025,Event,No Show,False,2024-03-21,True
ebd1af9822b94f81,bd63086e621b4ab8,contact,Incubate Front-End E-Tailers Telemarketing 2025,Telemarketing,Responded,True,2025-04-15,True
789a8fef07344326,b4afa2265893433c,contact,Mesh Interactive Platforms Advertisement 2023,Advertisement,Viewed,False,2025-04-18,True
ae7cc6569bc64169,820e3f38dbe146bb,lead,Embrace Out-Of-The-Box Networks Webinar 2023,Email,Sent,False,2025-02-22,False
b952d467923946f5,c3da9723707a430d,lead,Re-Intermediate B2B Interfaces Event 2023,Email,Sent,False,2025-04-19,True
12f514b770834848,6f5be3a3704d4b5d,contact,Streamline 24/7 Systems Advertisement 2024,Email,Sent,False,2025-04-12,False
7c5de407189b45dd,f108d9f379c3434c,lead,Deliver One-To-One Markets Email 2024,Email,Opened,False,2025-03-27,True
e2db54e1dbaa4edb,d4c9844a1c9f4ade,contact,Drive Next-Generation Communities Telemarketing 2025,Telemarketing,Responded,True,2024-09-01,False
0b31171433904176,9da2c8b1ac1143f9,lead,Engineer Robust Web Services Event 2024,Event,Registered,False,2025-04-26,True
4cded03210994299,26fb5134d77a49a8,lead,Extend Granular Schemas Email 2025,Email,Opened,False,2024-09-14,True
0c4c807da92c4a02,55c9c9d5e237444c,lead,Utilize Visionary Eyeballs Webinar 2023,Email,Sent,False,2025-03-15,True
ccabe5e163cb4d1f,c8ba071217f14aef,contact,Revolutionize Value-Added Deliverables Telemarketing 2023,Email,Sent,False,2024-08-29,False
ff8356b2639e454d,91096f981d644411,contact,E-Enable Seamless E-Commerce Event 2025,Email,Sent,False,2025-03-02,False
3a342bb2db534ecd,945892b5c4114cf9,lead,Extend Granular Schemas Email 2025,Email,Clicked,True,2024-03-02,False
efbc6e69f801443b,93a69db066904421,lead,Orchestrate 24/7 Relationships Content Syndication 2024,Email,Sent,False,2025-04-26,False
20aa5a000365444b,aa1d1b0d82c64927,lead,Brand Leading-Edge Interfaces Telemarketing 2025,Email,Sent,False,2025-04-21,False
9b37f802e2274c71,bd6d3f0f02ae41df,lead,Monetize Front-End Web Services Webinar 2024,Email,Sent,False,2024-11-20,False
efa88ec67f554a7f,f63cc0fbc0214b0d,lead,Disintermediate 24/7 Metrics Telemarketing 2024,Telemarketing,Responded,True,2025-04-02,False
099e68327ac14f40,27d42a97bada439d,lead,Transition Efficient Deliverables Email 2024,Email,Opened,False,2025-04-02,True
622cfa7b99774ae3,08393fe814024e3b,contact,Brand Visionary Models Advertisement 2024,Advertisement,Viewed,False,2024-11-18,True
f20a8f9509894e9b,f669ca9a4acd434d,contact,Unleash Ubiquitous Channels Event 2025,Event,No Show,False,2025-01-04,False
221cbd30642c4c88,cf6c7be59e3e48ed,contact,Mesh Interactive Platforms Advertisement 2023,Advertisement,Clicked,True,2025-03-10,False
32d8ac88e95c494c,0aa4bc073e6d43e7,contact,Integrate Open-Source Architectures Webinar 2023,Webinar,No Show,False,2025-01-09,True
0fb22442267241ad,59674b5585f74955,contact,Orchestrate End-To-End Models Event 2025,Event,Registered,False,2025-04-26,True
05db7603a96249ae,3a07aefee2d74a30,lead,Unleash Ubiquitous Channels Event 2025,Event,Registered,False,2025-04-04,False
dafe745d23a44a81,708e08ffce2b4624,contact,Engineer Robust Web Services Event 2024,Email,Sent,False,2023-07-21,False
57ff97b5f96e4557,c9f086f3e11043c8,contact,Evolve E-Business Markets Webinar 2023,Webinar,Attended,True,2025-01-14,False
633e703a1e3a4303,a72d2167f475488f,lead,Unleash Cutting-Edge E-Markets Content Syndication 2025,Email,Sent,False,2023-06-21,True
20cdfc7a2287491f,18008446d0694e6d,lead,Facilitate Granular Web-Readiness Telemarketing 2024,Telemarketing,Responded,True,2025-02-24,True
6878253efe5a4469,820ceb3523964e88,contact,Optimize Strategic Supply-Chains Webinar 2023,Email,Sent,False,2024-12-18,True
c34111a880794afa,8ca3b0e6c9a240a2,lead,Monetize Clicks-And-Mortar Bandwidth Event 2023,Email,Sent,False,2025-01-13,True
9718835e365b44f4,55c9c9d5e237444c,lead,Architect Viral Models Webinar 2024,Email,Sent,False,2025-04-16,True
c6552144c2164c24,aa1d1b0d82c64927,lead,Streamline Distributed E-Markets Webinar 2023,Email,Sent,False,2025-02-17,True
ae79074fc98e46c2,93f17ae1500a4564,lead,Mesh Interactive Platforms Advertisement 2023,Email,Sent,False,2023-05-23,False
fd86f22a34e84c41,c80fe48b502c4043,contact,Optimize Strategic Supply-Chains Webinar 2023,Email,Sent,False,2025-04-20,True
85f7ac04609046f1,100d409f31a14510,contact,Matrix Seamless Infrastructures Social 2024,Social,Viewed,False,2025-01-24,True
530593e4f4404576,f238d76424b049a7,lead,Strategize Seamless Vortals Telemarketing 2025,Telemarketing,Sent,False,2025-04-04,True
2de39bcf81aa4a36,f659b94c26a440d0,contact,Unleash Cutting-Edge E-Markets Content Syndication 2025,Content Syndication,Responded,True,2025-01-26,True
076715688c30499d,93f17ae1500a4564,lead,Re-Contextualize Extensible Technologies Email 2023,Email,Sent,False,2023-07-19,True
a2d5aa6b13584fde,e6fe353aa34e40f1,contact,Disintermediate Wireless Applications Content Syndication 2024,Content Syndication,Sent,False,2024-01-03,True
a179af0a51464240,16c28225866f401a,lead,Grow Best-Of-Breed Users Event 2024,Email,Sent,False,2023-08-16,True
f7a2b456a585460a,325e681919624ea9,lead,Evolve E-Business Markets Webinar 2023,Webinar,No Show,False,2024-09-13,True
4c93254f38f64e19,16bd3a8326c74630,lead,Transition Efficient Deliverables Email 2024,Email,Clicked,True,2025-01-04,False
056f2d31e2634ff4,32e961efb8e64d0a,contact,Brand Visionary Models Advertisement 2024,Advertisement,Viewed,False,2025-04-06,True
3c26f2d39a0d4990,851031771d1d475b,contact,Embrace Out-Of-The-Box Networks Webinar 2023,Webinar,Attended,True,2025-02-28,False
598c122218a64f10,3a562041231b4490,contact,Evolve Extensible Deliverables Webinar 2023,Webinar,No Show,False,2025-02-28,True
5febc13fe8a3434d,bd03e4829475454e,lead,Revolutionize Value-Added Deliverables Telemarketing 2023,Email,Sent,False,2025-04-27,False
6de8bea518814764,708e08ffce2b4624,contact,Mesh Interactive Platforms Advertisement 2023,Email,Sent,False,2025-04-18,True
456bec25701d47e0,c63fc11748f14133,contact,Brand End-To-End Info-Mediaries Advertisement 2024,Advertisement,Viewed,False,2025-02-05,True
2938d8e2d5494c8f,c3fde48d45c44d9b,lead,Envisioneer Holistic Web-Readiness Email 2024,Email,Opened,False,2024-11-02,False
9a8e2c5481804fcb,3de1ba830de74bc6,lead,Brand Visionary Models Advertisement 2024,Email,Sent,False,2025-02-06,True
52393eb9db2541ae,1e3b3a3e36184585,lead,Monetize Out-Of-The-Box Content Social 2023,Social,Viewed,False,2024-12-23,False
1b71dacab998436e,7e42afa216f549bd,contact,Facilitate Granular Web-Readiness Telemarketing 2024,Telemarketing,Responded,True,2025-04-09,True
5b884ef5712e4baa,db093815e91c423f,contact,Generate Global Architectures Content Syndication 2025,Content Syndication,Responded,True,2025-04-20,True
44fb8372784e4330,9d38418f6c59493c,contact,Matrix Wireless Solutions Advertisement 2025,Advertisement,Viewed,False,2024-01-19,True
fcb3af05e458427f,329b12ed8466497e,contact,Envisioneer Holistic Web-Readiness Email 2024,Email,Sent,False,2025-03-06,True
ee76a3b4224d4cfd,7833119f50b24965,lead,Strategize Seamless Vortals Telemarketing 2025,Telemarketing,Sent,False,2024-12-17,True
ca43d0626d974cd2,3a07aefee2d74a30,lead,Drive Next-Generation Communities Telemarketing 2025,Telemarketing,Sent,False,2025-04-22,False
1e04e3ad13c04eea,414b6112183144bd,lead,Orchestrate 24/7 Relationships Content Syndication 2024,Content Syndication,Sent,False,2025-03-01,True
b12b256521f842a7,3e751658cf3942e2,lead,Re-Contextualize Extensible Technologies Email 2023,Email,Opened,False,2023-09-12,True
080f96628c78468b,c26e0c00f198482b,contact,Orchestrate End-To-End Models Event 2025,Event,Attended,True,2025-04-10,False
ab2915e2eed04d8e,66f3c7b60076469b,contact,Engage Impactful Portals Webinar 2025,Webinar,No Show,False,2025-03-31,False
1c73f676b21a48d9,820e3f38dbe146bb,lead,Mesh Interactive Platforms Advertisement 2023,Email,Sent,False,2025-04-30,True
9db2fabc07384f35,38027b7773b444a2,contact,Optimize Strategic Supply-Chains Webinar 2023,Email,Sent,False,2025-01-13,True
7022d12e32454114,3de1ba830de74bc6,lead,Engage Impactful Portals Webinar 2025,Email,Sent,False,2025-04-10,True
40615031b51d420f,9b1b805d05864545,lead,Whiteboard Synergistic Initiatives Email 2025,Email,Clicked,True,2025-04-10,True
560c27926ebd4c62,d5d61c3a50e44043,contact,Orchestrate 24/7 Relationships Content Syndication 2024,Email,Sent,False,2023-12-31,True
782de76887ac4a66,c9f086f3e11043c8,contact,Target Collaborative Paradigms Social 2024,Social,Clicked,True,2024-12-11,True
99cf061f4ae6491a,dac1fb0ef8c24e17,lead,Streamline Distributed E-Markets Webinar 2023,Email,Sent,False,2025-04-13,False
76876d7351104673,f2777349935d4588,lead,Benchmark Rich Functionalities Event 2024,Event,No Show,False,2024-12-15,False
a94b61b55d3d4f96,8249636dbb074a18,lead,Harness Wireless Communities Content Syndication 2024,Email,Sent,False,2025-04-14,False
f7a614dc345247fd,14c41452160d40f4,contact,Monetize Out-Of-The-Box Content Social 2023,Email,Sent,False,2025-04-29,True
2c1586a3229b4f68,c65ca09a99d44d46,contact,Facilitate Web-Enabled Applications Email 2024,Email,Sent,False,2024-08-14,True
1a429c56f74c439a,61fa38db82654ca5,lead,Monetize Front-End Web Services Webinar 2024,Webinar,Attended,True,2024-06-30,True
684d4feddb65404e,d62348854f144843,lead,Disintermediate Wireless Applications Content Syndication 2024,Email,Sent,False,2024-04-13,False
2b6dfa2243f044c4,325e681919624ea9,lead,Re-Contextualize Extensible Technologies Email 2023,Email,Clicked,True,2024-12-13,False
15f0ef9856aa4764,8a2d4cc002b0472e,lead,Engage Impactful Portals Webinar 2025,Email,Sent,False,2024-02-05,True
4d219d54818b4ef0,108faca1020643bc,lead,Disintermediate Wireless Applications Content Syndication 2024,Content Syndication,Responded,True,2024-05-11,True
b6bcc5f116584247,3a7bb8157db94bfa,lead,Mesh Interactive Platforms Advertisement 2023,Advertisement,Viewed,False,2023-08-19,True
6d9edee811394d7a,f659b94c26a440d0,contact,Generate Next-Generation Markets Event 2025,Event,Registered,False,2025-01-14,True
98918c5b0e184a15,edaceec9b7ef4729,lead,Nurture Drip Sequence,Email,Sent,False,2025-03-19,True
9855c93e54594e14,4a6509f4e3164200,lead,Matrix Seamless Infrastructures Social 2024,Social,Clicked,True,2025-04-11,True
c77294b06e154d1c,5dcd316937174db6,lead,Embrace Out-Of-The-Box Networks Webinar 2023,Webinar,Registered,False,2025-04-14,True
0e76fe2aeaf6477d,e548daa6ea064625,lead,Generate Global Architectures Content Syndication 2025,Content Syndication,Sent,False,2024-10-10,True
e9df793dac854ace,d470dfac3c6544d9,lead,Generate Next-Generation Markets Event 2025,Event,Registered,False,2024-10-15,True
4ec366a500ef4552,8323bf2a154a4bdc,contact,Facilitate Web-Enabled Applications Email 2024,Email,Sent,False,2025-04-16,False
b3fad2a522834b08,eeb7351d5d714452,lead,Unleash Ubiquitous Channels Event 2025,Event,No Show,False,2024-09-19,False
36aa8361029d4456,9da2c8b1ac1143f9,lead,Grow Best-Of-Breed Users Event 2024,Event,No Show,False,2025-02-09,False
17b7b9d5b0294999,9968bb12a175448a,lead,Incubate Front-End E-Tailers Telemarketing 2025,Email,Sent,False,2025-04-30,False
aa40ce78dc674d22,53096329d289478b,lead,Evolve E-Business Markets Webinar 2023,Webinar,Registered,False,2025-03-31,True
8f1c222438254e9a,58347b37ac194162,contact,Mesh Interactive Platforms Advertisement 2023,Advertisement,Viewed,False,2023-10-13,True
435d34e33e72473f,c65ca09a99d44d46,contact,Optimize Strategic Supply-Chains Webinar 2023,Email,Sent,False,2025-04-08,True
16d1d2541fc648fe,d6a893b59d0f483d,lead,Target Collaborative Paradigms Social 2024,Social,Clicked,True,2025-04-13,False
e28ce406c10d463b,945892b5c4114cf9,lead,Utilize Visionary Eyeballs Webinar 2023,Webinar,Registered,False,2025-04-12,True
e4d3ac33cc584e21,820ceb3523964e88,contact,Engineer Robust Web Services Event 2024,Email,Sent,False,2024-12-21,True
2ba6577fa12d4466,7e42afa216f549bd,contact,Envisioneer Revolutionary Deliverables Content Syndication 2024,Content Syndication,Sent,False,2025-04-07,True
0edfa5ec90ba4803,a4a4341a54c846f6,lead,Facilitate Granular Web-Readiness Telemarketing 2024,Telemarketing,Responded,True,2025-04-11,True
836228d6537649fa,f669ca9a4acd434d,contact,Facilitate Web-Enabled Applications Email 2024,Email,Clicked,True,2025-04-13,False
89c68a588d0643dc,820e3f38dbe146bb,lead,Brand End-To-End Info-Mediaries Advertisement 2024,Email,Sent,False,2025-01-18,False
610a0fad67b948d0,4414acb563964586,lead,Monetize Clicks-And-Mortar Bandwidth Event 2023,Event,Registered,False,2024-11-23,True
6c0816fa9f364597,eeb7351d5d714452,lead,Deliver One-To-One Markets Email 2024,Email,Clicked,True,2025-04-27,False
ce85793d798146aa,316854ab6e974087,lead,Generate Next-Generation Markets Event 2025,Email,Sent,False,2025-04-11,False
8d77c4882d92405b,aa1d1b0d82c64927,lead,Deliver One-To-One Markets Email 2024,Email,Sent,False,2025-04-28,True
7c26dba59b5443fa,6af7009d16b544a9,lead,Benchmark Rich Functionalities Event 2024,Event,Attended,True,2024-10-04,False
a56c558e003f4fec,32e961efb8e64d0a,contact,Embrace Out-Of-The-Box Networks Webinar 2023,Webinar,Registered,False,2025-02-07,False
b9a68163bd0d483f,ce300319779040cb,lead,Monetize Out-Of-The-Box Content Social 2023,Email,Sent,False,2024-03-27,True
71e149b95d554b7b,ba9c502883e04267,contact,Envisioneer Revolutionary Deliverables Content Syndication 2024,Email,Sent,False,2025-01-06,False
106b724a9d3148aa,c80fe48b502c4043,contact,E-Enable Out-Of-The-Box Portals Social 2023,Email,Sent,False,2025-04-17,True
7121cf46e3cc47c8,26db812af63f4047,lead,Utilize Back-End Action-Items Advertisement 2025,Email,Sent,False,2025-02-03,True
3a08a39728bc4a8f,4414acb563964586,lead,Whiteboard Synergistic Initiatives Email 2025,Email,Opened,False,2024-07-03,False
b3cfad7fc9334fd1,6df4a54be9ac41f1,lead,Re-Contextualize Extensible Technologies Email 2023,Email,Clicked,True,2025-04-16,True
3c275f2e450b43c6,638283ed2b3b42ba,contact,Monetize Out-Of-The-Box Content Social 2023,Email,Sent,False,2023-09-05,True
d931e778ee6c4017,35a1c227f91647b2,lead,Re-Contextualize B2C Networks Social 2025,Social,Viewed,False,2025-04-08,True
867bd7215c9f4352,aa1d1b0d82c64927,lead,Generate B2B Eyeballs Webinar 2023,Email,Sent,False,2025-04-04,False
f0950fd1d3b84e2b,61fa38db82654ca5,lead,Unleash Ubiquitous Channels Event 2025,Event,Attended,True,2025-04-21,False
c618232e090a4acf,c64455e48bf64610,lead,Engage Impactful Portals Webinar 2025,Webinar,Attended,True,2024-09-10,False
07f6abe1d47145d1,3d22eb58e4b84734,lead,Generate B2B Eyeballs Webinar 2023,Email,Sent,False,2025-01-01,False
f725ab499b6d42f4,3d22eb58e4b84734,lead,Re-Contextualize Extensible Technologies Email 2023,Email,Sent,False,2023-08-25,True
5ad136e064ba4a99,638283ed2b3b42ba,contact,Monetize Clicks-And-Mortar Bandwidth Event 2023,Email,Sent,False,2025-04-03,True
23daa186b5c4432a,78f90616088a4ca4,lead,Embrace Out-Of-The-Box Networks Webinar 2023,Webinar,Registered,False,2023-06-11,True
fa964e58c27e44d8,0b30ac08153448ce,lead,Facilitate Web-Enabled Applications Email 2024,Email,Sent,False,2025-03-04,False
aa1b02e8ea924c72,0531414cfda844f2,lead,Integrate Open-Source Architectures Webinar 2023,Webinar,Registered,False,2025-04-15,True
bb2da8fd8d23409e,cf8add14b8744e58,lead,Re-Intermediate B2B Interfaces Event 2023,Event,Registered,False,2025-02-08,False
187260e2cbab4d10,45934305f11e4b62,lead,Target Collaborative Paradigms Social 2024,Social,Viewed,False,2024-11-29,True
bbf317592ede4eb5,800c6e0375524274,lead,Re-Contextualize Extensible Technologies Email 2023,Email,Sent,False,2025-02-10,False
d9ef7770b71749d3,7833119f50b24965,lead,Brand Visionary Models Advertisement 2024,Advertisement,Viewed,False,2025-04-06,True
67a3ef23273e4dea,44b6509d6c7f4310,lead,Disintermediate 24/7 Metrics Telemarketing 2024,Telemarketing,Sent,False,2025-04-25,False
e75dcca139d5406d,aad116ab6444433e,lead,Iterate Transparent Initiatives Social 2023,Social,Viewed,False,2025-04-19,True
956fabd8ae0b4224,d51df535d7f8447e,contact,Architect Viral Models Webinar 2024,Email,Sent,False,2025-03-08,True
885360111504427a,4a6509f4e3164200,lead,Monetize Clicks-And-Mortar Bandwidth Event 2023,Event,Registered,False,2025-01-03,True
7f1b9443f45d46d8,69c0e99ab94645b7,lead,Harness Wireless Communities Content Syndication 2024,Content Syndication,Sent,False,2025-04-03,True
f68d82740295429e,b157b34bc1b041d2,lead,Facilitate Granular Web-Readiness Telemarketing 2024,Telemarketing,Sent,False,2025-02-04,True
541b005fdddd40c7,6b9fe4129c9e4115,contact,Facilitate Web-Enabled Applications Email 2024,Email,Clicked,True,2023-05-22,False
90fb3394ad0d493b,9da2c8b1ac1143f9,lead,Architect Customized Partnerships Telemarketing 2024,Telemarketing,Responded,True,2024-11-11,True
09c71d4a9882416a,c3da9723707a430d,lead,Transition Efficient Deliverables Email 2024,Email,Sent,False,2024-03-08,True
124cfeb17a7c4e9e,8249636dbb074a18,lead,Unleash Ubiquitous Channels Event 2025,Email,Sent,False,2025-02-16,True
8f37c3a64f0f4dd8,edaceec9b7ef4729,lead,Nurture Drip Sequence,Email,Sent,False,2025-03-29,True
853dbb94070a490b,4345a36ec0a646bd,contact,Evolve E-Business Markets Webinar 2023,Webinar,Attended,True,2024-11-21,True
5271f932249b4626,4564b8d497fd4198,contact,Matrix Seamless Infrastructures Social 2024,Social,Clicked,True,2025-04-16,True
27f4be590afb413a,9d38418f6c59493c,contact,Brand Visionary Models Advertisement 2024,Advertisement,Viewed,False,2023-06-14,False
0be74bef44e8485c,4d443dd8ecfc4380,lead,Disintermediate 24/7 Metrics Telemarketing 2024,Email,Sent,False,2023-10-30,False
4ca4e87073e34e90,e14a09ec7da74137,contact,Harness Wireless Communities Content Syndication 2024,Content Syndication,Responded,True,2024-02-12,False
b5a0d3a596f5453c,6b676eeb51f340af,lead,Monetize Front-End Web Services Webinar 2024,Email,Sent,False,2023-10-14,False
6e15cadf2c0242c0,f09b58cd266740c3,lead,E-Enable Out-Of-The-Box Portals Social 2023,Email,Sent,False,2025-04-04,True
179ef78541e649c2,e0c14835e4144ac6,lead,Benchmark Rich Functionalities Event 2024,Email,Sent,False,2025-04-20,True
668f42a52ea24678,c80fe48b502c4043,contact,Benchmark Rich Functionalities Event 2024,Email,Sent,False,2025-04-11,True
269da89b607b43d7,c3fde48d45c44d9b,lead,Deliver One-To-One Markets Email 2024,Email,Clicked,True,2025-04-04,True
5ac7b3805c004134,08393fe814024e3b,contact,Matrix Seamless Infrastructures Social 2024,Social,Viewed,False,2025-04-26,True
8aeb4593aef34534,f238d76424b049a7,lead,Facilitate Granular Web-Readiness Telemarketing 2024,Telemarketing,Responded,True,2025-04-22,False
7680d14429524c5e,f45c994a5a57444b,contact,Re-Contextualize Extensible Technologies Email 2023,Email,Opened,False,2025-02-02,True
b6f7ba96587049ea,945892b5c4114cf9,lead,Re-Intermediate Visionary Convergence Webinar 2025,Webinar,No Show,False,2025-04-08,True
c12fbeb800f2488e,ee88dcaf0fd644e0,lead,Target Collaborative Paradigms Social 2024,Email,Sent,False,2023-09-12,True
4310e8fb3ffd450e,b3927f4c1415426c,lead,Harness Wireless Communities Content Syndication 2024,Content Syndication,Sent,False,2025-03-05,True
1fa3ec6942bd449a,fb0c3528914e4dd3,contact,Orchestrate End-To-End Models Event 2025,Event,No Show,False,2024-11-13,True
cd54a1f93a444184,08dd399a64b6426d,contact,Revolutionize Value-Added Deliverables Telemarketing 2023,Telemarketing,Sent,False,2023-09-23,True
39cb13f14c5c4483,e14a09ec7da74137,contact,Brand Leading-Edge Interfaces Telemarketing 2025,Telemarketing,Sent,False,2025-04-25,False
73a4d1492f4242c6,66f3c7b60076469b,contact,Facilitate Web-Enabled Applications Email 2024,Email,Opened,False,2025-01-15,True
45606dc826ee4808,66f3c7b60076469b,contact,Drive Next-Generation Communities Telemarketing 2025,Telemarketing,Responded,True,2025-04-10,False
85e7346042da4610,9da2c8b1ac1143f9,lead,Utilize Back-End Action-Items Advertisement 2025,Advertisement,Clicked,True,2025-01-29,True
dca2b17794974a5d,46f2f49e7f1b42b2,lead,Re-Contextualize Extensible Technologies Email 2023,Email,Clicked,True,2025-04-18,True
0d9be7fc59734e06,429413ad913f4749,lead,Redefine Cross-Media Synergies Webinar 2023,Webinar,Registered,False,2025-04-16,False
ffcee7e1aa0c427f,7148f92e3b0a4137,lead,Maximize Bleeding-Edge Convergence Webinar 2023,Webinar,Registered,False,2025-04-09,True
0aaa08a8915f42d8,75a95879804e4fbc,lead,Generate Next-Generation Markets Event 2025,Email,Sent,False,2024-11-28,True
c14d3fe794554a0c,38027b7773b444a2,contact,Revolutionize Value-Added Deliverables Telemarketing 2023,Email,Sent,False,2023-12-08,True
8163919a05344076,2d13a190df7f4473,contact,Unleash 24/7 E-Tailers Event 2025,Event,Registered,False,2025-04-06,True
46a364f0be9e4bad,8a4e20f67d2e4cf1,contact,Drive End-To-End Deliverables Advertisement 2024,Advertisement,Viewed,False,2024-12-14,True
787d25ded1fe40d8,26fb5134d77a49a8,lead,Target Collaborative Paradigms Social 2024,Social,Viewed,False,2025-02-17,True
66835abae28144f3,6f700a51bf594b00,lead,Utilize Back-End Action-Items Advertisement 2025,Advertisement,Clicked,True,2024-12-14,False
19963c6f2b6c4e51,317899368e174ef0,lead,Re-Contextualize Extensible Technologies Email 2023,Email,Sent,False,2024-06-09,False
5722eba2a57d42e3,4ab2ef10c0914af2,lead,Maximize Bleeding-Edge Convergence Webinar 2023,Email,Sent,False,2025-04-07,True
70830c1fb20847a5,d79666d1f6a54f29,lead,Re-Intermediate B2B Interfaces Event 2023,Email,Sent,False,2025-03-07,True
a70fbbfc117b4846,7d6f011f12664f23,contact,Unleash Cutting-Edge E-Markets Content Syndication 2025,Content Syndication,Sent,False,2024-01-14,True
73ff893e109d4b7d,beccb173d5b34730,lead,Matrix Wireless Solutions Advertisement 2025,Advertisement,Clicked,True,2024-09-29,False
47c118eb91a74131,d801501544064e42,lead,Disintermediate Wireless Applications Content Syndication 2024,Content Syndication,Responded,True,2024-01-18,True
d7c74d16875d46b9,8b3f30b35550489e,contact,Drive End-To-End Deliverables Advertisement 2024,Advertisement,Viewed,False,2023-09-26,True
6b4f20a33efe4256,bd63086e621b4ab8,contact,Utilize Visionary Eyeballs Webinar 2023,Webinar,Registered,False,2025-02-20,False
7de1b6e4cf9e47ee,d7aa9d22d1cb46db,contact,Disintermediate 24/7 Metrics Telemarketing 2024,Telemarketing,Sent,False,2025-01-01,True
4ac10874a5324674,ffe683e2820a4899,lead,Envisioneer Revolutionary Deliverables Content Syndication 2024,Content Syndication,Responded,True,2024-12-17,True
8f431febd9034cfe,d07a03dc43c14a9d,contact,Transition Efficient Deliverables Email 2024,Email,Clicked,True,2025-04-21,False
214634ad3fa04821,cfe102fcdc1a4cbb,contact,E-Enable Out-Of-The-Box Portals Social 2023,Social,Clicked,True,2025-04-04,True
ab2d61666b7048ac,3a562041231b4490,contact,Architect Viral Models Webinar 2024,Webinar,No Show,False,2024-12-16,True
d20bf17f7d5943c9,9e05e006f76f453a,lead,Orchestrate End-To-End Models Event 2025,Event,No Show,False,2025-04-20,True
0aeee4e5cb184c38,419d033ac92c4732,lead,Re-Intermediate B2B Interfaces Event 2023,Event,Attended,True,2024-12-02,False
e97a853def6f4784,edaceec9b7ef4729,lead,Nurture Drip Sequence,Email,Sent,False,2024-11-20,True
5ecdcb9c218a47e5,3f4aefe7c9e64292,contact,Brand End-To-End Info-Mediaries Advertisement 2024,Advertisement,Clicked,True,2024-11-04,True
60e49dbf76d1462e,1980a7068c854572,contact,Re-Intermediate B2B Interfaces Event 2023,Email,Sent,False,2025-01-03,False
5755a9ea98ae4d51,c1c9b37b5b3a41af,lead,Security Deep Dive Series,Webinar,Attended,True,2025-03-27,True
cb509f7b7a234e1f,6b35a212e3fa4148,contact,Mesh Interactive Platforms Advertisement 2023,Advertisement,Clicked,True,2025-04-25,False
66a75061f79b436e,03ce5d081a7f4655,lead,Evolve Extensible Deliverables Webinar 2023,Email,Sent,False,2023-11-28,False
11bbeab333e34396,419d033ac92c4732,lead,Integrate Open-Source Architectures Webinar 2023,Webinar,Attended,True,2024-11-30,False
26c2727a16e0499c,c8ba071217f14aef,contact,Matrix Wireless Solutions Advertisement 2025,Email,Sent,False,2024-06-11,True
0b5a960ea46849d6,f87817b8be7843e5,lead,Envisioneer Revolutionary Deliverables Content Syndication 2024,Email,Sent,False,2025-01-02,True
1519bb56cba34cf9,811c5bb83bdb407a,lead,Disintermediate 24/7 Metrics Telemarketing 2024,Telemarketing,Sent,False,2025-02-25,True
1ad519a31304447f,0f5539ac11034ddc,contact,Brand End-To-End Info-Mediaries Advertisement 2024,Advertisement,Viewed,False,2024-10-12,True
a6453a747d79471c,1127df2172c04f86,contact,Matrix Seamless Infrastructures Social 2024,Social,Clicked,True,2025-04-28,False
50f4045712eb46f3,325e681919624ea9,lead,Unleash Ubiquitous Channels Event 2025,Event,Registered,False,2023-11-13,True
eb7f1346c1e647d9,907b17412ee84ec4,lead,Disintermediate 24/7 Metrics Telemarketing 2024,Telemarketing,Sent,False,2023-08-24,False
739e6ffdb7064c61,638283ed2b3b42ba,contact,Envisioneer Holistic Web-Readiness Email 2024,Email,Sent,False,2025-04-23,True
f1753c86d25f49ee,2bca12bf4b4744b1,lead,Revolutionize Value-Added Deliverables Telemarketing 2023,Telemarketing,Sent,False,2025-02-05,True
0d4d2facabc44c70,b4fb65d391a3419f,contact,Drive End-To-End Deliverables Advertisement 2024,Email,Sent,False,2025-04-22,True
eb9a6fc49224400d,9ad467fe6c6b428d,lead,Redefine Cross-Media Synergies Webinar 2023,Webinar,Registered,False,2024-05-09,True
89b81940cf1c4f41,9c20faaa55be4c53,lead,Unleash 24/7 E-Tailers Event 2025,Email,Sent,False,2025-04-21,True
8272974f515d4e36,f9ab7902fbfc4877,contact,Matrix Seamless Infrastructures Social 2024,Social,Clicked,True,2025-04-27,False
d367569ac9104ddf,dccee8b900744391,lead,Architect Customized Partnerships Telemarketing 2024,Telemarketing,Sent,False,2025-01-10,True
cd623098eded44e5,90d53475283f4f71,contact,Generate Global Architectures Content Syndication 2025,Email,Sent,False,2025-04-26,False
d997b8494d9146d3,f27fad6d6dbf4411,lead,E-Enable Out-Of-The-Box Portals Social 2023,Social,Clicked,True,2025-02-04,False
469b3bcd73bc4c7c,5c9e16370a9e4239,lead,Embrace Out-Of-The-Box Networks Webinar 2023,Webinar,Attended,True,2025-03-23,False
675840c338c6431a,6b9fe4129c9e4115,contact,Mesh Interactive Platforms Advertisement 2023,Advertisement,Clicked,True,2025-04-08,True
bf200ec2bfc34266,4023c4102aed411a,contact,Brand Leading-Edge Interfaces Telemarketing 2025,Email,Sent,False,2023-11-18,True
f5477b6c87444728,d8f43e8c77994c1f,contact,Drive End-To-End Deliverables Advertisement 2024,Email,Sent,False,2025-02-14,True
d59b96d8b38f4fd4,878261dfb76c4fe8,contact,Brand End-To-End Info-Mediaries Advertisement 2024,Email,Sent,False,2025-02-02,True
165059a01e76452e,db686455f23d458b,contact,Unleash 24/7 E-Tailers Event 2025,Event,No Show,False,2025-04-07,False
c39d7005bdf04155,a4a4341a54c846f6,lead,Facilitate Granular Web-Readiness Telemarketing 2024,Telemarketing,Sent,False,2023-08-27,False
49051b69db73449a,96e989da68254457,contact,Engineer Robust Web Services Event 2024,Event,No Show,False,2025-04-09,True
f5b2452a0f164976,e9b0a11d7b46493d,contact,Brand End-To-End Info-Mediaries Advertisement 2024,Email,Sent,False,2025-04-09,False
ed2c58097dd842d7,b3927f4c1415426c,lead,Brand End-To-End Info-Mediaries Advertisement 2024,Advertisement,Clicked,True,2025-04-21,False
23658a5ab5f6445c,7ae7b272b9fa477f,contact,Engineer Robust Web Services Event 2024,Event,Registered,False,2025-03-22,False
c5a637aa92694635,52b4545820354322,lead,Matrix Seamless Infrastructures Social 2024,Email,Sent,False,2025-04-11,False
c3759275c8ba434d,a9b9beb598a64e0d,contact,Integrate Open-Source Architectures Webinar 2023,Webinar,Registered,False,2025-03-29,True
93acdd03024448cf,5842cd105f5e46b9,lead,Whiteboard Synergistic Initiatives Email 2025,Email,Clicked,True,2025-01-06,True
82fbed5fb98b4f8c,9c20faaa55be4c53,lead,Brand Leading-Edge Interfaces Telemarketing 2025,Email,Sent,False,2025-04-20,True
988e19268ecb45d3,abab5caf18864367,lead,Target Collaborative Paradigms Social 2024,Social,Viewed,False,2025-02-19,True
e8f79e673dbe486b,0fe3d748143a4969,lead,Generate B2B Eyeballs Webinar 2023,Webinar,No Show,False,2023-11-01,False
2bad427c2ce24bc9,5b4f1bee75d7423f,lead,Brand Visionary Models Advertisement 2024,Advertisement,Clicked,True,2024-05-07,True
a62678b2279a4a1e,9080f6f09a954df3,contact,Streamline Distributed E-Markets Webinar 2023,Webinar,Registered,False,2025-04-14,False
dc282a424c6e440f,a8a6d4d6a6874d47,contact,Mesh Interactive Platforms Advertisement 2023,Advertisement,Clicked,True,2025-04-04,False
644776fba4544228,a3377ad8c5bd40b4,lead,Extend Granular Schemas Email 2025,Email,Sent,False,2025-03-06,False
f948abb567284275,706eb9c1e30b456b,lead,Re-Contextualize B2C Networks Social 2025,Email,Sent,False,2025-04-19,True
7e6624654baa42d1,cc76e2431fcd482c,contact,Streamline 24/7 Systems Advertisement 2024,Advertisement,Clicked,True,2024-11-10,False
2a79249c1e024230,e548daa6ea064625,lead,Whiteboard Synergistic Initiatives Email 2025,Email,Clicked,True,2025-02-15,False
6493d3d3bc4d4fab,03ce5d081a7f4655,lead,Monetize Front-End Web Services Webinar 2024,Email,Sent,False,2024-05-01,True
0652fcfef6384ec9,edaceec9b7ef4729,lead,Nurture Drip Sequence,Email,Sent,False,2024-11-06,True
6e2d93f9db7c457a,ab194ad3aa9c4794,lead,Drive End-To-End Deliverables Advertisement 2024,Email,Sent,False,2025-04-21,False
94a21247efb0458a,eda537e2082d44a5,contact,Transition Efficient Deliverables Email 2024,Email,Sent,False,2024-06-08,True
f04859ccbfec490a,706eb9c1e30b456b,lead,Revolutionize Value-Added Deliverables Telemarketing 2023,Email,Sent,False,2023-12-25,True
c89edd6845434e38,f669ca9a4acd434d,contact,Streamline Distributed E-Markets Webinar 2023,Webinar,No Show,False,2025-04-20,False
b13aa892ef5d4ac1,3a7bb8157db94bfa,lead,Engineer Robust Web Services Event 2024,Event,No Show,False,2025-01-18,True
f6279394dca4430e,0e98a4323b7e417c,lead,Facilitate Granular Web-Readiness Telemarketing 2024,Telemarketing,Sent,False,2025-03-14,True
5f5a74208c334f81,91a804aad8c44fd5,contact,Architect Customized Partnerships Telemarketing 2024,Telemarketing,Responded,True,2025-04-18,True
9e1d72eacc4d4978,f43799fb22e54bf5,lead,Architect Customized Partnerships Telemarketing 2024,Email,Sent,False,2024-11-04,True
7437b9d2e9a54609,9642116fc89c4e04,lead,Envisioneer Holistic Web-Readiness Email 2024,Email,Sent,False,2025-01-09,True
0966476d839c43f0,2fd6518a5f314436,contact,Brand Leading-Edge Interfaces Telemarketing 2025,Email,Sent,False,2025-04-13,False
0a0ecfdf03334961,708e08ffce2b4624,contact,Envisioneer Holistic Web-Readiness Email 2024,Email,Sent,False,2025-03-14,False
e674dce45641409e,8323bf2a154a4bdc,contact,Streamline Distributed E-Markets Webinar 2023,Email,Sent,False,2024-12-18,True
15e9e55bee0d4c5e,c64455e48bf64610,lead,Envisioneer Revolutionary Deliverables Content Syndication 2024,Content Syndication,Sent,False,2023-05-03,False
6aa53b7ef8334ada,cdee4d4b7d564dc6,lead,Orchestrate End-To-End Models Event 2025,Event,No Show,False,2025-04-21,False
11cbffca61eb4ec1,ce300319779040cb,lead,Engineer Robust Web Services Event 2024,Email,Sent,False,2025-04-07,True
bb77fe70db98494f,3a07aefee2d74a30,lead,Re-Contextualize B2C Networks Social 2025,Social,Clicked,True,2024-07-23,False
c7a0ba0208ed4d95,5842cd105f5e46b9,lead,Monetize Clicks-And-Mortar Bandwidth Event 2023,Event,No Show,False,2025-01-19,True
f09a474aadeb48b9,fdb47da1507049a0,lead,Architect Customized Partnerships Telemarketing 2024,Email,Sent,False,2025-04-20,True
c2b418f4be8946f7,998fd075957d42ba,lead,Strategize Seamless Vortals Telemarketing 2025,Telemarketing,Responded,True,2025-04-03,True
8c1c9e304e644f74,e874b3fef9f44a20,lead,Deliver One-To-One Markets Email 2024,Email,Clicked,True,2025-01-12,True
ac3f91436e1b4500,50aa4e71898048be,contact,Harness Wireless Communities Content Syndication 2024,Content Syndication,Responded,True,2025-04-21,True
039cbe26b5e946e1,08dd399a64b6426d,contact,Evolve Extensible Deliverables Webinar 2023,Webinar,Attended,True,2025-04-28,False
17c6024d46544843,d62348854f144843,lead,Evolve Extensible Deliverables Webinar 2023,Email,Sent,False,2023-10-24,False
0c93355f74b54f7f,6af7009d16b544a9,lead,Revolutionize Value-Added Deliverables Telemarketing 2023,Telemarketing,Sent,False,2025-03-15,True
6f00cc7f99c8493c,c65ca09a99d44d46,contact,Monetize Clicks-And-Mortar Bandwidth Event 2023,Email,Sent,False,2025-04-03,True
26f005721855466e,29749fd8a29b4cc9,lead,Facilitate Web-Enabled Applications Email 2024,Email,Sent,False,2024-12-09,True
72170c32aafa41e1,357b506cdf6846be,lead,Maximize Bleeding-Edge Convergence Webinar 2023,Webinar,Attended,True,2023-07-03,False
c5ff0157aa424d5f,1b690874435840a4,lead,Target Mission-Critical Eyeballs Content Syndication 2025,Content Syndication,Responded,True,2025-01-02,True
196d6eaedcc04292,b3927f4c1415426c,lead,Generate Next-Generation Markets Event 2025,Event,Registered,False,2025-04-15,True
cc5a7dd839c148f1,eeb7351d5d714452,lead,Embrace Out-Of-The-Box Networks Webinar 2023,Webinar,Registered,False,2025-04-05,True
d0ebbd9d0c8845c7,74505e72ac204f2f,contact,Matrix Seamless Infrastructures Social 2024,Social,Clicked,True,2023-05-04,True
e794ba56f3b543ed,bd9a0bc7ede54328,lead,Monetize Out-Of-The-Box Content Social 2023,Social,Clicked,True,2023-06-06,False
0e72c710d63e4310,bc7ad1bc64c34569,lead,Incubate Front-End E-Tailers Telemarketing 2025,Telemarketing,Sent,False,2025-04-09,True
c39835040d824106,91cfea350f644b72,contact,Utilize Back-End Action-Items Advertisement 2025,Advertisement,Clicked,True,2025-04-01,False
3b23118b34194673,9dd0cecced544ec3,lead,Brand End-To-End Info-Mediaries Advertisement 2024,Advertisement,Clicked,True,2025-01-12,True
d524c51e2e374f79,73a85dc6a8814bfd,lead,Iterate Transparent Initiatives Social 2023,Social,Clicked,True,2024-12-05,True
508eed1ea44f4b65,6eaf4b12c4244a35,contact,Embrace Out-Of-The-Box Networks Webinar 2023,Webinar,No Show,False,2025-04-16,True
fea9c348e31e4c0d,c5f31bf488a34883,contact,Benchmark Rich Functionalities Event 2024,Email,Sent,False,2025-04-01,True
8566c07668dc4bec,c3fde48d45c44d9b,lead,Generate Next-Generation Markets Event 2025,Event,No Show,False,2023-10-29,True
1715d1bc122946d6,329b12ed8466497e,contact,Deliver One-To-One Markets Email 2024,Email,Sent,False,2024-11-10,True
52738a8ee63341bd,293082c6f08e48d3,contact,Drive Next-Generation Communities Telemarketing 2025,Telemarketing,Responded,True,2024-07-05,False
dbdde2736178488e,a5bda53840fc4022,lead,Re-Contextualize Extensible Technologies Email 2023,Email,Opened,False,2025-02-06,False
285f79f4949d4dd4,26fb5134d77a49a8,lead,Utilize Back-End Action-Items Advertisement 2025,Advertisement,Clicked,True,2024-12-10,True
a78f6b148b154cb3,6e5dd68a6abd44b2,contact,Harness Dynamic Relationships Telemarketing 2023,Telemarketing,Sent,False,2024-12-11,False
b011126e629c43e2,28d04c644bb94888,lead,Monetize Clicks-And-Mortar Bandwidth Event 2023,Email,Sent,False,2024-05-22,True
37234aa0c68f4ed1,65f97209bb6943b6,contact,Monetize Out-Of-The-Box Content Social 2023,Social,Viewed,False,2025-04-09,False
a4a04ce2bd5e44ba,0d97159d8b2c43d1,lead,Optimize Strategic Supply-Chains Webinar 2023,Webinar,Registered,False,2024-05-30,True
74aa4d49d8714c31,3f4aefe7c9e64292,contact,Evolve E-Business Markets Webinar 2023,Webinar,Registered,False,2023-10-26,False
659618faec2e489d,4023c4102aed411a,contact,Drive End-To-End Deliverables Advertisement 2024,Email,Sent,False,2023-06-20,False
caa29e24e36a44e1,f0e96d76ce2349ee,contact,Integrate Open-Source Architectures Webinar 2023,Webinar,No Show,False,2023-06-26,True
b07d9f60c13f4266,46f2f49e7f1b42b2,lead,Integrate Open-Source Architectures Webinar 2023,Webinar,No Show,False,2025-03-03,True
bc4f172209654451,e6849e4f549c4a22,lead,Generate B2B Eyeballs Webinar 2023,Webinar,Registered,False,2024-11-16,True
7679b4037aea414f,7e42afa216f549bd,contact,Integrate Open-Source Architectures Webinar 2023,Webinar,Registered,False,2025-04-08,False
7caa6c78e53f4cfe,b9f8876d931449ff,lead,Maximize Bleeding-Edge Convergence Webinar 2023,Webinar,No Show,False,2024-01-25,True
e78b3048542c4cd4,1cf5c8a3f4d14f40,lead,Architect Viral Models Webinar 2024,Webinar,No Show,False,2025-04-25,False
cef3afcb2c794521,9c20faaa55be4c53,lead,Mesh Interactive Platforms Advertisement 2023,Email,Sent,False,2025-04-15,True
81402906f1c04625,99b4fd6a49d44b40,lead,Re-Intermediate B2B Interfaces Event 2023,Event,No Show,False,2025-04-05,True
a556d87dbc7143fa,64fd54a58d2a41ed,lead,Maximize Bleeding-Edge Convergence Webinar 2023,Email,Sent,False,2025-02-13,False
a86a82e67a8f4ad5,3a562041231b4490,contact,Envisioneer Revolutionary Deliverables Content Syndication 2024,Content Syndication,Responded,True,2025-04-05,True
382445c9e9e5418d,998fd075957d42ba,lead,Orchestrate End-To-End Models Event 2025,Event,Registered,False,2024-09-05,False
585db361f2d144a9,7140a2cd48714340,contact,Unleash Ubiquitous Channels Event 2025,Event,Attended,True,2024-03-30,False
163e5d71af784ebb,79c8f886b2b44f29,contact,Benchmark Rich Functionalities Event 2024,Event,Registered,False,2024-11-07,True
2feb4a0b7dff471c,26db812af63f4047,lead,Envisioneer Holistic Web-Readiness Email 2024,Email,Sent,False,2024-07-07,False
3b72825b0e0f4c55,800c6e0375524274,lead,Harness Dynamic Relationships Telemarketing 2023,Email,Sent,False,2025-01-30,True
fa8e4900d4874a54,4319336b7b074a06,contact,Orchestrate 24/7 Relationships Content Syndication 2024,Content Syndication,Sent,False,2025-01-18,False
1f59b60213514ec5,3f4aefe7c9e64292,contact,Drive Next-Generation Communities Telemarketing 2025,Telemarketing,Sent,False,2025-04-19,True
4c447a1614eb4ec6,851031771d1d475b,contact,Brand Leading-Edge Interfaces Telemarketing 2025,Telemarketing,Sent,False,2025-01-20,False
bbaf1849123b474d,851031771d1d475b,contact,Disintermediate Wireless Applications Content Syndication 2024,Content Syndication,Responded,True,2023-07-01,False
9ccbf8f714ee4330,8323bf2a154a4bdc,contact,Engineer Robust Web Services Event 2024,Email,Sent,False,2025-04-13,False
df9f57a6c15d44e7,d10f117fe5de4b99,lead,Benchmark Rich Functionalities Event 2024,Event,No Show,False,2024-12-10,True
c04319ff39834fd8,7b8dae74c12a487f,lead,Extend Granular Schemas Email 2025,Email,Sent,False,2024-03-31,True
d8c9c5ba6abe4578,293082c6f08e48d3,contact,Engineer Robust Web Services Event 2024,Event,Registered,False,2024-12-12,False
cb459c27601c452f,0fe3d748143a4969,lead,Matrix Wireless Solutions Advertisement 2025,Advertisement,Viewed,False,2025-04-24,False
dfd09feba4a14f2b,4e05b0b7d84e468e,lead,Unleash Cutting-Edge E-Markets Content Syndication 2025,Content Syndication,Responded,True,2024-11-05,False
2c38a02d82894d46,f43799fb22e54bf5,lead,Embrace Out-Of-The-Box Networks Webinar 2023,Email,Sent,False,2025-04-22,False
eddc3977cf984f6e,9bd395cc2abb4996,lead,Engage Impactful Portals Webinar 2025,Webinar,Attended,True,2025-04-30,True
fab557b83abc4a02,3e751658cf3942e2,lead,Disintermediate 24/7 Metrics Telemarketing 2024,Telemarketing,Sent,False,2024-12-03,False
4489a74ceda649e5,ff5982f5b3f6458b,lead,Maximize Bleeding-Edge Convergence Webinar 2023,Email,Sent,False,2025-04-29,True
7c4f1dad6ead490f,1980a7068c854572,contact,Unleash Cutting-Edge E-Markets Content Syndication 2025,Email,Sent,False,2024-08-23,True
6392e52b42e54bf5,d7aa9d22d1cb46db,contact,Architect Customized Partnerships Telemarketing 2024,Telemarketing,Sent,False,2024-04-02,False
376309ec2e6547db,14e87529bf5443a7,contact,Disintermediate Wireless Applications Content Syndication 2024,Content Syndication,Sent,False,2025-04-02,True
cff7a0f6e51141ba,0bf8b4cd1cdd45c9,contact,Matrix Seamless Infrastructures Social 2024,Email,Sent,False,2025-04-15,True
4c226bd411f64aeb,da3a787347a14c02,lead,Target Collaborative Paradigms Social 2024,Social,Viewed,False,2024-11-21,True
c5c2d8c99e044836,d0403b022dde4699,lead,Benchmark Rich Functionalities Event 2024,Event,Registered,False,2025-04-27,True
9dd10dffd64b4e33,9bd395cc2abb4996,lead,Streamline 24/7 Systems Advertisement 2024,Advertisement,Clicked,True,2024-11-05,False
038b2f9aaffe41bb,5e61ac8e6648407c,contact,Streamline 24/7 Systems Advertisement 2024,Email,Sent,False,2025-04-02,True
d6153e9185814f71,0bbe89a78b724847,lead,Generate Next-Generation Markets Event 2025,Event,Attended,True,2024-12-09,False
519f3a8789834399,45d0cf21efe2488b,contact,Redefine Cross-Media Synergies Webinar 2023,Email,Sent,False,2025-04-04,False
b5d876737fba4cd5,9da2c8b1ac1143f9,lead,Evolve E-Business Markets Webinar 2023,Webinar,Registered,False,2025-04-04,True
e7bb18757cbf4645,153d63dc505f4cad,contact,Generate B2B Eyeballs Webinar 2023,Webinar,Attended,True,2024-12-19,False
a1818398e1764659,18f66fedf13f408c,lead,Engineer Robust Web Services Event 2024,Event,No Show,False,2025-04-24,True
ab2c86d6f9b2497d,1d03a14f406c4134,lead,Evolve Extensible Deliverables Webinar 2023,Webinar,Attended,True,2025-04-23,True
2ace2e6873894bec,f0fddac0313d4f8c,lead,Whiteboard Synergistic Initiatives Email 2025,Email,Sent,False,2024-07-28,False
ceb757ce0e894060,e79ae282252a44a9,contact,Generate Global Architectures Content Syndication 2025,Content Syndication,Sent,False,2023-05-19,True
a858880b07884a74,40f9fa74e1f64eac,lead,Harness Wireless Communities Content Syndication 2024,Content Syndication,Sent,False,2025-02-23,True
11e567ee162f4a11,09bc0e068421492d,lead,Disintermediate 24/7 Metrics Telemarketing 2024,Telemarketing,Sent,False,2024-12-25,False
1dfcfcc37926403a,376af98dadbe4683,lead,Whiteboard Synergistic Initiatives Email 2025,Email,Sent,False,2023-06-06,True
0f8c077510894c67,0fe3d748143a4969,lead,Disintermediate Wireless Applications Content Syndication 2024,Content Syndication,Responded,True,2023-10-05,True
d37392033a0840bb,f901e483d8754602,lead,Architect Viral Models Webinar 2024,Webinar,Attended,True,2025-04-16,True
8641ee98f4714c9a,980c68397185438f,contact,Facilitate Granular Web-Readiness Telemarketing 2024,Telemarketing,Responded,True,2025-03-22,False
6d848a03698a4a70,153d63dc505f4cad,contact,Re-Contextualize B2C Networks Social 2025,Social,Clicked,True,2024-12-09,True
f47dd67627b948ba,e6fe353aa34e40f1,contact,Monetize Clicks-And-Mortar Bandwidth Event 2023,Event,No Show,False,2024-12-22,True
816cd1a97a9c47f4,61fa38db82654ca5,lead,Re-Intermediate B2B Interfaces Event 2023,Event,No Show,False,2025-04-05,False
20fe8c107f3d480d,8db58b1b80cf4a3b,lead,Disintermediate 24/7 Metrics Telemarketing 2024,Telemarketing,Responded,True,2025-04-09,True
93e4aaa41cff4936,c80fe48b502c4043,contact,Monetize Front-End Web Services Webinar 2024,Email,Sent,False,2023-05-27,True
91f8b49939dc47d3,811c5bb83bdb407a,lead,Streamline Distributed E-Markets Webinar 2023,Webinar,No Show,False,2023-05-25,True
38014eb16a284b65,0531414cfda844f2,lead,Architect Viral Models Webinar 2024,Webinar,No Show,False,2023-05-28,False
9f9fd8341d084431,3f61e90d70704b2c,lead,Iterate Transparent Initiatives Social 2023,Email,Sent,False,2025-04-23,False
4dc4c0af70b84e33,d51df535d7f8447e,contact,Target Mission-Critical Eyeballs Content Syndication 2025,Email,Sent,False,2024-01-24,True
2b9f218676754397,97c325d1ea5f44f8,lead,Disintermediate 24/7 Metrics Telemarketing 2024,Telemarketing,Sent,False,2025-01-29,True
7e8bff6d807e4a72,dedd62e20ccf48fc,lead,Grow Best-Of-Breed Users Event 2024,Event,No Show,False,2025-01-21,True
e67f18476eb94328,69c3140a5b894d8b,lead,Facilitate Granular Web-Readiness Telemarketing 2024,Telemarketing,Responded,True,2024-06-08,False
8973de7de073434e,c75985c20800406f,lead,Unleash 24/7 E-Tailers Event 2025,Event,Registered,False,2025-03-21,True
7ea2fb8c33734fbe,f669ca9a4acd434d,contact,Target Mission-Critical Eyeballs Content Syndication 2025,Content Syndication,Sent,False,2025-04-09,True
52e761535cc54f64,79ae9be297ac4ed8,lead,Brand End-To-End Info-Mediaries Advertisement 2024,Advertisement,Clicked,True,2025-04-24,True
ede22b168e054536,a8615e69154d464b,lead,Deliver One-To-One Markets Email 2024,Email,Clicked,True,2025-03-09,True
bbe1156e44c94462,4e05b0b7d84e468e,lead,Unleash 24/7 E-Tailers Event 2025,Event,No Show,False,2023-07-11,False
7a371517e97f451a,b9f8876d931449ff,lead,Matrix Wireless Solutions Advertisement 2025,Advertisement,Viewed,False,2025-04-29,True
3e97504afa0447f9,32e961efb8e64d0a,contact,Generate Next-Generation Markets Event 2025,Event,Attended,True,2025-04-11,True
3489a1f949d54923,10dc907c214a4d97,lead,Orchestrate End-To-End Models Event 2025,Event,No Show,False,2025-01-24,True
9e8ae13288a34a8a,a5bda53840fc4022,lead,Orchestrate End-To-End Models Event 2025,Event,Registered,False,2024-12-30,True
6df1c2425b9b40c8,4e05b0b7d84e468e,lead,Optimize Strategic Supply-Chains Webinar 2023,Webinar,Attended,True,2024-12-09,True
5facacf72c8f4730,8323bf2a154a4bdc,contact,Grow Best-Of-Breed Users Event 2024,Email,Sent,False,2025-01-18,True
e5a3b4aa9bd24000,e79ae282252a44a9,contact,Revolutionize Value-Added Deliverables Telemarketing 2023,Telemarketing,Sent,False,2025-03-29,False
18a8389d6d8f467d,722b25ed59234651,contact,Integrate Open-Source Architectures Webinar 2023,Webinar,Registered,False,2025-03-08,False
341e4cdf1eff4c97,e5866106d9544a03,contact,Optimize Strategic Supply-Chains Webinar 2023,Email,Sent,False,2024-11-28,True
ac4e73a2260e4f86,58347b37ac194162,contact,Re-Intermediate B2B Interfaces Event 2023,Event,No Show,False,2024-12-11,True
967b53585a1541a1,19ff62cb0162456c,lead,Matrix Seamless Infrastructures Social 2024,Social,Clicked,True,2024-12-03,False
ba819b76ea324410,57a6edd2b0744232,lead,Unleash 24/7 E-Tailers Event 2025,Email,Sent,False,2025-02-01,False
0c20bf64497f41af,0fe3d748143a4969,lead,Unleash 24/7 E-Tailers Event 2025,Event,Registered,False,2025-04-23,True
18c3662b12854bee,708e08ffce2b4624,contact,Deliver One-To-One Markets Email 2024,Email,Sent,False,2024-01-10,True
fcefa57addf94f02,c63fc11748f14133,contact,Whiteboard Synergistic Initiatives Email 2025,Email,Opened,False,2024-10-26,True
f369f77d80eb4c11,878261dfb76c4fe8,contact,Matrix Seamless Infrastructures Social 2024,Email,Sent,False,2025-04-04,False
96580a29a2824854,3de3b62bbd374572,contact,Matrix Seamless Infrastructures Social 2024,Social,Clicked,True,2025-04-05,True
a7614c156468450e,adce8665be49405a,lead,Utilize Visionary Eyeballs Webinar 2023,Webinar,No Show,False,2025-04-04,False
5aa2de02caea4916,d6a893b59d0f483d,lead,Facilitate Granular Web-Readiness Telemarketing 2024,Telemarketing,Responded,True,2023-10-25,True
be8a536086b04e36,b5daae610cca458d,lead,Utilize Back-End Action-Items Advertisement 2025,Advertisement,Clicked,True,2025-04-10,True
ee1acdb6d0b545f5,e548daa6ea064625,lead,Benchmark Rich Functionalities Event 2024,Event,Registered,False,2025-04-06,True
137d6e107ed44d5a,3a07aefee2d74a30,lead,Evolve E-Business Markets Webinar 2023,Webinar,Registered,False,2025-04-18,False
e4ba36b183f94c9b,8ab8089b41044dcd,contact,Incubate Front-End E-Tailers Telemarketing 2025,Email,Sent,False,2025-04-12,True
590b3a887e73499b,8c2c1549327b4f3a,contact,Streamline 24/7 Systems Advertisement 2024,Advertisement,Clicked,True,2025-02-19,True
5290e6acf01446ca,cc76e2431fcd482c,contact,Redefine Cross-Media Synergies Webinar 2023,Webinar,Attended,True,2025-03-20,False
43e9e13da51b41ac,2fc1afec34144c60,contact,Generate Global Architectures Content Syndication 2025,Content Syndication,Responded,True,2025-01-01,False
b6b1d6ddf52245ed,100d409f31a14510,contact,Evolve Extensible Deliverables Webinar 2023,Webinar,Registered,False,2025-01-01,True
0ca042c3a2ed4517,ab0ce0dc0056419a,lead,Evolve E-Business Markets Webinar 2023,Email,Sent,False,2024-09-13,False
c63d692352e14103,10d3c9a79c2c4edc,lead,Orchestrate End-To-End Models Event 2025,Event,No Show,False,2024-11-13,True
675cf61fe8374af9,6eaf4b12c4244a35,contact,E-Enable Out-Of-The-Box Portals Social 2023,Social,Clicked,True,2024-06-12,False
c311f5a5fc464ec4,1178992d75f04fb8,contact,Iterate Transparent Initiatives Social 2023,Social,Viewed,False,2025-04-30,False
7cee7f5602544f13,e79ae282252a44a9,contact,Revolutionize Value-Added Deliverables Telemarketing 2023,Telemarketing,Sent,False,2025-02-21,True
bb1f9ff29ef24e4a,ab0ce0dc0056419a,lead,Unleash Cutting-Edge E-Markets Content Syndication 2025,Email,Sent,False,2025-04-07,False
4e89e74bb30b4565,0b30ac08153448ce,lead,Architect Customized Partnerships Telemarketing 2024,Email,Sent,False,2025-04-21,True
fc6950ff15954a27,46f2f49e7f1b42b2,lead,Re-Intermediate Visionary Convergence Webinar 2025,Webinar,No Show,False,2025-04-05,True
adf62a2df84d4cbe,26fb5134d77a49a8,lead,Redefine Cross-Media Synergies Webinar 2023,Webinar,No Show,False,2025-03-18,True
ead2a3c6391c4241,26fb5134d77a49a8,lead,Extend Granular Schemas Email 2025,Email,Opened,False,2023-11-16,True
61feff271bf24e66,6d5e659fd2064786,lead,Grow Best-Of-Breed Users Event 2024,Event,No Show,False,2024-08-26,False
8fadaba4719d46ea,d5d61c3a50e44043,contact,Disintermediate Wireless Applications Content Syndication 2024,Email,Sent,False,2025-02-25,True
abdf1db9deb24680,88354bc79753474f,lead,Engage Impactful Portals Webinar 2025,Email,Sent,False,2025-04-02,True
a23134a18c3f4d0d,2080e7be141a4019,lead,Orchestrate End-To-End Models Event 2025,Email,Sent,False,2025-04-17,True
f5f578aa65b54bf5,b9f8876d931449ff,lead,E-Enable Out-Of-The-Box Portals Social 2023,Social,Clicked,True,2025-04-01,True
1c300e2daa2446a0,6b9fe4129c9e4115,contact,Target Mission-Critical Eyeballs Content Syndication 2025,Content Syndication,Sent,False,2025-04-26,True
7c2a6daa34d64bc5,a8daf6d15e754092,lead,Harness Dynamic Relationships Telemarketing 2023,Email,Sent,False,2025-04-23,False
7a7c1c9b93794d07,4023c4102aed411a,contact,Monetize Out-Of-The-Box Content Social 2023,Email,Sent,False,2025-04-24,True
096f642be3594b27,1bad641b07e74709,lead,Strategize Seamless Vortals Telemarketing 2025,Telemarketing,Responded,True,2025-04-27,True
acefdf2f842741a1,4023c4102aed411a,contact,Monetize Out-Of-The-Box Content Social 2023,Email,Sent,False,2025-04-30,True
fad1b393d2f448bd,414b6112183144bd,lead,Streamline 24/7 Systems Advertisement 2024,Advertisement,Viewed,False,2023-09-07,True
ae6346f4451e4d80,a83cf0a526a64743,contact,Generate Next-Generation Markets Event 2025,Event,Registered,False,2024-11-12,True
8d2cfb2ff7c642ba,26db812af63f4047,lead,Harness Wireless Communities Content Syndication 2024,Email,Sent,False,2024-12-16,True
4adb188e3ddd4326,a4a4341a54c846f6,lead,Drive Next-Generation Communities Telemarketing 2025,Telemarketing,Sent,False,2025-04-25,True
e917adb3b2cd4df2,28d04c644bb94888,lead,Benchmark Rich Functionalities Event 2024,Email,Sent,False,2024-12-13,True
458d963960c64ef5,d1d54aeec03447f1,contact,Maximize Bleeding-Edge Convergence Webinar 2023,Email,Sent,False,2025-04-05,False
f254a5a1b467452d,706eb9c1e30b456b,lead,Disintermediate Wireless Applications Content Syndication 2024,Email,Sent,False,2023-07-27,True
58c36ed82a1d4ee1,e5145b2f85524b1c,lead,Incubate Front-End E-Tailers Telemarketing 2025,Telemarketing,Sent,False,2023-07-02,False
cbd00a7c85d5442d,1cf5c8a3f4d14f40,lead,Matrix Wireless Solutions Advertisement 2025,Advertisement,Clicked,True,2025-04-19,True
78a8c88ce3f34b06,3eaf6a3577694671,lead,Target Mission-Critical Eyeballs Content Syndication 2025,Content Syndication,Responded,True,2025-03-01,False
270c6f8431724d3b,9d38418f6c59493c,contact,Drive Next-Generation Communities Telemarketing 2025,Telemarketing,Sent,False,2025-03-16,False
51f56c7d19a34cee,5a1a8de319284d1c,lead,E-Enable Seamless E-Commerce Event 2025,Email,Sent,False,2025-01-14,True
8ad4043dc1684faa,fbdf1bcc8b734f72,lead,Redefine Cross-Media Synergies Webinar 2023,Email,Sent,False,2025-02-11,False
b619877ea9714ba4,9c20faaa55be4c53,lead,E-Enable Out-Of-The-Box Portals Social 2023,Email,Sent,False,2025-04-18,False
6eb34c0acbf742c3,3e751658cf3942e2,lead,Security Summit Webinar 2025,Webinar,Attended,True,2025-04-23,True
63f5a2dd53654300,75697ac8f1844175,lead,Target Collaborative Paradigms Social 2024,Social,Viewed,False,2024-02-23,True
2c9b6dc52d90485e,8dfaee071d424e98,contact,Utilize Visionary Eyeballs Webinar 2023,Webinar,Registered,False,2024-10-15,True
c35e7929604f4b0c,e125e1c50d9046ae,lead,Target Mission-Critical Eyeballs Content Syndication 2025,Content Syndication,Responded,True,2025-03-12,True
f4f8eb64cbec4008,a3377ad8c5bd40b4,lead,Engage Impactful Portals Webinar 2025,Webinar,Registered,False,2024-10-12,True
009329021df14bcf,45934305f11e4b62,lead,Engineer Robust Web Services Event 2024,Event,Attended,True,2025-01-31,True
d92aa37d544649f9,d373575bfc004a77,lead,Engage Impactful Portals Webinar 2025,Webinar,No Show,False,2024-02-23,False
1717515ef0374ad9,685651ac361540d8,lead,Deliver One-To-One Markets Email 2024,Email,Clicked,True,2023-12-21,True
df60f9690c6d4f7d,9968bb12a175448a,lead,Re-Intermediate B2B Interfaces Event 2023,Email,Sent,False,2024-02-27,False
5c6c045187904c05,ab0ce0dc0056419a,lead,Disintermediate 24/7 Metrics Telemarketing 2024,Email,Sent,False,2024-12-19,False
5d25b8843c9242e9,382084a4874349f5,lead,Strategize Seamless Vortals Telemarketing 2025,Email,Sent,False,2025-04-01,False
c3125a23ee92446a,3e751658cf3942e2,lead,Facilitate Granular Web-Readiness Telemarketing 2024,Telemarketing,Responded,True,2025-04-13,True
bb5af14c0fd3463e,05a3804142f546ea,lead,Brand End-To-End Info-Mediaries Advertisement 2024,Email,Sent,False,2023-06-12,True
5f29aab7581b4731,9da2c8b1ac1143f9,lead,Evolve E-Business Markets Webinar 2023,Webinar,Attended,True,2024-11-13,True
acc06e6f907d44c9,e6fe353aa34e40f1,contact,Brand Leading-Edge Interfaces Telemarketing 2025,Telemarketing,Sent,False,2025-04-13,False
e1dcf36e1cd84121,49d617844ed945da,lead,Disintermediate Wireless Applications Content Syndication 2024,Content Syndication,Responded,True,2025-04-20,True
fc83d7081e8c40e7,9892cccbf234476a,lead,Deliver One-To-One Markets Email 2024,Email,Sent,False,2025-04-19,False
9f46fadc3d724cda,b3927f4c1415426c,lead,Embrace Out-Of-The-Box Networks Webinar 2023,Webinar,No Show,False,2023-11-20,False
c97b8a5ac3544b42,9ce96d13f97045d4,contact,Disintermediate Wireless Applications Content Syndication 2024,Content Syndication,Responded,True,2025-03-22,True
3d1edcb4f734444e,0bf8b4cd1cdd45c9,contact,Matrix Seamless Infrastructures Social 2024,Email,Sent,False,2024-11-24,False
3f12378ebfa64efd,2eb104fc6a944a08,contact,Maximize Bleeding-Edge Convergence Webinar 2023,Webinar,No Show,False,2025-04-07,True
4a690b8530dc482e,8e330830f7ec44fd,lead,Re-Intermediate Visionary Convergence Webinar 2025,Email,Sent,False,2023-05-16,True
c4ac1eee0b9e486c,c80fe48b502c4043,contact,Utilize Visionary Eyeballs Webinar 2023,Email,Sent,False,2025-03-22,True
e9ea52ce3f434bd4,d07a03dc43c14a9d,contact,Utilize Back-End Action-Items Advertisement 2025,Advertisement,Viewed,False,2025-02-20,True
af2ea585ccec4b49,f669ca9a4acd434d,contact,Streamline 24/7 Systems Advertisement 2024,Advertisement,Viewed,False,2024-11-03,True
37d5de6c375a4afe,4a6509f4e3164200,lead,Matrix Seamless Infrastructures Social 2024,Social,Clicked,True,2024-11-11,False
8bc5a3446da24050,0f94757f77ba49bf,contact,Generate Next-Generation Markets Event 2025,Email,Sent,False,2024-12-08,True
2cc04943ee984aaa,6df4a54be9ac41f1,lead,Revolutionize Value-Added Deliverables Telemarketing 2023,Telemarketing,Sent,False,2025-04-12,False
75cb19f40cbc4fb9,21c2c51d36104704,contact,Redefine Cross-Media Synergies Webinar 2023,Webinar,Registered,False,2025-03-15,False
fda204febfa04087,325e681919624ea9,lead,Matrix Seamless Infrastructures Social 2024,Social,Clicked,True,2023-07-14,True
57fba93676494f4c,c4d63c4b69cb46f3,contact,Re-Intermediate B2B Interfaces Event 2023,Event,No Show,False,2025-04-16,True
48051faa261d410d,44622dae5b224bbd,contact,Extend Granular Schemas Email 2025,Email,Opened,False,2024-08-12,False
474fa496bb794469,55c9c9d5e237444c,lead,Streamline 24/7 Systems Advertisement 2024,Email,Sent,False,2025-03-16,True
152f28acfa344be1,ff5982f5b3f6458b,lead,Integrate Open-Source Architectures Webinar 2023,Email,Sent,False,2024-07-24,True
277d52ca1aaf4dc8,55c9c9d5e237444c,lead,Revolutionize Value-Added Deliverables Telemarketing 2023,Email,Sent,False,2024-06-20,True
3ae8c2d4d2ba420c,eeb7351d5d714452,lead,Strategize Seamless Vortals Telemarketing 2025,Telemarketing,Sent,False,2024-12-09,True
d0b98159369e40e3,27d652b7a0984a3f,lead,Architect Customized Partnerships Telemarketing 2024,Telemarketing,Responded,True,2025-04-01,True
c0e5dfb873c6471e,8ea8b95233b04730,contact,Orchestrate 24/7 Relationships Content Syndication 2024,Email,Sent,False,2023-08-02,False
9f5a60433fa8440f,3a07aefee2d74a30,lead,Monetize Front-End Web Services Webinar 2024,Webinar,No Show,False,2023-08-27,True
2f6db239dd894446,21c2c51d36104704,contact,Orchestrate End-To-End Models Event 2025,Event,No Show,False,2024-11-25,False
09922f73e55b4658,f659b94c26a440d0,contact,Monetize Front-End Web Services Webinar 2024,Webinar,No Show,False,2024-06-01,False
bcf6e905535c44ee,91b3ed7f6b8344d2,lead,Whiteboard Synergistic Initiatives Email 2025,Email,Opened,False,2024-02-04,True
35054a78d68b4e42,8607ea8042cc4d4b,contact,Re-Intermediate B2B Interfaces Event 2023,Event,No Show,False,2025-04-16,False
1d1e76223cd7407c,036deccc5cd94143,lead,Evolve Extensible Deliverables Webinar 2023,Webinar,Registered,False,2024-05-31,False
1023c49d2c83499e,d7aa9d22d1cb46db,contact,Engineer Robust Web Services Event 2024,Event,Registered,False,2025-04-02,False
a3ac45de739d40ca,57a6edd2b0744232,lead,Grow Best-Of-Breed Users Event 2024,Email,Sent,False,2025-04-08,True
1e5df8e9c6154b5b,6b9fe4129c9e4115,contact,Envisioneer Holistic Web-Readiness Email 2024,Email,Sent,False,2025-01-23,True
ebbf93b9841c4419,16bd3a8326c74630,lead,Monetize Out-Of-The-Box Content Social 2023,Social,Viewed,False,2023-10-22,True
7aa0572360204ae2,967c03efb2f64c58,lead,Brand End-To-End Info-Mediaries Advertisement 2024,Advertisement,Viewed,False,2025-03-16,True
5ceaf73273c34c89,4aac9ce850fb4171,lead,Whiteboard Synergistic Initiatives Email 2025,Email,Sent,False,2025-01-20,True
e5a5f8bd86bf4015,a412f436ee5e4dc0,contact,Engage Impactful Portals Webinar 2025,Webinar,Attended,True,2025-04-20,False
9082d1e4a5ca4efd,384291ce34534af3,lead,Maximize Bleeding-Edge Convergence Webinar 2023,Webinar,Registered,False,2024-06-10,True
1716704c14cc44d3,341602abd5d14d35,lead,Harness Dynamic Relationships Telemarketing 2023,Email,Sent,False,2024-12-24,True
0e68ffe462414db3,eeb7351d5d714452,lead,Brand Visionary Models Advertisement 2024,Advertisement,Viewed,False,2024-03-01,False
49a1cc65f63b4cb5,3f4aefe7c9e64292,contact,Engage Impactful Portals Webinar 2025,Webinar,Attended,True,2025-04-06,True
865c5133f6084b4c,c3e0be5d27eb4009,lead,Embrace Out-Of-The-Box Networks Webinar 2023,Webinar,No Show,False,2025-01-04,False
659a4cbc348a429c,60ddffcea9ca4f85,contact,Brand End-To-End Info-Mediaries Advertisement 2024,Email,Sent,False,2025-01-04,True
fce476595dc74309,d4a27e8ec80a4147,contact,Security Deep Dive Series,Webinar,Attended,True,2025-04-08,True
45edc4e5e1744ef8,6cd7995cd86b4321,lead,Streamline 24/7 Systems Advertisement 2024,Advertisement,Viewed,False,2025-01-13,False
ce2c8a90df8c453b,ba9c502883e04267,contact,Utilize Visionary Eyeballs Webinar 2023,Email,Sent,False,2024-12-28,True
ca749ba8d46c48a1,91a804aad8c44fd5,contact,Utilize Back-End Action-Items Advertisement 2025,Advertisement,Clicked,True,2024-11-09,True
8d0e44c10cde411c,e6fe353aa34e40f1,contact,Generate Next-Generation Markets Event 2025,Event,Registered,False,2025-02-18,False
3586ead34c8c4199,7b8dae74c12a487f,lead,Evolve E-Business Markets Webinar 2023,Webinar,Registered,False,2025-02-15,True
27412370f5224546,9da2c8b1ac1143f9,lead,Monetize Out-Of-The-Box Content Social 2023,Social,Viewed,False,2025-02-11,False
74d5bcf2cada4903,8249636dbb074a18,lead,Evolve E-Business Markets Webinar 2023,Email,Sent,False,2024-11-06,False
8656165d34584a6a,50aa4e71898048be,contact,Mesh Interactive Platforms Advertisement 2023,Advertisement,Viewed,False,2025-02-19,False
5efbcce604f7487c,f669ca9a4acd434d,contact,Re-Intermediate B2B Interfaces Event 2023,Event,Registered,False,2025-04-10,True
c6afd8d117bd48c9,fb0c3528914e4dd3,contact,Whiteboard Synergistic Initiatives Email 2025,Email,Clicked,True,2025-01-15,False
2372c9e0421d4ac4,e125e1c50d9046ae,lead,Grow Best-Of-Breed Users Event 2024,Event,Attended,True,2025-01-20,True
bbfebae62bf4479a,82328c22b9df4f03,contact,Brand Visionary Models Advertisement 2024,Advertisement,Viewed,False,2025-04-10,True
1a0f35cb655f4dd1,e5145b2f85524b1c,lead,Re-Intermediate Visionary Convergence Webinar 2025,Webinar,No Show,False,2023-09-03,True
d531009c25eb4a90,100d409f31a14510,contact,Iterate Transparent Initiatives Social 2023,Social,Clicked,True,2025-01-23,True
f8f5cf46577b494b,6dfca0b2a38a4081,contact,Utilize Visionary Eyeballs Webinar 2023,Webinar,Attended,True,2025-02-15,True
8f9996f9ee1c4340,2d13a190df7f4473,contact,Drive Next-Generation Communities Telemarketing 2025,Telemarketing,Responded,True,2024-11-15,True
e5b049becc5f4dd0,3e751658cf3942e2,lead,Architect Viral Models Webinar 2024,Webinar,No Show,False,2025-03-21,True
0c8ef0e82dcc422b,c3fde48d45c44d9b,lead,Drive End-To-End Deliverables Advertisement 2024,Advertisement,Clicked,True,2024-12-24,False
98911b26211f458e,685651ac361540d8,lead,Utilize Visionary Eyeballs Webinar 2023,Webinar,No Show,False,2025-04-10,False
11ade75495d546f0,26db812af63f4047,lead,Matrix Seamless Infrastructures Social 2024,Email,Sent,False,2024-02-14,False
189dfa673f1e41c2,67979dd6ff284c89,lead,Embrace Out-Of-The-Box Networks Webinar 2023,Webinar,Attended,True,2024-07-16,False
fd5ceb0868034656,27d42a97bada439d,lead,E-Enable Seamless E-Commerce Event 2025,Event,No Show,False,2023-09-01,False
ddf88eae02074508,c3fde48d45c44d9b,lead,Monetize Front-End Web Services Webinar 2024,Webinar,Attended,True,2025-04-04,False
8c6f92267e1d49d8,e6fe353aa34e40f1,contact,Generate Next-Generation Markets Event 2025,Event,Attended,True,2025-02-05,True
5ae8d3720724486c,d6a893b59d0f483d,lead,Architect Viral Models Webinar 2024,Webinar,No Show,False,2025-02-18,True
b8f5b7066d424736,27d652b7a0984a3f,lead,Optimize Strategic Supply-Chains Webinar 2023,Webinar,Registered,False,2025-01-22,False
477ea56c213d4cd3,3a07aefee2d74a30,lead,Harness Wireless Communities Content Syndication 2024,Content Syndication,Responded,True,2024-05-08,False
134a859d6a9542c7,6df4a54be9ac41f1,lead,Drive Next-Generation Communities Telemarketing 2025,Telemarketing,Sent,False,2023-11-06,False
5cc902a0ebff4989,d6a893b59d0f483d,lead,Envisioneer Holistic Web-Readiness Email 2024,Email,Opened,False,2025-04-21,True
76ed878c52f241d8,4345a36ec0a646bd,contact,Unleash Cutting-Edge E-Markets Content Syndication 2025,Content Syndication,Sent,False,2024-11-02,False
2d6cb75cb5404793,429413ad913f4749,lead,Optimize Strategic Supply-Chains Webinar 2023,Webinar,Attended,True,2024-11-22,True
0a7f87a04e204de1,64fd54a58d2a41ed,lead,Target Mission-Critical Eyeballs Content Syndication 2025,Email,Sent,False,2024-12-21,False
73b641f3da044406,f45c994a5a57444b,contact,Monetize Front-End Web Services Webinar 2024,Webinar,Registered,False,2025-04-09,True
96c82e60ca4c40bb,29749fd8a29b4cc9,lead,Security Summit Webinar 2025,Webinar,Attended,True,2025-04-13,True
9cde1dd463984b7a,a4cc25373112444a,contact,Generate Global Architectures Content Syndication 2025,Email,Sent,False,2025-04-18,False
fc69fe090249440c,f0e96d76ce2349ee,contact,Re-Contextualize B2C Networks Social 2025,Social,Viewed,False,2025-04-07,True
2fc47d75bfb742a9,708e08ffce2b4624,contact,Strategize Seamless Vortals Telemarketing 2025,Email,Sent,False,2025-02-26,False
524c98a22e0b402d,3cf2ede0ad1a48e4,lead,Harness Dynamic Relationships Telemarketing 2023,Telemarketing,Sent,False,2024-12-23,True
3857c0d1f89d4c9a,aa1d1b0d82c64927,lead,Re-Contextualize B2C Networks Social 2025,Email,Sent,False,2025-04-05,True
6e792b85c90d4281,9080f6f09a954df3,contact,Revolutionize Value-Added Deliverables Telemarketing 2023,Telemarketing,Sent,False,2024-02-25,False
6ab67e6b43fc4437,5062506d9932456a,contact,Re-Contextualize B2C Networks Social 2025,Email,Sent,False,2024-08-31,False
db2cfd3275744e1c,3cf2ede0ad1a48e4,lead,Unleash Ubiquitous Channels Event 2025,Event,No Show,False,2023-11-16,True
5a432a5f5d1e4219,414b6112183144bd,lead,Monetize Out-Of-The-Box Content Social 2023,Social,Clicked,True,2025-03-11,True
6f7344a856e94c1d,96e989da68254457,contact,Deliver One-To-One Markets Email 2024,Email,Clicked,True,2024-09-02,True
a6c62cee2d7347a0,d62348854f144843,lead,Evolve E-Business Markets Webinar 2023,Email,Sent,False,2025-04-16,True
c5c1559c9ea14652,a4d7f4a377374ad5,contact,E-Enable Seamless E-Commerce Event 2025,Event,No Show,False,2024-02-18,True
835771f0d0d048d4,b6cfaa06d2704505,contact,Evolve E-Business Markets Webinar 2023,Webinar,No Show,False,2023-10-05,True
f31cdc61de064199,dc55f2a8c7e740ca,lead,Engage Impactful Portals Webinar 2025,Webinar,Registered,False,2024-05-17,False
7561e24af5704c83,18008446d0694e6d,lead,Strategize Seamless Vortals Telemarketing 2025,Telemarketing,Responded,True,2025-04-01,True
d0babf40433048d8,297bb252619c48fb,lead,Generate B2B Eyeballs Webinar 2023,Email,Sent,False,2025-01-08,True
8eb3277abd0c49a2,185ab818f2a94f8b,contact,Brand End-To-End Info-Mediaries Advertisement 2024,Email,Sent,False,2025-01-03,True
b1c9a386184a4326,a7f4c240d8a84395,lead,Drive Next-Generation Communities Telemarketing 2025,Telemarketing,Sent,False,2025-04-19,False
d9e580a451384436,c9f086f3e11043c8,contact,Envisioneer Revolutionary Deliverables Content Syndication 2024,Content Syndication,Sent,False,2025-01-07,False
c148a58324224770,40071fae516d4588,lead,Embrace Out-Of-The-Box Networks Webinar 2023,Webinar,Attended,True,2025-04-01,True
aeea6c16783945e6,4ad77af887304ac9,lead,E-Enable Out-Of-The-Box Portals Social 2023,Social,Viewed,False,2023-06-07,False
cdf4138b6d0a450e,e548daa6ea064625,lead,Matrix Seamless Infrastructures Social 2024,Social,Viewed,False,2025-04-26,False
51b5b8805c8d4214,40071fae516d4588,lead,Streamline Distributed E-Markets Webinar 2023,Webinar,Attended,True,2023-05-14,True
f71193b7ab4247e8,c65ca09a99d44d46,contact,Iterate Transparent Initiatives Social 2023,Email,Sent,False,2024-03-27,True
9ec0d16d3b574f7f,59b9e7554f0949cb,lead,Facilitate Granular Web-Readiness Telemarketing 2024,Email,Sent,False,2025-01-16,True
0ed31720f9de4a40,0f5539ac11034ddc,contact,Embrace Out-Of-The-Box Networks Webinar 2023,Webinar,No Show,False,2024-02-11,True
d74cd092190f4dce,1b9ad624fcf947ad,contact,Target Collaborative Paradigms Social 2024,Email,Sent,False,2024-11-27,True
a68b35a479114fd8,cc76e2431fcd482c,contact,Drive Next-Generation Communities Telemarketing 2025,Telemarketing,Responded,True,2025-04-24,True
45db3d2c710e4b3c,3ccdae2620284458,contact,Harness Dynamic Relationships Telemarketing 2023,Telemarketing,Sent,False,2024-12-01,True
b54acf4310514d13,3de1ba830de74bc6,lead,E-Enable Seamless E-Commerce Event 2025,Email,Sent,False,2025-04-28,False
bc4103fdd6ef4304,c75985c20800406f,lead,Embrace Out-Of-The-Box Networks Webinar 2023,Webinar,Registered,False,2024-12-14,False
370afc40cc674bab,429413ad913f4749,lead,Utilize Back-End Action-Items Advertisement 2025,Advertisement,Viewed,False,2025-04-10,False
8508c971f8954d67,4a6509f4e3164200,lead,Incubate Front-End E-Tailers Telemarketing 2025,Telemarketing,Sent,False,2024-10-26,True
9b14ee5df1f144ce,38027b7773b444a2,contact,Redefine Cross-Media Synergies Webinar 2023,Email,Sent,False,2025-04-12,True
465b263a2389409b,c1bbdc2f42804547,lead,Orchestrate End-To-End Models Event 2025,Event,No Show,False,2025-04-26,True
ba001ab6bc1842ba,3de1ba830de74bc6,lead,Brand End-To-End Info-Mediaries Advertisement 2024,Email,Sent,False,2024-11-29,True
795f7605800a4344,9892cccbf234476a,lead,Evolve E-Business Markets Webinar 2023,Email,Sent,False,2024-03-11,False
a07799e0880e44bd,02101115a2bd45d1,contact,Generate Global Architectures Content Syndication 2025,Content Syndication,Responded,True,2025-03-29,True
a7b2c201ecac4392,2f9aea08641848fe,lead,Streamline 24/7 Systems Advertisement 2024,Advertisement,Viewed,False,2025-04-02,True
bb8a51c8d71d4014,8a4e20f67d2e4cf1,contact,Facilitate Granular Web-Readiness Telemarketing 2024,Telemarketing,Sent,False,2024-07-09,False
722d826044e84b2b,4023c4102aed411a,contact,Brand End-To-End Info-Mediaries Advertisement 2024,Email,Sent,False,2024-12-14,False
0612c858aaa64910,5c9e16370a9e4239,lead,Unleash Ubiquitous Channels Event 2025,Event,Attended,True,2024-12-01,True
c38b515870344005,08393fe814024e3b,contact,Harness Wireless Communities Content Syndication 2024,Content Syndication,Sent,False,2025-03-10,True
a78df12394c741f2,c94051b2ed99411c,lead,Utilize Visionary Eyeballs Webinar 2023,Webinar,Registered,False,2025-04-25,True
e6d9bf6b6c19479c,cdee4d4b7d564dc6,lead,Revolutionize Value-Added Deliverables Telemarketing 2023,Telemarketing,Sent,False,2025-04-22,True
81e6d3af79f9433a,d5d61c3a50e44043,contact,Brand End-To-End Info-Mediaries Advertisement 2024,Email,Sent,False,2025-04-02,False
b83e0f295d5a46d0,4aac9ce850fb4171,lead,Incubate Front-End E-Tailers Telemarketing 2025,Email,Sent,False,2024-12-13,True
c0e92a54b5f64975,8e4bf0b2790a4b9d,lead,Drive Next-Generation Communities Telemarketing 2025,Email,Sent,False,2025-04-14,True
ac9b0f04fbac471e,7bfa226f62414bd8,contact,Disintermediate Wireless Applications Content Syndication 2024,Email,Sent,False,2025-01-31,True
19cc3eb3b575475a,800c6e0375524274,lead,Redefine Cross-Media Synergies Webinar 2023,Email,Sent,False,2025-01-12,True
cfe02f9541234ae0,9dbe429836044ead,contact,Re-Contextualize Extensible Technologies Email 2023,Email,Clicked,True,2025-04-18,True
697c17a61412449e,d5d61c3a50e44043,contact,Matrix Wireless Solutions Advertisement 2025,Email,Sent,False,2025-04-30,False
f4686c0c969c45d1,6dfca0b2a38a4081,contact,Harness Dynamic Relationships Telemarketing 2023,Telemarketing,Responded,True,2025-01-13,True
2bfbc381a18d4ff2,9c20faaa55be4c53,lead,Incubate Front-End E-Tailers Telemarketing 2025,Email,Sent,False,2024-12-01,False
f2aee77174724af3,2e6f7ffc45884926,lead,Envisioneer Holistic Web-Readiness Email 2024,Email,Opened,False,2025-03-03,False
af1b0126b5a54c42,6df4a54be9ac41f1,lead,Evolve E-Business Markets Webinar 2023,Webinar,Attended,True,2025-03-22,False
f6766176b2bc4524,dce2ab0fd8fa4b07,lead,Orchestrate 24/7 Relationships Content Syndication 2024,Email,Sent,False,2025-04-18,False
333a9568a807479c,91096f981d644411,contact,Matrix Wireless Solutions Advertisement 2025,Email,Sent,False,2024-11-14,True
fcd6f12237444cd9,08bb87b38c4e40d3,lead,Streamline 24/7 Systems Advertisement 2024,Advertisement,Viewed,False,2025-04-04,True
c529a32d3eec4147,bda770a739914610,contact,Mesh Interactive Platforms Advertisement 2023,Email,Sent,False,2024-08-23,True
0759667459fd4300,638283ed2b3b42ba,contact,E-Enable Seamless E-Commerce Event 2025,Email,Sent,False,2025-04-03,True
36ed5699cc5b45ba,a6a63d45c242474c,contact,Monetize Front-End Web Services Webinar 2024,Webinar,Registered,False,2025-04-30,True
92ef28ca68df442b,beccb173d5b34730,lead,Benchmark Rich Functionalities Event 2024,Event,Attended,True,2024-12-15,True
8ea61eaa7f0a49d1,4e05b0b7d84e468e,lead,Evolve Extensible Deliverables Webinar 2023,Webinar,Attended,True,2025-04-18,False
cb9f4cb4eecd4db1,40cefd399eca43ec,lead,Unleash Ubiquitous Channels Event 2025,Event,Registered,False,2024-09-12,False
58f17f9e2d3c4639,ae14da17368c4b2e,contact,Evolve E-Business Markets Webinar 2023,Webinar,Attended,True,2025-04-07,True
9fa2cd2bcc1c403a,0fe3d748143a4969,lead,Integrate Open-Source Architectures Webinar 2023,Webinar,No Show,False,2025-04-08,False
d96c839ea12148f5,26fb5134d77a49a8,lead,Envisioneer Revolutionary Deliverables Content Syndication 2024,Content Syndication,Responded,True,2025-04-09,False
a1f02b7de702495f,5c9e16370a9e4239,lead,Generate B2B Eyeballs Webinar 2023,Webinar,Attended,True,2024-12-23,True
4caa3f3709ec447f,fb0c3528914e4dd3,contact,Whiteboard Synergistic Initiatives Email 2025,Email,Sent,False,2023-10-29,False
9f4f6f04ff7b413f,28d04c644bb94888,lead,Harness Dynamic Relationships Telemarketing 2023,Email,Sent,False,2024-11-06,True
c9e9c7e82df149e0,f43799fb22e54bf5,lead,Disintermediate Wireless Applications Content Syndication 2024,Email,Sent,False,2024-11-14,True
926d6700623240b4,672d20b5dd8c4201,lead,Drive Next-Generation Communities Telemarketing 2025,Telemarketing,Sent,False,2023-07-04,True
09d76d504a4042d8,4a62ece44fb04af2,lead,Mesh Interactive Platforms Advertisement 2023,Email,Sent,False,2025-04-06,True
e7314d2bd8e041f5,9ad467fe6c6b428d,lead,Streamline 24/7 Systems Advertisement 2024,Advertisement,Viewed,False,2024-12-25,False
af44dc7ca0784dcd,9f8217a6752546b4,lead,Utilize Visionary Eyeballs Webinar 2023,Email,Sent,False,2024-10-09,False
5e72cafd04cf4f2c,22a64050da28405b,contact,Architect Customized Partnerships Telemarketing 2024,Email,Sent,False,2024-09-22,False
b86e21fc8e9040e9,6d5e659fd2064786,lead,Strategize Seamless Vortals Telemarketing 2025,Telemarketing,Sent,False,2024-12-15,False
37cf422f5e3c4103,7e42afa216f549bd,contact,Optimize Strategic Supply-Chains Webinar 2023,Webinar,Registered,False,2025-03-24,True
12e6f16668314c3d,ba9c502883e04267,contact,E-Enable Out-Of-The-Box Portals Social 2023,Email,Sent,False,2025-04-05,True
eadad13be3054566,11615fb8701a40d1,lead,Iterate Transparent Initiatives Social 2023,Social,Viewed,False,2023-12-22,True
6de9daedc5554048,5ce2ec3cf6ca48cf,contact,Incubate Front-End E-Tailers Telemarketing 2025,Email,Sent,False,2025-04-11,False
ae101ca1485845dc,185ab818f2a94f8b,contact,Orchestrate End-To-End Models Event 2025,Email,Sent,False,2024-10-03,True
58a519ecff394699,7b8dae74c12a487f,lead,Unleash Ubiquitous Channels Event 2025,Event,Registered,False,2024-11-26,True
f5704d1d0ce24c34,0ed929f91d024077,lead,Facilitate Web-Enabled Applications Email 2024,Email,Clicked,True,2023-06-28,False
8ea6f43aa0bb4eda,b1bf295cb6c74526,lead,Generate Next-Generation Markets Event 2025,Event,Attended,True,2025-04-14,True
3ba7d398b09b44cc,185ab818f2a94f8b,contact,Deliver One-To-One Markets Email 2024,Email,Sent,False,2025-04-05,False
9ff1e409422644b7,aa1d1b0d82c64927,lead,Facilitate Web-Enabled Applications Email 2024,Email,Sent,False,2024-12-30,False
3ff6c71b9aca426b,29749fd8a29b4cc9,lead,Disintermediate 24/7 Metrics Telemarketing 2024,Email,Sent,False,2025-04-06,False
f2015fef03d8415a,f011ddc38abb4c86,lead,Drive End-To-End Deliverables Advertisement 2024,Email,Sent,False,2025-01-21,True
79080767ab3a47cb,f669ca9a4acd434d,contact,Unleash Ubiquitous Channels Event 2025,Event,Registered,False,2025-04-12,True
dbd8c000ee1c4dd2,5c9e16370a9e4239,lead,Redefine Cross-Media Synergies Webinar 2023,Webinar,Attended,True,2025-04-29,True
eed867decf5c4674,811c5bb83bdb407a,lead,Transition Efficient Deliverables Email 2024,Email,Sent,False,2024-11-03,False
9f0866c9c5a14cf5,c65ca09a99d44d46,contact,Orchestrate 24/7 Relationships Content Syndication 2024,Email,Sent,False,2025-04-07,True
b23be0f3806d48e5,f5477c8a6da74ed2,contact,Target Collaborative Paradigms Social 2024,Social,Clicked,True,2025-01-18,True
52a403ae52414c61,26fb5134d77a49a8,lead,Facilitate Granular Web-Readiness Telemarketing 2024,Telemarketing,Sent,False,2023-10-02,True
f19bb0a656c14317,108faca1020643bc,lead,Evolve Extensible Deliverables Webinar 2023,Webinar,Attended,True,2025-01-10,True
8099e54f90de4b5e,1980a7068c854572,contact,Monetize Front-End Web Services Webinar 2024,Email,Sent,False,2025-03-03,False
366df33fea134d87,185ab818f2a94f8b,contact,Extend Granular Schemas Email 2025,Email,Sent,False,2024-09-05,True
e77412c90f79499b,93f32af2016f44e9,lead,Disintermediate 24/7 Metrics Telemarketing 2024,Telemarketing,Sent,False,2024-07-02,False
cdcad345d95a4eb1,851031771d1d475b,contact,Transition Efficient Deliverables Email 2024,Email,Sent,False,2025-04-04,True
92fed589703948e4,f1a91cb3f6684866,lead,Incubate Front-End E-Tailers Telemarketing 2025,Telemarketing,Sent,False,2025-03-02,True
a64e84174e594339,a72d2167f475488f,lead,Envisioneer Revolutionary Deliverables Content Syndication 2024,Email,Sent,False,2025-04-25,True
4f66bc3bd6ee4299,e548daa6ea064625,lead,Re-Intermediate Visionary Convergence Webinar 2025,Webinar,Registered,False,2025-04-25,True
e2a4b1886d994c14,eb94d49498914306,contact,Revolutionize Value-Added Deliverables Telemarketing 2023,Telemarketing,Sent,False,2024-01-28,True
160063f6c43843af,250ae1b20d1b4f6d,contact,Optimize Strategic Supply-Chains Webinar 2023,Email,Sent,False,2025-02-22,False
101a6f19fc9746a8,820e3f38dbe146bb,lead,Unleash Cutting-Edge E-Markets Content Syndication 2025,Email,Sent,False,2025-04-01,True
e696b2d9332f4039,100d409f31a14510,contact,Matrix Wireless Solutions Advertisement 2025,Advertisement,Clicked,True,2025-04-14,True
46cea18829a2428f,f108d9f379c3434c,lead,Transition Efficient Deliverables Email 2024,Email,Clicked,True,2025-01-06,True
d5360607a2ff4bba,3f61e90d70704b2c,lead,Incubate Front-End E-Tailers Telemarketing 2025,Email,Sent,False,2024-11-26,True
0b2f9901f1c541a6,61fa38db82654ca5,lead,E-Enable Out-Of-The-Box Portals Social 2023,Social,Viewed,False,2024-11-02,True
f6c3dfc5adfd411e,27d652b7a0984a3f,lead,Envisioneer Revolutionary Deliverables Content Syndication 2024,Content Syndication,Sent,False,2025-03-22,True
056c339b45784903,f944f068d1b341c9,contact,Envisioneer Revolutionary Deliverables Content Syndication 2024,Content Syndication,Responded,True,2023-12-03,False
7ae634f3f1fc455f,ca3a7ab389184b2f,lead,Target Collaborative Paradigms Social 2024,Social,Viewed,False,2024-10-19,True
5071c224c6254076,3a7bb8157db94bfa,lead,Envisioneer Revolutionary Deliverables Content Syndication 2024,Content Syndication,Sent,False,2025-04-08,True
8b7f6c03e2374892,dd6f44c6d6f14ec5,lead,Generate Next-Generation Markets Event 2025,Email,Sent,False,2024-12-04,True
18668678e6904194,8e330830f7ec44fd,lead,Strategize Seamless Vortals Telemarketing 2025,Email,Sent,False,2025-01-23,True
556f9006bfa54125,ad1ea936a8924e3a,lead,Monetize Clicks-And-Mortar Bandwidth Event 2023,Event,No Show,False,2024-12-22,True
56036e8b1a984e55,b220a63ac8394403,lead,Brand End-To-End Info-Mediaries Advertisement 2024,Email,Sent,False,2025-04-19,False
a0165e0b6fd847e6,a32870e7977f408e,contact,Utilize Visionary Eyeballs Webinar 2023,Email,Sent,False,2025-04-10,True
1482e5f807b24472,91096f981d644411,contact,Generate B2B Eyeballs Webinar 2023,Email,Sent,False,2024-12-02,False
07dcdd562e5149eb,c3fde48d45c44d9b,lead,Streamline Distributed E-Markets Webinar 2023,Webinar,Registered,False,2024-12-02,True
9697d0e6e8164810,c3fde48d45c44d9b,lead,Mesh Interactive Platforms Advertisement 2023,Advertisement,Viewed,False,2023-07-20,True
4c3c934fecc04617,5ce2ec3cf6ca48cf,contact,Monetize Out-Of-The-Box Content Social 2023,Email,Sent,False,2023-10-25,True
679d47e1e1624ccb,da3a787347a14c02,lead,Brand Leading-Edge Interfaces Telemarketing 2025,Telemarketing,Responded,True,2025-04-17,True
ef80d1eeca1147da,800c6e0375524274,lead,Streamline Distributed E-Markets Webinar 2023,Email,Sent,False,2025-01-30,True
8189270a2c084f29,edaceec9b7ef4729,lead,Nurture Drip Sequence,Email,Sent,False,2025-01-05,True
aa87ad9cba004aaa,e2a2bc9203784e6f,contact,Brand Leading-Edge Interfaces Telemarketing 2025,Email,Sent,False,2025-02-25,True
d757c0f5f95c439e,9968bb12a175448a,lead,Revolutionize Value-Added Deliverables Telemarketing 2023,Email,Sent,False,2024-11-15,False
7d0359faad0e4b7d,708e08ffce2b4624,contact,Architect Customized Partnerships Telemarketing 2024,Email,Sent,False,2025-03-20,True
9cfe875a563f440e,3a7bb8157db94bfa,lead,Engineer Robust Web Services Event 2024,Event,No Show,False,2023-08-18,True
0f0dca2dfb5d4795,28d04c644bb94888,lead,Engineer Robust Web Services Event 2024,Email,Sent,False,2025-01-25,True
c51633cd9bcb4f0f,185ab818f2a94f8b,contact,E-Enable Out-Of-The-Box Portals Social 2023,Email,Sent,False,2025-04-14,False
9f8927e23c984f07,4e05b0b7d84e468e,lead,E-Enable Seamless E-Commerce Event 2025,Event,Attended,True,2025-04-07,True
ada0487b9f3b41d0,a945e161c01a47ad,contact,Iterate Transparent Initiatives Social 2023,Social,Viewed,False,2025-04-09,True
a0e73ade82fe45c1,5842cd105f5e46b9,lead,Envisioneer Revolutionary Deliverables Content Syndication 2024,Content Syndication,Sent,False,2025-02-05,False
acdec444fd6942b5,a4a4341a54c846f6,lead,Facilitate Granular Web-Readiness Telemarketing 2024,Telemarketing,Responded,True,2024-12-19,True
e7e2dd4498b040fd,e5e584ac6b91490c,lead,Engineer Robust Web Services Event 2024,Email,Sent,False,2025-03-31,False
bb8c637f38a640f2,c64455e48bf64610,lead,Whiteboard Synergistic Initiatives Email 2025,Email,Clicked,True,2025-04-03,False
34ee5688bbb94878,55c9c9d5e237444c,lead,Engineer Robust Web Services Event 2024,Email,Sent,False,2024-06-30,True
1f944cb100294d1b,cdee4d4b7d564dc6,lead,Embrace Out-Of-The-Box Networks Webinar 2023,Webinar,Attended,True,2025-04-03,False
7884c622f97843b2,2e57f039f1704f86,lead,Unleash Cutting-Edge E-Markets Content Syndication 2025,Content Syndication,Sent,False,2025-04-30,False
169c4368d7064344,45dcbd988cd54be6,lead,Matrix Wireless Solutions Advertisement 2025,Advertisement,Clicked,True,2025-04-05,True
76fc740f98784a8c,3a07aefee2d74a30,lead,Generate Next-Generation Markets Event 2025,Event,No Show,False,2025-03-04,True
eed76babca4f492e,f659b94c26a440d0,contact,Evolve E-Business Markets Webinar 2023,Webinar,Registered,False,2024-11-30,True
a60c27b5ef9b4633,eeb7351d5d714452,lead,Strategize Seamless Vortals Telemarketing 2025,Telemarketing,Sent,False,2024-03-05,True
221defefbc3b4ca7,2db7a24dd22e4d5a,contact,Evolve E-Business Markets Webinar 2023,Webinar,No Show,False,2025-04-04,True
7f8a4ff6d71c4248,91a804aad8c44fd5,contact,Architect Viral Models Webinar 2024,Webinar,Registered,False,2023-12-26,True
578553b931204725,1980a7068c854572,contact,Architect Customized Partnerships Telemarketing 2024,Email,Sent,False,2025-04-25,False
e54545d7e62947ad,26a2f769e1904780,contact,Matrix Wireless Solutions Advertisement 2025,Advertisement,Viewed,False,2025-04-26,True
31b460d149e2438b,6cd7995cd86b4321,lead,Streamline Distributed E-Markets Webinar 2023,Webinar,Registered,False,2025-03-29,True
ffd919c0f2c44040,a3ffc55f501e4c68,contact,Facilitate Granular Web-Readiness Telemarketing 2024,Email,Sent,False,2025-04-22,True
eb2db7fe05654ea2,dd6f44c6d6f14ec5,lead,Drive End-To-End Deliverables Advertisement 2024,Email,Sent,False,2025-04-29,True
3920c232447d403a,fdb47da1507049a0,lead,Unleash Ubiquitous Channels Event 2025,Email,Sent,False,2025-04-22,False
fb11268eb4f243a3,b9f8876d931449ff,lead,Harness Wireless Communities Content Syndication 2024,Content Syndication,Sent,False,2023-05-15,False
b1f5772189df4b23,0d97159d8b2c43d1,lead,Re-Contextualize Extensible Technologies Email 2023,Email,Clicked,True,2025-04-02,False
cc48a30607384eb1,a4a4341a54c846f6,lead,Mesh Interactive Platforms Advertisement 2023,Advertisement,Viewed,False,2023-06-07,False
7eec7c5dfd3d4b57,b74c7bb8b86c4f39,contact,Generate Next-Generation Markets Event 2025,Event,Attended,True,2024-11-04,True
225c07fb8f7b45b2,d8f43e8c77994c1f,contact,Deliver One-To-One Markets Email 2024,Email,Sent,False,2025-04-21,True
82d4e2fafe574f8e,f0c462c875404ad4,lead,Threat Intelligence Q2 2025,Content Syndication,Responded,True,2025-04-21,True
d6a91308a9b34251,1980a7068c854572,contact,Harness Wireless Communities Content Syndication 2024,Email,Sent,False,2024-12-31,False
4b11b895a8764e85,76814aef8eb041cb,contact,Monetize Front-End Web Services Webinar 2024,Webinar,Attended,True,2024-05-27,True
fffb6281b23e471b,c0b09f264b574fae,lead,Streamline 24/7 Systems Advertisement 2024,Advertisement,Viewed,False,2025-01-04,True
7eff60b00f7243d4,3cf2ede0ad1a48e4,lead,Matrix Seamless Infrastructures Social 2024,Social,Viewed,False,2023-12-13,False
1b794678cdd34777,cf6c7be59e3e48ed,contact,Matrix Seamless Infrastructures Social 2024,Social,Clicked,True,2025-02-25,False
b05f7ca7bf3e4886,dd6f44c6d6f14ec5,lead,Monetize Out-Of-The-Box Content Social 2023,Email,Sent,False,2025-04-05,False
b15f9e6df19a42df,382084a4874349f5,lead,Brand Leading-Edge Interfaces Telemarketing 2025,Email,Sent,False,2025-04-01,True
9e5d2ccb955641d9,e8865e09409a440f,lead,Optimize Strategic Supply-Chains Webinar 2023,Email,Sent,False,2024-03-23,True
a832db9ddccd4a9d,f669ca9a4acd434d,contact,Brand Visionary Models Advertisement 2024,Advertisement,Clicked,True,2025-03-16,True
4c407ff19f4c42cf,9c20faaa55be4c53,lead,Monetize Out-Of-The-Box Content Social 2023,Email,Sent,False,2025-03-08,False
3045bb82ba1a4fe3,11615fb8701a40d1,lead,Extend Granular Schemas Email 2025,Email,Clicked,True,2025-04-15,True
ca960de30fb64231,820ceb3523964e88,contact,Architect Viral Models Webinar 2024,Email,Sent,False,2025-04-24,True
5e0b8989cc8e49fb,cdee4d4b7d564dc6,lead,Integrate Open-Source Architectures Webinar 2023,Webinar,Registered,False,2025-04-26,False
cb48ba10a858431b,a744724b2a644af4,contact,Generate B2B Eyeballs Webinar 2023,Webinar,Registered,False,2025-02-18,False
add0610be5164a1c,da7a1373a94947ce,lead,Iterate Transparent Initiatives Social 2023,Social,Viewed,False,2025-04-17,True
d2c7561726cb4690,8c2c1549327b4f3a,contact,Iterate Transparent Initiatives Social 2023,Social,Viewed,False,2025-04-13,True
989a0314f4e94fc2,64f98b7dcefe4ed0,contact,Generate Next-Generation Markets Event 2025,Event,No Show,False,2025-04-25,False
1eea655571984b06,adec05e87093493e,lead,Orchestrate 24/7 Relationships Content Syndication 2024,Content Syndication,Responded,True,2025-04-10,False
de82246e7c3a43d1,806831de6b94469e,contact,Re-Intermediate Visionary Convergence Webinar 2025,Webinar,Registered,False,2025-01-27,True
10b7174ad96a4374,ca3a7ab389184b2f,lead,Facilitate Granular Web-Readiness Telemarketing 2024,Telemarketing,Sent,False,2024-11-02,False
ae1ffb18dcd944d2,d5d61c3a50e44043,contact,Brand End-To-End Info-Mediaries Advertisement 2024,Email,Sent,False,2023-09-07,True
78541392b5ce4ce3,9da2c8b1ac1143f9,lead,Engage Impactful Portals Webinar 2025,Webinar,No Show,False,2025-04-29,True
6aaec423d9fb4521,4e05b0b7d84e468e,lead,Monetize Front-End Web Services Webinar 2024,Webinar,Registered,False,2024-11-08,True
025b959936764e74,09c9f0fe936e44bf,contact,Evolve Extensible Deliverables Webinar 2023,Email,Sent,False,2025-03-17,True
12d2232129b1487c,e6ebe9c1fb754f85,contact,Embrace Out-Of-The-Box Networks Webinar 2023,Webinar,Attended,True,2024-01-13,True
ccd301a06a894abc,b174785c457a42d6,contact,Iterate Transparent Initiatives Social 2023,Email,Sent,False,2024-12-26,False
cc866f936e36402c,f43799fb22e54bf5,lead,Re-Contextualize Extensible Technologies Email 2023,Email,Sent,False,2025-04-30,False
13521c865a344e53,a055e41b7a2946e3,lead,Monetize Clicks-And-Mortar Bandwidth Event 2023,Email,Sent,False,2025-04-21,True
1450cd7332bf49b5,7b8dae74c12a487f,lead,Re-Intermediate B2B Interfaces Event 2023,Event,Registered,False,2024-06-09,True
dae0c5e7056a4483,3e8ceabc6797494d,lead,Extend Granular Schemas Email 2025,Email,Opened,False,2024-11-06,True
a09f3331c5aa48f0,bd63086e621b4ab8,contact,Redefine Cross-Media Synergies Webinar 2023,Webinar,Registered,False,2025-04-30,False
c4712eff2f434b75,0531414cfda844f2,lead,Target Collaborative Paradigms Social 2024,Social,Clicked,True,2024-01-31,False
1482651662324d7f,55c9c9d5e237444c,lead,Target Mission-Critical Eyeballs Content Syndication 2025,Email,Sent,False,2025-04-17,False
0a8174658a3d49ef,ce300319779040cb,lead,Harness Dynamic Relationships Telemarketing 2023,Email,Sent,False,2025-04-30,False
a158c70dc9224525,c3fde48d45c44d9b,lead,Iterate Transparent Initiatives Social 2023,Social,Viewed,False,2025-01-19,False
e2b62d9a6d284adc,19ff62cb0162456c,lead,Re-Intermediate B2B Interfaces Event 2023,Event,No Show,False,2023-08-21,False
a2e0413ec56b4fc2,bd03e4829475454e,lead,Matrix Wireless Solutions Advertisement 2025,Email,Sent,False,2024-11-07,True
18b0f20b886e47f8,a8615e69154d464b,lead,Deliver One-To-One Markets Email 2024,Email,Sent,False,2025-04-26,True
1832946c514149d1,ab0ce0dc0056419a,lead,Monetize Clicks-And-Mortar Bandwidth Event 2023,Email,Sent,False,2025-03-11,True
97d5218035284b65,f669ca9a4acd434d,contact,Re-Intermediate B2B Interfaces Event 2023,Event,Attended,True,2024-04-16,True
2e1891be5b8347e8,da3a787347a14c02,lead,Deliver One-To-One Markets Email 2024,Email,Sent,False,2025-04-06,True
041a2f72b51349e7,2e57f039f1704f86,lead,Benchmark Rich Functionalities Event 2024,Event,Registered,False,2023-05-24,False
235f2f5c0b974ecb,5b4f1bee75d7423f,lead,Strategize Seamless Vortals Telemarketing 2025,Telemarketing,Sent,False,2025-04-30,True
75199d6ff6944f95,10d3c9a79c2c4edc,lead,Disintermediate 24/7 Metrics Telemarketing 2024,Telemarketing,Responded,True,2025-04-18,True
cba60be3dd214175,93f32af2016f44e9,lead,Architect Viral Models Webinar 2024,Webinar,Attended,True,2024-12-20,True
9f7f057547864498,e0c14835e4144ac6,lead,Iterate Transparent Initiatives Social 2023,Email,Sent,False,2025-04-06,False
745d675a4ada4de6,aa1d1b0d82c64927,lead,E-Enable Seamless E-Commerce Event 2025,Email,Sent,False,2024-09-08,True
a0e504fc6b714636,cae1c536432447b3,contact,Engage Impactful Portals Webinar 2025,Webinar,Attended,True,2025-01-24,False
534889dbeb1146ab,32e961efb8e64d0a,contact,Redefine Cross-Media Synergies Webinar 2023,Webinar,Attended,True,2023-09-12,False
80722757570845f8,81dec6d84c5545e1,contact,Revolutionize Value-Added Deliverables Telemarketing 2023,Email,Sent,False,2024-12-20,True
4f8ead4304d24718,aa1d1b0d82c64927,lead,Re-Contextualize Extensible Technologies Email 2023,Email,Sent,False,2024-11-25,True
1ea78374ca124714,27d652b7a0984a3f,lead,Deliver One-To-One Markets Email 2024,Email,Sent,False,2025-01-27,True
faa1db042da34c65,41df424ab90d4af4,contact,Harness Wireless Communities Content Syndication 2024,Content Syndication,Sent,False,2025-02-14,False
c97afb0a22124897,e874b3fef9f44a20,lead,Orchestrate 24/7 Relationships Content Syndication 2024,Content Syndication,Sent,False,2023-07-29,False
c6dbce8ec9d94d1c,9bd395cc2abb4996,lead,Architect Viral Models Webinar 2024,Webinar,Registered,False,2025-02-07,False
4805af95d219484e,4e05b0b7d84e468e,lead,Utilize Back-End Action-Items Advertisement 2025,Advertisement,Viewed,False,2025-01-01,False
bc6d089c95b74115,429413ad913f4749,lead,Streamline 24/7 Systems Advertisement 2024,Advertisement,Clicked,True,2024-11-20,True
f40a9fdd855f4980,ab0ce0dc0056419a,lead,Engineer Robust Web Services Event 2024,Email,Sent,False,2025-04-18,True
bc090a961d4f434b,153d63dc505f4cad,contact,Transition Efficient Deliverables Email 2024,Email,Clicked,True,2025-04-04,True
ba71c5a543b84009,811c5bb83bdb407a,lead,Extend Granular Schemas Email 2025,Email,Opened,False,2023-08-31,True
16f80f209a3d4a20,bd22c6b4689249c7,contact,Matrix Seamless Infrastructures Social 2024,Social,Viewed,False,2024-06-16,True
9a502296ae0b4572,652802bd91274e89,contact,Generate Next-Generation Markets Event 2025,Email,Sent,False,2024-11-28,False
4e293550ba964bbf,f669ca9a4acd434d,contact,Whiteboard Synergistic Initiatives Email 2025,Email,Opened,False,2025-04-23,True
6a807209ac3b4721,5062506d9932456a,contact,Disintermediate Wireless Applications Content Syndication 2024,Email,Sent,False,2025-04-18,False
1bec1f14780e41b3,d1d54aeec03447f1,contact,Brand Leading-Edge Interfaces Telemarketing 2025,Email,Sent,False,2025-01-01,True
d330904bc50d4431,293082c6f08e48d3,contact,Re-Contextualize Extensible Technologies Email 2023,Email,Clicked,True,2025-01-27,False
b201a8aca8194095,e6fe353aa34e40f1,contact,Target Collaborative Paradigms Social 2024,Social,Viewed,False,2025-01-31,False
45b6a300e60f4cc1,1f31c41e9afc4345,lead,Disintermediate Wireless Applications Content Syndication 2024,Email,Sent,False,2025-04-22,False
7b30fef9234546f3,edaceec9b7ef4729,lead,Nurture Drip Sequence,Email,Sent,False,2025-01-25,True
d804d06cd0fc4292,f87817b8be7843e5,lead,Iterate Transparent Initiatives Social 2023,Email,Sent,False,2024-12-15,True
cfdda9c4cdd74610,18f66fedf13f408c,lead,E-Enable Seamless E-Commerce Event 2025,Event,Registered,False,2025-04-28,False
0a74a8fcefe5457d,820e3f38dbe146bb,lead,Mesh Interactive Platforms Advertisement 2023,Email,Sent,False,2023-05-06,False
a68b5956a05046db,4023c4102aed411a,contact,Whiteboard Synergistic Initiatives Email 2025,Email,Sent,False,2023-06-16,True
bd342e5f4d0446a9,c80fe48b502c4043,contact,Redefine Cross-Media Synergies Webinar 2023,Email,Sent,False,2025-03-17,False
2a2324c24a184947,e6fe353aa34e40f1,contact,Orchestrate 24/7 Relationships Content Syndication 2024,Content Syndication,Sent,False,2023-08-23,False
20433aac2e754551,87327822404145c3,lead,Evolve Extensible Deliverables Webinar 2023,Email,Sent,False,2025-03-24,True
cca3e6a50d7d4163,3e751658cf3942e2,lead,Optimize Strategic Supply-Chains Webinar 2023,Webinar,Attended,True,2025-04-23,False
7d88bef94dac4c2a,0c951d453c154527,contact,E-Enable Out-Of-The-Box Portals Social 2023,Email,Sent,False,2025-01-23,False
6e02db43f4f044de,d5d61c3a50e44043,contact,Brand Leading-Edge Interfaces Telemarketing 2025,Email,Sent,False,2024-07-09,False
d0aefa7a1049427c,0d97159d8b2c43d1,lead,Harness Wireless Communities Content Syndication 2024,Content Syndication,Responded,True,2024-12-25,True
082f631116884beb,293082c6f08e48d3,contact,Generate Next-Generation Markets Event 2025,Event,Registered,False,2025-02-07,True
c1b6153a75e74832,806831de6b94469e,contact,Mesh Interactive Platforms Advertisement 2023,Advertisement,Viewed,False,2025-04-07,True
ad7473ccfc0f4f89,811c5bb83bdb407a,lead,Brand Visionary Models Advertisement 2024,Advertisement,Viewed,False,2025-04-15,True
ba776b713d864f45,26fb5134d77a49a8,lead,Matrix Seamless Infrastructures Social 2024,Social,Viewed,False,2025-04-20,True
74976649a43744fc,7833119f50b24965,lead,Brand Leading-Edge Interfaces Telemarketing 2025,Telemarketing,Responded,True,2023-11-17,False
b5919ebdc2344c96,f09b58cd266740c3,lead,Brand Visionary Models Advertisement 2024,Email,Sent,False,2024-03-05,True
f90a9690c6a94e98,02101115a2bd45d1,contact,Engage Impactful Portals Webinar 2025,Webinar,No Show,False,2025-04-17,True
cba74cc6fa2c4d39,3a562041231b4490,contact,Engineer Robust Web Services Event 2024,Event,Registered,False,2023-07-31,False
4b17daf10a264f06,2c411125e9e141fb,lead,Engineer Robust Web Services Event 2024,Event,Registered,False,2025-04-20,False
16be63ad273743f9,50aa4e71898048be,contact,Engineer Robust Web Services Event 2024,Event,Attended,True,2024-11-04,False
6340cbcd98c24e42,9080f6f09a954df3,contact,Utilize Visionary Eyeballs Webinar 2023,Webinar,No Show,False,2025-04-08,True
fc36a4abd7e34398,e0c14835e4144ac6,lead,Integrate Open-Source Architectures Webinar 2023,Email,Sent,False,2025-04-21,True
77dee2ca86ec4169,d99b328559514fad,lead,Generate B2B Eyeballs Webinar 2023,Email,Sent,False,2025-04-07,True
ecd68e25f31e4f91,8e330830f7ec44fd,lead,Drive End-To-End Deliverables Advertisement 2024,Email,Sent,False,2025-03-30,True
6065a48b89164b88,1043dd2b6102482a,contact,Strategize Seamless Vortals Telemarketing 2025,Telemarketing,Responded,True,2024-08-24,True
d949a5b508aa439d,6cd7995cd86b4321,lead,Deliver One-To-One Markets Email 2024,Email,Sent,False,2024-12-18,True
60df1ed0d3934816,4aac9ce850fb4171,lead,Utilize Back-End Action-Items Advertisement 2025,Email,Sent,False,2025-03-09,False
307777f86e424fdf,501f47ca096e4ea3,lead,Generate B2B Eyeballs Webinar 2023,Webinar,Attended,True,2025-03-23,False
9ad057c20a8f4cca,ea3610f1901c46d6,lead,Disintermediate 24/7 Metrics Telemarketing 2024,Telemarketing,Responded,True,2025-03-08,True
689b0cc9ba9e4e2e,4a6509f4e3164200,lead,Disintermediate Wireless Applications Content Syndication 2024,Content Syndication,Responded,True,2023-06-10,True
6ce7c64cdc6d485e,b0fcfbb61c9747b4,contact,Mesh Interactive Platforms Advertisement 2023,Email,Sent,False,2024-02-15,True
1911ea873b544c63,2864e38fca2b4a35,lead,Streamline Distributed E-Markets Webinar 2023,Webinar,No Show,False,2025-04-24,True
cbf49c9c0a9c45ca,6d7279c67c4043c1,lead,Facilitate Granular Web-Readiness Telemarketing 2024,Telemarketing,Responded,True,2024-01-18,True
192950e892b14271,45d0cf21efe2488b,contact,Orchestrate 24/7 Relationships Content Syndication 2024,Email,Sent,False,2023-08-03,False
5f60fea8634e4c36,91a804aad8c44fd5,contact,Streamline 24/7 Systems Advertisement 2024,Advertisement,Viewed,False,2024-12-05,False
dd913156105f40cb,abab5caf18864367,lead,Orchestrate End-To-End Models Event 2025,Event,No Show,False,2025-01-24,True
548d5ac4cc1c49a4,4564b8d497fd4198,contact,Architect Customized Partnerships Telemarketing 2024,Telemarketing,Sent,False,2023-10-21,False
1ce919a5d6494b8b,18f66fedf13f408c,lead,Whiteboard Synergistic Initiatives Email 2025,Email,Clicked,True,2025-04-30,True
f4f81fa0ca4a47c2,8a4e20f67d2e4cf1,contact,Orchestrate End-To-End Models Event 2025,Event,Registered,False,2025-04-04,False
41779689c1164014,00793bf367644a9b,contact,Re-Intermediate Visionary Convergence Webinar 2025,Email,Sent,False,2023-10-12,False
2b61ccebe25e4861,4e05b0b7d84e468e,lead,Integrate Open-Source Architectures Webinar 2023,Webinar,Registered,False,2025-01-22,False
89bfdb2479ba444d,6bf7588780a74c43,lead,Facilitate Granular Web-Readiness Telemarketing 2024,Telemarketing,Sent,False,2025-04-04,True
05606fcf34c44b8c,79caf699ab584fed,lead,E-Enable Seamless E-Commerce Event 2025,Event,Registered,False,2025-03-30,False
a0a794f16c8b4911,f108d9f379c3434c,lead,Disintermediate Wireless Applications Content Syndication 2024,Content Syndication,Sent,False,2023-09-03,True
9c327cea1ec4467b,6dfca0b2a38a4081,contact,Deliver One-To-One Markets Email 2024,Email,Sent,False,2024-11-14,True
79319dd7437648ad,43e2fdd56a854f1c,contact,Mesh Interactive Platforms Advertisement 2023,Advertisement,Viewed,False,2025-02-09,True
7c443e16c6a34062,8e330830f7ec44fd,lead,Revolutionize Value-Added Deliverables Telemarketing 2023,Email,Sent,False,2024-06-10,True
a4410d3dac084b36,ca33b8e88dff426e,contact,Strategize Seamless Vortals Telemarketing 2025,Telemarketing,Sent,False,2025-04-25,False
be5d885ca26f4f2b,2de6277bf5974cb8,lead,Unleash Ubiquitous Channels Event 2025,Event,Registered,False,2025-04-25,False
a04b2b34d0e349e3,c5f31bf488a34883,contact,Disintermediate Wireless Applications Content Syndication 2024,Email,Sent,False,2025-04-26,True
37ad6a2e704c4542,8607ea8042cc4d4b,contact,Brand Visionary Models Advertisement 2024,Advertisement,Viewed,False,2025-01-11,False
1d475a3a46f84a2e,dccee8b900744391,lead,Extend Granular Schemas Email 2025,Email,Clicked,True,2025-04-27,True
7c902dbf08094293,50aa4e71898048be,contact,Revolutionize Value-Added Deliverables Telemarketing 2023,Telemarketing,Responded,True,2025-02-27,True
34e7d78e80f24f9d,d10f117fe5de4b99,lead,Maximize Bleeding-Edge Convergence Webinar 2023,Webinar,No Show,False,2025-04-05,False
2086314a4d384c86,32e961efb8e64d0a,contact,Harness Dynamic Relationships Telemarketing 2023,Telemarketing,Responded,True,2025-04-09,False
3965e9305d6a481c,e548daa6ea064625,lead,Monetize Clicks-And-Mortar Bandwidth Event 2023,Event,Registered,False,2025-04-17,False
4fc025c3ac064487,a9b9beb598a64e0d,contact,Iterate Transparent Initiatives Social 2023,Social,Viewed,False,2023-08-07,False
ad83f0441f734572,384291ce34534af3,lead,Revolutionize Value-Added Deliverables Telemarketing 2023,Telemarketing,Responded,True,2025-04-02,True
429f769c07384a01,297bb252619c48fb,lead,Architect Customized Partnerships Telemarketing 2024,Email,Sent,False,2025-02-06,False
798292ea902d4c68,09c9f0fe936e44bf,contact,Utilize Visionary Eyeballs Webinar 2023,Email,Sent,False,2025-03-31,False
07135fe1393a43c7,26db812af63f4047,lead,Evolve Extensible Deliverables Webinar 2023,Email,Sent,False,2025-04-10,True
c3950fd3b41a4b69,69c0e99ab94645b7,lead,E-Enable Out-Of-The-Box Portals Social 2023,Social,Clicked,True,2023-08-04,True
961e12cfb70f4162,0c80519f63164502,contact,Generate B2B Eyeballs Webinar 2023,Email,Sent,False,2025-04-10,False
e1f2b709e3c540ec,91a804aad8c44fd5,contact,Maximize Bleeding-Edge Convergence Webinar 2023,Webinar,No Show,False,2023-10-27,True
0f3228b129df406e,8323bf2a154a4bdc,contact,Unleash 24/7 E-Tailers Event 2025,Email,Sent,False,2023-07-13,False
e865cfdd39fb4549,9ac77f84f0734030,lead,Engage Impactful Portals Webinar 2025,Email,Sent,False,2025-04-22,True
9ba2c7673e8f4552,800c6e0375524274,lead,Iterate Transparent Initiatives Social 2023,Email,Sent,False,2025-01-05,False
1f29c242025e413e,19ff62cb0162456c,lead,Target Collaborative Paradigms Social 2024,Social,Viewed,False,2024-12-10,False
979451bf6a894ca0,f238d76424b049a7,lead,Target Mission-Critical Eyeballs Content Syndication 2025,Content Syndication,Sent,False,2025-01-29,False
8fc74a3714594a97,4a6509f4e3164200,lead,Drive End-To-End Deliverables Advertisement 2024,Advertisement,Clicked,True,2024-05-18,False
2409dc3df2a143c0,e125e1c50d9046ae,lead,Redefine Cross-Media Synergies Webinar 2023,Webinar,No Show,False,2025-04-18,False
04be6029e5d6491b,ab3adfe35cbf4fcf,lead,Iterate Transparent Initiatives Social 2023,Social,Clicked,True,2025-04-14,True
be48050ed07d4cd0,250ae1b20d1b4f6d,contact,Envisioneer Revolutionary Deliverables Content Syndication 2024,Email,Sent,False,2025-03-21,True
dcef304555474b51,cc76e2431fcd482c,contact,Generate Next-Generation Markets Event 2025,Event,Attended,True,2025-04-01,False
17fce7dd85594358,8323bf2a154a4bdc,contact,Target Mission-Critical Eyeballs Content Syndication 2025,Email,Sent,False,2024-11-17,False
77074c1906b64df2,188fb0d5560b4ef8,lead,Integrate Open-Source Architectures Webinar 2023,Email,Sent,False,2024-12-02,False
6ee51df529034f7a,4414acb563964586,lead,Monetize Out-Of-The-Box Content Social 2023,Social,Clicked,True,2024-08-04,True
2028befccc2a429b,6af7009d16b544a9,lead,Monetize Front-End Web Services Webinar 2024,Webinar,Registered,False,2025-03-18,False
43e3af3f37eb4574,fd5df32368e240ef,lead,Envisioneer Holistic Web-Readiness Email 2024,Email,Sent,False,2023-12-10,False
7e06d06deeea4c9c,414b6112183144bd,lead,Embrace Out-Of-The-Box Networks Webinar 2023,Webinar,Registered,False,2023-11-23,True
05a199a36a63485a,3a7bb8157db94bfa,lead,Generate B2B Eyeballs Webinar 2023,Webinar,Registered,False,2025-04-04,True
468575ad143f4a22,85bf9b47921042d5,contact,Re-Intermediate B2B Interfaces Event 2023,Email,Sent,False,2024-01-06,True
97928659699c4949,9642116fc89c4e04,lead,Mesh Interactive Platforms Advertisement 2023,Advertisement,Clicked,True,2025-01-08,False
b701d915f99a4d5b,3a7bb8157db94bfa,lead,Integrate Open-Source Architectures Webinar 2023,Webinar,Attended,True,2025-04-23,True
91698f8fdcaf44b1,96e989da68254457,contact,Evolve E-Business Markets Webinar 2023,Webinar,No Show,False,2023-09-17,True
a9f456a00dc04f29,19ff62cb0162456c,lead,Harness Dynamic Relationships Telemarketing 2023,Telemarketing,Responded,True,2025-01-08,False
a02fcec617aa4f12,af8c8d7b450d4e9d,contact,Maximize Bleeding-Edge Convergence Webinar 2023,Webinar,Attended,True,2025-03-22,False
ab09f8f705ea4870,f669ca9a4acd434d,contact,Incubate Front-End E-Tailers Telemarketing 2025,Telemarketing,Sent,False,2024-11-22,True
aaae9beee12d49ea,2eb104fc6a944a08,contact,Engage Impactful Portals Webinar 2025,Webinar,No Show,False,2025-01-06,True
a7ad19210a4a40b3,d4c9844a1c9f4ade,contact,Maximize Bleeding-Edge Convergence Webinar 2023,Webinar,Registered,False,2025-04-18,True
538f1024ea434054,708e08ffce2b4624,contact,Re-Contextualize Extensible Technologies Email 2023,Email,Sent,False,2025-03-08,True
9ecaef2dce994179,185ab818f2a94f8b,contact,Brand Visionary Models Advertisement 2024,Email,Sent,False,2025-03-06,True
412c3b0b694a44ef,2080e7be141a4019,lead,Target Collaborative Paradigms Social 2024,Email,Sent,False,2025-01-02,True
688d35d47377438d,25f3da10ed1e4943,contact,Generate B2B Eyeballs Webinar 2023,Email,Sent,False,2023-06-10,True
46bd793b69454156,26db812af63f4047,lead,Brand Leading-Edge Interfaces Telemarketing 2025,Email,Sent,False,2025-04-07,True
e37c32455f9a42ba,1980a7068c854572,contact,Evolve Extensible Deliverables Webinar 2023,Email,Sent,False,2025-01-09,True
d5618fa342ca4669,5a1a8de319284d1c,lead,Generate B2B Eyeballs Webinar 2023,Email,Sent,False,2025-02-12,True
ac3440ec87f54833,97c325d1ea5f44f8,lead,Mesh Interactive Platforms Advertisement 2023,Advertisement,Viewed,False,2025-04-18,True
778019971a0c450d,5a1a8de319284d1c,lead,Monetize Clicks-And-Mortar Bandwidth Event 2023,Email,Sent,False,2025-04-10,False
71f73ade29304d59,f40555f94ac7423e,lead,Re-Contextualize Extensible Technologies Email 2023,Email,Sent,False,2024-11-25,True
518f1f4301e948a8,e14a09ec7da74137,contact,Generate B2B Eyeballs Webinar 2023,Webinar,Registered,False,2025-02-27,False
87802911c4254d76,55902f37a8924ff0,lead,Re-Contextualize B2C Networks Social 2025,Email,Sent,False,2023-12-04,True
c965684839d54548,a8615e69154d464b,lead,Strategize Seamless Vortals Telemarketing 2025,Telemarketing,Responded,True,2025-04-28,False
63cc8b32455f4701,0ef16dc55cac4a29,lead,Orchestrate 24/7 Relationships Content Syndication 2024,Content Syndication,Sent,False,2025-03-13,True
4ac6284866794cec,8260d17b57484d05,lead,Harness Dynamic Relationships Telemarketing 2023,Telemarketing,Responded,True,2023-12-22,False
269b36d957294bab,820ceb3523964e88,contact,Drive End-To-End Deliverables Advertisement 2024,Email,Sent,False,2024-04-29,True
3eecfe8020b54172,6108c350d9874376,lead,Mesh Interactive Platforms Advertisement 2023,Email,Sent,False,2025-04-06,True
0ba61d13adf5442a,9ac77f84f0734030,lead,Monetize Front-End Web Services Webinar 2024,Email,Sent,False,2024-11-07,True
d963b55b687f406a,2f9aea08641848fe,lead,Transition Efficient Deliverables Email 2024,Email,Clicked,True,2024-11-19,True
1ef3e2ffa84d4c77,cdee4d4b7d564dc6,lead,Monetize Out-Of-The-Box Content Social 2023,Social,Clicked,True,2024-11-05,False
11d3e4c1573a4fff,cc5335067ae84b4f,lead,Unleash Cutting-Edge E-Markets Content Syndication 2025,Content Syndication,Responded,True,2025-04-17,False
2ce7069646b94195,cf6c7be59e3e48ed,contact,Utilize Back-End Action-Items Advertisement 2025,Advertisement,Clicked,True,2025-04-03,False
b60f452e2f7f4256,f0e96d76ce2349ee,contact,Monetize Out-Of-The-Box Content Social 2023,Social,Viewed,False,2024-09-18,True
e3847ddebfa74053,9f8217a6752546b4,lead,Whiteboard Synergistic Initiatives Email 2025,Email,Sent,False,2023-09-01,False
4a82bdc43cc140fd,bfea31152890495a,lead,Target Mission-Critical Eyeballs Content Syndication 2025,Content Syndication,Sent,False,2025-02-13,True
d07a3188537945f0,3f4aefe7c9e64292,contact,Unleash 24/7 E-Tailers Event 2025,Event,Registered,False,2024-12-05,True
d9521814c5c04d80,90c6f58cf2144ff9,contact,Drive End-To-End Deliverables Advertisement 2024,Email,Sent,False,2025-04-21,True
925d65f3247f459c,5842cd105f5e46b9,lead,Facilitate Granular Web-Readiness Telemarketing 2024,Telemarketing,Sent,False,2025-02-12,False
303ffb1cf1684e8d,5842cd105f5e46b9,lead,E-Enable Out-Of-The-Box Portals Social 2023,Social,Clicked,True,2025-04-28,False
5f338327b5704dbc,67979dd6ff284c89,lead,Deliver One-To-One Markets Email 2024,Email,Clicked,True,2024-01-20,True
435b2238e84a4af8,f0fddac0313d4f8c,lead,Generate B2B Eyeballs Webinar 2023,Email,Sent,False,2025-01-13,True
0bc7b8a7d85e4114,5d75ce2415644419,lead,Harness Dynamic Relationships Telemarketing 2023,Email,Sent,False,2023-09-16,True
b8843a4a2836499f,1b9ad624fcf947ad,contact,Incubate Front-End E-Tailers Telemarketing 2025,Email,Sent,False,2025-01-10,True
d20187ec1c3c453a,29749fd8a29b4cc9,lead,Brand Visionary Models Advertisement 2024,Email,Sent,False,2024-09-09,True
6955a19c301945fa,f0c462c875404ad4,lead,Security ROI Webinar May 2025,Webinar,Attended,True,2025-04-16,True
ac39d34f18c14279,aad116ab6444433e,lead,Drive End-To-End Deliverables Advertisement 2024,Advertisement,Viewed,False,2024-02-29,True
9b64c1cedb004726,48b007b51f8e4899,lead,Benchmark Rich Functionalities Event 2024,Email,Sent,False,2024-11-15,True
8f241968f74c4be6,e2efc031a92542c1,contact,Generate B2B Eyeballs Webinar 2023,Webinar,Attended,True,2025-04-18,True
153fb46ec5eb446f,31110214af114c2c,contact,Utilize Back-End Action-Items Advertisement 2025,Email,Sent,False,2024-02-10,True
3fbe90a947794682,2dbed577e7ec4c09,lead,Drive Next-Generation Communities Telemarketing 2025,Telemarketing,Responded,True,2025-04-13,False
08ca3141392e4d15,3a07aefee2d74a30,lead,Facilitate Web-Enabled Applications Email 2024,Email,Clicked,True,2024-05-31,False
443a3ae9049247a9,d1d54aeec03447f1,contact,Extend Granular Schemas Email 2025,Email,Sent,False,2025-02-24,False
1bd8de289b324c6d,08393fe814024e3b,contact,Evolve Extensible Deliverables Webinar 2023,Webinar,Attended,True,2025-04-24,True
28101932d6d0454d,6eaf4b12c4244a35,contact,Disintermediate Wireless Applications Content Syndication 2024,Content Syndication,Responded,True,2025-04-17,True
ad292f5aa0444aef,ac23f9a22f5a4d5a,lead,Evolve E-Business Markets Webinar 2023,Webinar,No Show,False,2025-04-13,True
d743ad6f98c04a9d,ba9c502883e04267,contact,Envisioneer Holistic Web-Readiness Email 2024,Email,Sent,False,2025-04-18,False
02f36202a30e406d,e6fe353aa34e40f1,contact,Integrate Open-Source Architectures Webinar 2023,Webinar,Attended,True,2024-12-01,False
0b9a30fdba50444a,2eb104fc6a944a08,contact,Evolve E-Business Markets Webinar 2023,Webinar,Attended,True,2024-01-04,True
132965b5359b4aa2,9c20faaa55be4c53,lead,Unleash 24/7 E-Tailers Event 2025,Email,Sent,False,2023-12-25,False
f2c5465910ec4778,cf8add14b8744e58,lead,Unleash Ubiquitous Channels Event 2025,Event,No Show,False,2023-12-02,True
a1da915c859d4c99,f09b58cd266740c3,lead,Benchmark Rich Functionalities Event 2024,Email,Sent,False,2025-04-23,False
e9dfe9549cc2464e,1043dd2b6102482a,contact,Re-Intermediate Visionary Convergence Webinar 2025,Webinar,Registered,False,2025-04-29,True
9f247d11a12b4609,53b148c040a34d51,lead,Harness Dynamic Relationships Telemarketing 2023,Telemarketing,Sent,False,2024-09-19,True
dbf4094aebbc4b8e,d352d7ba77cc42bd,lead,Brand End-To-End Info-Mediaries Advertisement 2024,Email,Sent,False,2025-04-19,True
ced3dd01e1b745e5,998fd075957d42ba,lead,E-Enable Seamless E-Commerce Event 2025,Event,Attended,True,2024-02-25,True
326b2891fadf48f2,a73fc52346244c3f,contact,Drive End-To-End Deliverables Advertisement 2024,Advertisement,Viewed,False,2024-10-18,False
89378847199347fb,10d3c9a79c2c4edc,lead,Optimize Strategic Supply-Chains Webinar 2023,Webinar,Registered,False,2025-02-26,True
cfb050a4b32a4c77,10dc907c214a4d97,lead,Envisioneer Holistic Web-Readiness Email 2024,Email,Opened,False,2024-07-16,False
dd16e9557cbf41fc,bda770a739914610,contact,Engage Impactful Portals Webinar 2025,Email,Sent,False,2025-04-26,True
612f36da81e94232,26db812af63f4047,lead,Matrix Wireless Solutions Advertisement 2025,Email,Sent,False,2024-11-13,True
bb3e08288dca4888,f6f30f828d3b4e72,contact,Target Mission-Critical Eyeballs Content Syndication 2025,Content Syndication,Responded,True,2024-11-26,True
857b4862e01a40aa,6dfca0b2a38a4081,contact,Disintermediate Wireless Applications Content Syndication 2024,Content Syndication,Responded,True,2025-04-05,False
7796a6bc75ae4819,e0c14835e4144ac6,lead,Unleash 24/7 E-Tailers Event 2025,Email,Sent,False,2025-02-21,False
ce59921dfaf145f0,b3927f4c1415426c,lead,Envisioneer Revolutionary Deliverables Content Syndication 2024,Content Syndication,Responded,True,2025-03-26,True
6db1a8cd8de14af7,da422659f5644382,lead,Deliver One-To-One Markets Email 2024,Email,Sent,False,2025-04-03,True
e74fb81e9e8c45e7,40071fae516d4588,lead,Evolve E-Business Markets Webinar 2023,Webinar,Attended,True,2024-12-06,True
1720f53c57c64ff6,18008446d0694e6d,lead,Brand End-To-End Info-Mediaries Advertisement 2024,Advertisement,Viewed,False,2025-04-24,False
ae19946edb6d477a,e6fe353aa34e40f1,contact,Generate B2B Eyeballs Webinar 2023,Webinar,No Show,False,2024-11-02,True
c901fc900b91482e,878261dfb76c4fe8,contact,Generate Global Architectures Content Syndication 2025,Email,Sent,False,2025-04-26,True
4e30ad0575f44b41,c733f0d560e74552,lead,Utilize Back-End Action-Items Advertisement 2025,Advertisement,Clicked,True,2025-04-03,True
87742e5003bb4ccd,384291ce34534af3,lead,Drive Next-Generation Communities Telemarketing 2025,Telemarketing,Responded,True,2024-03-26,True
05fd7fe996884e99,74505e72ac204f2f,contact,Incubate Front-End E-Tailers Telemarketing 2025,Telemarketing,Sent,False,2024-12-07,True
ee48e3f650b14f17,3cf2ede0ad1a48e4,lead,Whiteboard Synergistic Initiatives Email 2025,Email,Opened,False,2025-01-29,True
de0b949bdbaa405f,f6203f5b97d34f97,contact,Re-Intermediate Visionary Convergence Webinar 2025,Webinar,No Show,False,2025-04-17,False
02bdbfe378954fe3,fdeded0c7f814b39,contact,Strategize Seamless Vortals Telemarketing 2025,Email,Sent,False,2024-11-13,False
3e7651a30813446f,a1d5ebe937ac4e8a,contact,Evolve Extensible Deliverables Webinar 2023,Webinar,No Show,False,2025-01-12,True
f9d6302528764ab7,ef82df930bb8410a,contact,Transition Efficient Deliverables Email 2024,Email,Clicked,True,2023-11-28,True
e1a88cca8c224671,b5daae610cca458d,lead,Monetize Clicks-And-Mortar Bandwidth Event 2023,Event,No Show,False,2025-03-09,True
489f0ae7c04844d6,eb345aeb9b474871,contact,Monetize Front-End Web Services Webinar 2024,Email,Sent,False,2025-04-17,True
7205a802a8d849a5,9dbe429836044ead,contact,Unleash 24/7 E-Tailers Event 2025,Event,Attended,True,2024-11-24,False
4976607d764248c0,cae1c536432447b3,contact,Envisioneer Holistic Web-Readiness Email 2024,Email,Sent,False,2023-05-02,False
00e698f1f4b74acb,074afe875001490d,lead,Drive End-To-End Deliverables Advertisement 2024,Advertisement,Clicked,True,2024-12-01,True
ff2e28f267b2461b,fdeded0c7f814b39,contact,Optimize Strategic Supply-Chains Webinar 2023,Email,Sent,False,2025-04-30,True
466a3cb935594199,2dbed577e7ec4c09,lead,Streamline Distributed E-Markets Webinar 2023,Webinar,Registered,False,2024-12-13,False
d266b62973514955,6eaf4b12c4244a35,contact,Target Mission-Critical Eyeballs Content Syndication 2025,Content Syndication,Sent,False,2024-08-02,True
f8f66f8184244887,44b6509d6c7f4310,lead,Strategize Seamless Vortals Telemarketing 2025,Telemarketing,Sent,False,2025-04-01,False
02f8dd736dce4356,53b148c040a34d51,lead,Mesh Interactive Platforms Advertisement 2023,Advertisement,Viewed,False,2025-04-22,True
4679ad90834a444a,44b6509d6c7f4310,lead,Generate Global Architectures Content Syndication 2025,Content Syndication,Sent,False,2023-05-24,True
3161cb1e492941b9,a75b4ef3236749f8,contact,Generate B2B Eyeballs Webinar 2023,Webinar,Attended,True,2023-06-24,False
56e14bb7d82b47e7,0fe3d748143a4969,lead,Streamline Distributed E-Markets Webinar 2023,Webinar,Registered,False,2025-02-07,True
7558e9d1893d4e24,27d652b7a0984a3f,lead,Engage Impactful Portals Webinar 2025,Webinar,Attended,True,2024-05-17,True
51d78eff451d42b0,fbdf1bcc8b734f72,lead,Brand Leading-Edge Interfaces Telemarketing 2025,Email,Sent,False,2025-04-02,True
98ac7c2605a04710,d8f43e8c77994c1f,contact,Maximize Bleeding-Edge Convergence Webinar 2023,Email,Sent,False,2023-07-23,True
9421658e1e784ec0,250ae1b20d1b4f6d,contact,Embrace Out-Of-The-Box Networks Webinar 2023,Email,Sent,False,2025-04-25,True
a228758178b2406b,44b6509d6c7f4310,lead,Maximize Bleeding-Edge Convergence Webinar 2023,Webinar,No Show,False,2024-11-13,True
5cc020ab4d0044c8,09bc0e068421492d,lead,Incubate Front-End E-Tailers Telemarketing 2025,Telemarketing,Responded,True,2024-07-18,True
8c216e1894ff4445,cdee4d4b7d564dc6,lead,Unleash 24/7 E-Tailers Event 2025,Event,Attended,True,2025-03-29,True
452fe221783b485e,41d4e4e707554684,contact,Extend Granular Schemas Email 2025,Email,Opened,False,2024-11-06,True
35a006e496df49a2,dd6f44c6d6f14ec5,lead,Maximize Bleeding-Edge Convergence Webinar 2023,Email,Sent,False,2024-12-25,True
6c33354514dd41ee,dccee8b900744391,lead,Benchmark Rich Functionalities Event 2024,Event,Registered,False,2024-03-19,True
e2b61782ad014306,cf6c7be59e3e48ed,contact,Monetize Clicks-And-Mortar Bandwidth Event 2023,Event,Registered,False,2024-02-04,True
19538c5dfc444f0d,e6ebe9c1fb754f85,contact,Matrix Wireless Solutions Advertisement 2025,Advertisement,Clicked,True,2025-04-03,False
97af87adb2a84ecd,cb23f2ad6df04ed7,contact,Facilitate Web-Enabled Applications Email 2024,Email,Sent,False,2023-10-12,False
97b1a79510704bad,c3fde48d45c44d9b,lead,Generate B2B Eyeballs Webinar 2023,Webinar,No Show,False,2025-03-13,False
7763570f8e344858,dce2ab0fd8fa4b07,lead,Evolve E-Business Markets Webinar 2023,Email,Sent,False,2024-05-04,False
9a0cca35bc344df6,c3e0be5d27eb4009,lead,Facilitate Granular Web-Readiness Telemarketing 2024,Telemarketing,Responded,True,2025-03-30,True
8e19bb6990e94c7e,edaceec9b7ef4729,lead,Live Webinar Q2 2025,Webinar,Attended,True,2025-01-26,True
f5c0c366c6034d16,46f2f49e7f1b42b2,lead,Harness Wireless Communities Content Syndication 2024,Content Syndication,Responded,True,2025-04-15,True
30687aabe144421a,8c2c1549327b4f3a,contact,Evolve E-Business Markets Webinar 2023,Webinar,Registered,False,2025-04-03,True
2a3d522e03644777,a89dc838fb054355,lead,Brand Visionary Models Advertisement 2024,Email,Sent,False,2024-06-11,True
6bf8a708408d41b9,4ae63509eec74beb,contact,Drive Next-Generation Communities Telemarketing 2025,Telemarketing,Responded,True,2025-02-02,True
abf8a02a338d46e4,bd6d3f0f02ae41df,lead,Brand Visionary Models Advertisement 2024,Email,Sent,False,2025-01-07,False
8df953084c454605,a89dc838fb054355,lead,Deliver One-To-One Markets Email 2024,Email,Sent,False,2024-12-02,True
9cbe0b354a524638,ba9c502883e04267,contact,Mesh Interactive Platforms Advertisement 2023,Email,Sent,False,2024-12-11,True
c1353820af90462a,dc55f2a8c7e740ca,lead,Generate Next-Generation Markets Event 2025,Event,No Show,False,2025-04-27,True
cb616d21a0eb4a0f,9ac77f84f0734030,lead,Benchmark Rich Functionalities Event 2024,Email,Sent,False,2025-04-08,True
358ea5ab0c624b6f,e5866106d9544a03,contact,Transition Efficient Deliverables Email 2024,Email,Sent,False,2025-01-23,False
c24eecb8edd0474b,a8615e69154d464b,lead,Engage Impactful Portals Webinar 2025,Webinar,Attended,True,2024-11-12,True
10d5b81a4ffd44c1,8607ea8042cc4d4b,contact,Matrix Seamless Infrastructures Social 2024,Social,Viewed,False,2024-11-03,True
fb5186ea6bb743d1,d373575bfc004a77,lead,Facilitate Web-Enabled Applications Email 2024,Email,Opened,False,2025-02-27,True
3e97cb4b99934b3d,dd6f44c6d6f14ec5,lead,Matrix Wireless Solutions Advertisement 2025,Email,Sent,False,2023-07-30,False
1f06f01b15784155,cb23f2ad6df04ed7,contact,Utilize Back-End Action-Items Advertisement 2025,Advertisement,Viewed,False,2024-09-05,True
1cf59b591bb74657,d5d61c3a50e44043,contact,Re-Contextualize Extensible Technologies Email 2023,Email,Sent,False,2025-04-21,False
31f3947204a845e6,26db812af63f4047,lead,Redefine Cross-Media Synergies Webinar 2023,Email,Sent,False,2025-04-22,True
cc290bdc29ad4e24,8c2c1549327b4f3a,contact,Evolve E-Business Markets Webinar 2023,Webinar,Attended,True,2024-10-30,True
97269029509d4c7b,78f90616088a4ca4,lead,Target Collaborative Paradigms Social 2024,Social,Viewed,False,2024-08-01,False
97c71aab6e3d47d7,3f61e90d70704b2c,lead,Engage Impactful Portals Webinar 2025,Email,Sent,False,2025-04-12,True
adeb4de089ff4ea5,9ad1edab361b45a0,lead,Re-Contextualize B2C Networks Social 2025,Social,Clicked,True,2023-12-08,True
054dd191fc7744b5,e548daa6ea064625,lead,Generate B2B Eyeballs Webinar 2023,Webinar,No Show,False,2025-04-20,True
d5f392eabfc8415e,dbec762b4fbb49d7,lead,Envisioneer Holistic Web-Readiness Email 2024,Email,Opened,False,2025-01-24,False
f116318b084143ba,722b25ed59234651,contact,Strategize Seamless Vortals Telemarketing 2025,Telemarketing,Sent,False,2025-01-27,True
3ccd14e042244659,9f8217a6752546b4,lead,Whiteboard Synergistic Initiatives Email 2025,Email,Sent,False,2025-04-03,True
300f227a3bbe46b8,b9f8876d931449ff,lead,Benchmark Rich Functionalities Event 2024,Event,Attended,True,2025-02-09,True
89dbbeff75f144ae,53096329d289478b,lead,Orchestrate End-To-End Models Event 2025,Event,Attended,True,2025-02-07,True
5d86c336b5ee4ef9,40a43438b8c14560,contact,Evolve E-Business Markets Webinar 2023,Webinar,Attended,True,2025-04-14,True
5f006d0856bf4836,91a804aad8c44fd5,contact,Target Mission-Critical Eyeballs Content Syndication 2025,Content Syndication,Sent,False,2025-04-13,False
ac2035223a6645e4,26db812af63f4047,lead,Utilize Visionary Eyeballs Webinar 2023,Email,Sent,False,2024-08-20,False
280baa16a1c64566,40cefd399eca43ec,lead,Redefine Cross-Media Synergies Webinar 2023,Webinar,Registered,False,2025-04-25,False
fa253c45b96d41c3,6dfca0b2a38a4081,contact,Re-Intermediate Visionary Convergence Webinar 2025,Webinar,Attended,True,2025-02-02,False
6f82dce36e9c40da,e45a7fbd3e46418a,lead,Evolve Extensible Deliverables Webinar 2023,Email,Sent,False,2025-04-01,True
990f685f8ec24122,bda770a739914610,contact,Monetize Out-Of-The-Box Content Social 2023,Email,Sent,False,2025-04-08,False
094d6b1d52ce4cd9,806831de6b94469e,contact,Evolve Extensible Deliverables Webinar 2023,Webinar,No Show,False,2025-04-07,True
424b344526dd4c5f,29749fd8a29b4cc9,lead,Benchmark Rich Functionalities Event 2024,Email,Sent,False,2025-04-02,True
035baaba1cc642ce,61fa38db82654ca5,lead,Generate B2B Eyeballs Webinar 2023,Webinar,Attended,True,2025-04-03,False
e0a15452535e4973,c52500eed1a247b6,contact,Envisioneer Holistic Web-Readiness Email 2024,Email,Clicked,True,2025-04-21,True
3ac53652e39b4310,8a4e20f67d2e4cf1,contact,Disintermediate 24/7 Metrics Telemarketing 2024,Telemarketing,Responded,True,2025-04-20,False
a456a19774c7469c,16bd3a8326c74630,lead,Envisioneer Revolutionary Deliverables Content Syndication 2024,Content Syndication,Sent,False,2024-10-01,True
957ab76ef2f440ef,76bf69e3ae184839,contact,Embrace Out-Of-The-Box Networks Webinar 2023,Webinar,No Show,False,2025-01-03,True
62093a0ee82641de,074f5cde86474c7b,lead,Generate Next-Generation Markets Event 2025,Email,Sent,False,2025-04-18,True
a5dc9ef1a1a14874,18f66fedf13f408c,lead,Envisioneer Revolutionary Deliverables Content Syndication 2024,Content Syndication,Responded,True,2025-03-31,True
91407612f0304064,1e3b3a3e36184585,lead,Brand End-To-End Info-Mediaries Advertisement 2024,Advertisement,Viewed,False,2023-08-04,True
8dd400e4e42c4229,382084a4874349f5,lead,Unleash 24/7 E-Tailers Event 2025,Email,Sent,False,2024-01-02,True
12bcb7e5e7f24af5,16bd3a8326c74630,lead,Brand Leading-Edge Interfaces Telemarketing 2025,Telemarketing,Sent,False,2025-02-10,True
5ed1f7adbfaa42db,fd5df32368e240ef,lead,Unleash Ubiquitous Channels Event 2025,Email,Sent,False,2025-01-08,False
b6ca1ea9bac04710,45934305f11e4b62,lead,Monetize Clicks-And-Mortar Bandwidth Event 2023,Event,Registered,False,2024-08-17,True
afd08e9412d14543,afb27362d94744e3,contact,Harness Dynamic Relationships Telemarketing 2023,Telemarketing,Sent,False,2024-02-10,False
5030aa853fad4689,9f8217a6752546b4,lead,Unleash Cutting-Edge E-Markets Content Syndication 2025,Email,Sent,False,2024-11-27,True
cdc5f560236c44b1,8cc61fe276634742,lead,E-Enable Out-Of-The-Box Portals Social 2023,Social,Viewed,False,2025-04-01,False
2e507d47d3f34ca3,9d38418f6c59493c,contact,Evolve E-Business Markets Webinar 2023,Webinar,Attended,True,2025-04-21,True
545ca104c9b74473,fdb47da1507049a0,lead,Target Mission-Critical Eyeballs Content Syndication 2025,Email,Sent,False,2025-04-09,False
a6d16ed3aed84e39,1e3b3a3e36184585,lead,Mesh Interactive Platforms Advertisement 2023,Advertisement,Clicked,True,2025-03-12,False
347be99a45224c99,f238d76424b049a7,lead,Streamline 24/7 Systems Advertisement 2024,Advertisement,Viewed,False,2025-04-26,True
0bb3118091fe4ff9,6b35a212e3fa4148,contact,Generate Next-Generation Markets Event 2025,Event,Registered,False,2025-04-27,False
52d1282571564c10,f71a85c305c5476e,lead,Evolve E-Business Markets Webinar 2023,Webinar,Attended,True,2025-04-10,True
e630cfffd0364993,bf1bc71a92be4dfb,lead,Target Collaborative Paradigms Social 2024,Email,Sent,False,2025-04-16,True
39528bf1adb94402,16bd3a8326c74630,lead,Optimize Strategic Supply-Chains Webinar 2023,Webinar,Registered,False,2025-04-07,True
a7ac72f33ff3454d,34bc546cc797460c,lead,Brand Visionary Models Advertisement 2024,Email,Sent,False,2025-04-02,True
0015e8c9cc3c44b8,414b6112183144bd,lead,Utilize Back-End Action-Items Advertisement 2025,Advertisement,Viewed,False,2025-03-21,True
9a2ae229de384224,1c9acc1c906d4523,lead,Re-Intermediate B2B Interfaces Event 2023,Event,Registered,False,2024-12-25,True
39ac83287a0a47da,685651ac361540d8,lead,Streamline 24/7 Systems Advertisement 2024,Advertisement,Clicked,True,2025-04-05,False
570a999ca8d44dcb,1980a7068c854572,contact,Strategize Seamless Vortals Telemarketing 2025,Email,Sent,False,2023-05-09,True
cebe6209ccd24db4,3d76c0ce130c42bd,lead,Harness Wireless Communities Content Syndication 2024,Content Syndication,Sent,False,2024-03-26,True
ff375181c1fd4461,5b4f1bee75d7423f,lead,Matrix Wireless Solutions Advertisement 2025,Advertisement,Viewed,False,2025-02-05,False
582e9c3c97b743ba,4aac9ce850fb4171,lead,Harness Wireless Communities Content Syndication 2024,Email,Sent,False,2025-04-06,True
321e6a2b0ee044f3,05a3804142f546ea,lead,Utilize Visionary Eyeballs Webinar 2023,Email,Sent,False,2025-04-13,True
61c3d76783504d75,db686455f23d458b,contact,Architect Viral Models Webinar 2024,Webinar,Registered,False,2025-04-10,True
abf8e3d3a5984088,414b6112183144bd,lead,Re-Intermediate Visionary Convergence Webinar 2025,Webinar,No Show,False,2023-09-25,False
79243acf4eb8400d,188fb0d5560b4ef8,lead,Unleash Ubiquitous Channels Event 2025,Email,Sent,False,2024-07-21,True
fea196682eac4fc4,501f47ca096e4ea3,lead,Monetize Out-Of-The-Box Content Social 2023,Social,Viewed,False,2023-10-23,True
0ac36861485b44b1,811c5bb83bdb407a,lead,Drive End-To-End Deliverables Advertisement 2024,Advertisement,Viewed,False,2024-08-09,True
cc906e9183404a47,bd22c6b4689249c7,contact,Drive End-To-End Deliverables Advertisement 2024,Advertisement,Viewed,False,2025-03-27,True
f7a9ac7a487c42e0,32e961efb8e64d0a,contact,Generate Global Architectures Content Syndication 2025,Content Syndication,Responded,True,2024-11-26,True
81b8f7cf75074bc1,708e08ffce2b4624,contact,Brand End-To-End Info-Mediaries Advertisement 2024,Email,Sent,False,2025-02-02,False
b08b3f648f5b4729,f0fddac0313d4f8c,lead,Grow Best-Of-Breed Users Event 2024,Email,Sent,False,2025-04-08,True
9ffd30c9c1264830,4a6509f4e3164200,lead,Re-Contextualize Extensible Technologies Email 2023,Email,Opened,False,2025-04-21,False
8552b4a5730e4a00,cc76e2431fcd482c,contact,Generate Global Architectures Content Syndication 2025,Content Syndication,Sent,False,2025-04-18,True
fa4211544d1c4695,f0e96d76ce2349ee,contact,Facilitate Web-Enabled Applications Email 2024,Email,Opened,False,2023-12-19,False
dfc49452dd014033,ce300319779040cb,lead,Unleash Cutting-Edge E-Markets Content Syndication 2025,Email,Sent,False,2025-04-28,True
de9694f2bf5e4323,10d3c9a79c2c4edc,lead,Re-Contextualize Extensible Technologies Email 2023,Email,Clicked,True,2025-02-04,True
9a9ab3c28bb14fe6,9dd0cecced544ec3,lead,Re-Contextualize B2C Networks Social 2025,Social,Viewed,False,2024-12-08,True
04268d168bf94a78,0f94757f77ba49bf,contact,Drive End-To-End Deliverables Advertisement 2024,Email,Sent,False,2025-03-06,True
eddb08451e684aaa,c63fc11748f14133,contact,Deliver One-To-One Markets Email 2024,Email,Opened,False,2024-11-29,True
e9c886832afe44d5,8ea8b95233b04730,contact,Extend Granular Schemas Email 2025,Email,Sent,False,2024-11-18,True
94d4d10aa2fb4875,9da2c8b1ac1143f9,lead,Orchestrate End-To-End Models Event 2025,Event,No Show,False,2025-04-07,False
c71e21a933c44698,ab3adfe35cbf4fcf,lead,Harness Wireless Communities Content Syndication 2024,Content Syndication,Responded,True,2025-04-30,False
8da8599e3f6f46ae,638283ed2b3b42ba,contact,Benchmark Rich Functionalities Event 2024,Email,Sent,False,2024-12-13,True
04bc73fce3714225,3d22eb58e4b84734,lead,Unleash Cutting-Edge E-Markets Content Syndication 2025,Email,Sent,False,2023-12-28,True
0323ecff19ba4e9e,16bd3a8326c74630,lead,Drive End-To-End Deliverables Advertisement 2024,Advertisement,Clicked,True,2025-01-06,False
43c633292dc748fe,b49af152740a45e6,lead,Re-Intermediate Visionary Convergence Webinar 2025,Webinar,No Show,False,2024-12-11,True
3f7bb28f711a4250,ab0ce0dc0056419a,lead,Monetize Out-Of-The-Box Content Social 2023,Email,Sent,False,2025-04-06,False
187d704ea8d146aa,61fa38db82654ca5,lead,Utilize Visionary Eyeballs Webinar 2023,Webinar,Registered,False,2023-05-21,False
5cd80a5ff75a45ab,0ef16dc55cac4a29,lead,Maximize Bleeding-Edge Convergence Webinar 2023,Webinar,Attended,True,2024-12-22,False
fce81f7420224cc6,cc76e2431fcd482c,contact,Harness Wireless Communities Content Syndication 2024,Content Syndication,Responded,True,2025-02-10,True
c8ddc979ee1849f4,f238d76424b049a7,lead,Unleash Cutting-Edge E-Markets Content Syndication 2025,Content Syndication,Sent,False,2025-04-30,True
72124688cd9b4a54,1980a7068c854572,contact,Embrace Out-Of-The-Box Networks Webinar 2023,Email,Sent,False,2025-03-08,True
e00ba1881eba4e3c,b3eefe0417b045c5,contact,Transition Efficient Deliverables Email 2024,Email,Sent,False,2025-04-01,False
6f0a2ba6dfac4ab8,806831de6b94469e,contact,Brand Leading-Edge Interfaces Telemarketing 2025,Telemarketing,Responded,True,2024-02-14,False
e9239d3c3bd64519,250ae1b20d1b4f6d,contact,Re-Contextualize Extensible Technologies Email 2023,Email,Sent,False,2025-02-18,True
6d80f743a9fb4b21,f45c994a5a57444b,contact,Re-Contextualize Extensible Technologies Email 2023,Email,Sent,False,2023-12-07,True
a1a545aa7c0049f9,50aa4e71898048be,contact,Optimize Strategic Supply-Chains Webinar 2023,Webinar,No Show,False,2023-09-07,False
bf2b1582a46947ab,8fbea558b791444b,lead,Incubate Front-End E-Tailers Telemarketing 2025,Telemarketing,Sent,False,2025-04-29,True
1aafac3f4fa648e3,4aac9ce850fb4171,lead,Mesh Interactive Platforms Advertisement 2023,Email,Sent,False,2025-02-10,False
f883ab9fd16444ea,6f551af0e6e64e0b,lead,Brand Leading-Edge Interfaces Telemarketing 2025,Telemarketing,Sent,False,2025-01-12,True
e6c8acb45fd14c3c,d6a893b59d0f483d,lead,Facilitate Granular Web-Readiness Telemarketing 2024,Telemarketing,Sent,False,2025-03-24,False
3149b818296245d6,3bbeb88066404b42,contact,Envisioneer Holistic Web-Readiness Email 2024,Email,Opened,False,2023-08-20,False
8e8c9178563c4408,3f61e90d70704b2c,lead,Extend Granular Schemas Email 2025,Email,Sent,False,2024-12-07,True
e1d729443b8845db,1980a7068c854572,contact,Embrace Out-Of-The-Box Networks Webinar 2023,Email,Sent,False,2025-04-13,False
7609a21691cc4617,d2157d96ad524a23,lead,Grow Best-Of-Breed Users Event 2024,Email,Sent,False,2024-11-27,True
6273db563c6a478d,cb23f2ad6df04ed7,contact,Iterate Transparent Initiatives Social 2023,Social,Clicked,True,2025-04-09,True
4e7b9f5a029f47a7,53096329d289478b,lead,Drive Next-Generation Communities Telemarketing 2025,Telemarketing,Responded,True,2024-03-01,True
530c0d6b06084ab5,2d13a190df7f4473,contact,Orchestrate 24/7 Relationships Content Syndication 2024,Content Syndication,Responded,True,2024-09-20,False
55470b01dfb845d4,81fc4372869b4d59,lead,Brand Leading-Edge Interfaces Telemarketing 2025,Telemarketing,Sent,False,2024-07-05,True
5f17d59148dc479b,75697ac8f1844175,lead,Disintermediate Wireless Applications Content Syndication 2024,Content Syndication,Responded,True,2025-04-24,True
1e8fbfbd55a14734,8cc61fe276634742,lead,Architect Viral Models Webinar 2024,Webinar,Attended,True,2025-04-02,False
59ca905dc6c5431f,25360d5663ef44cd,contact,Streamline 24/7 Systems Advertisement 2024,Advertisement,Clicked,True,2025-04-17,False
04a014931ff84abf,b688fbf38d6b4705,lead,Extend Granular Schemas Email 2025,Email,Sent,False,2025-04-04,True
8a8a823df8a34d3c,53b148c040a34d51,lead,Matrix Wireless Solutions Advertisement 2025,Advertisement,Viewed,False,2024-12-10,False
52f0c42d844d4f20,d373575bfc004a77,lead,Iterate Transparent Initiatives Social 2023,Social,Clicked,True,2024-12-11,False
9cd2af4e01c14d46,eda537e2082d44a5,contact,Brand Leading-Edge Interfaces Telemarketing 2025,Telemarketing,Responded,True,2025-03-12,True
5c425788172542cf,6f6934d17dd84da2,contact,Unleash Ubiquitous Channels Event 2025,Event,Attended,True,2024-02-18,False
963d54f5dadd46e7,8b3f30b35550489e,contact,Incubate Front-End E-Tailers Telemarketing 2025,Telemarketing,Sent,False,2025-04-22,True
53fa846d12d541f7,6dfca0b2a38a4081,contact,Deliver One-To-One Markets Email 2024,Email,Sent,False,2025-04-20,False
a489ffd222364caf,ff3588bc2062471d,lead,Brand Leading-Edge Interfaces Telemarketing 2025,Email,Sent,False,2023-11-14,False
dbd2f3f134124d42,3eaf6a3577694671,lead,Re-Intermediate B2B Interfaces Event 2023,Event,Attended,True,2024-11-14,True
822d7686c12d48f1,606e5efeba7547a7,contact,Revolutionize Value-Added Deliverables Telemarketing 2023,Email,Sent,False,2023-12-15,True
a4d13dbbc69240d8,429413ad913f4749,lead,Re-Intermediate Visionary Convergence Webinar 2025,Webinar,Attended,True,2025-04-26,True
1be61dfc38d04c64,81fc4372869b4d59,lead,Deliver One-To-One Markets Email 2024,Email,Opened,False,2024-12-12,False
353055db0c7746ec,6dfca0b2a38a4081,contact,Mesh Interactive Platforms Advertisement 2023,Advertisement,Viewed,False,2025-02-06,True
71f5d42302f64aaa,61fa38db82654ca5,lead,Extend Granular Schemas Email 2025,Email,Sent,False,2025-04-29,False
fc3716f302354070,43e2fdd56a854f1c,contact,Re-Contextualize Extensible Technologies Email 2023,Email,Opened,False,2024-07-20,False
4a948f25cf524c93,f43799fb22e54bf5,lead,Whiteboard Synergistic Initiatives Email 2025,Email,Sent,False,2025-02-13,False
756f3be7e028471e,57a6edd2b0744232,lead,Evolve E-Business Markets Webinar 2023,Email,Sent,False,2025-02-07,False
dbe69e9d65684984,6d7279c67c4043c1,lead,Monetize Out-Of-The-Box Content Social 2023,Social,Clicked,True,2025-04-28,False
34861d86f9bd421c,1b690874435840a4,lead,Monetize Front-End Web Services Webinar 2024,Webinar,Registered,False,2025-02-17,True
9cced22b7db24305,e548daa6ea064625,lead,Optimize Strategic Supply-Chains Webinar 2023,Webinar,No Show,False,2024-02-09,True
2d227f0ca4534d86,c65ca09a99d44d46,contact,Brand Visionary Models Advertisement 2024,Email,Sent,False,2024-08-09,False
f6a7434abe424bbd,2e57f039f1704f86,lead,Brand End-To-End Info-Mediaries Advertisement 2024,Advertisement,Clicked,True,2023-07-06,False
034c675e33a540ed,29749fd8a29b4cc9,lead,Unleash Ubiquitous Channels Event 2025,Email,Sent,False,2025-01-17,False
0aadb3bd1c0841e1,fbdf1bcc8b734f72,lead,Engage Impactful Portals Webinar 2025,Email,Sent,False,2025-04-03,False
3512f07b2919448f,45934305f11e4b62,lead,E-Enable Out-Of-The-Box Portals Social 2023,Social,Clicked,True,2024-01-04,True
fa003d5db2b248e0,bd63086e621b4ab8,contact,Deliver One-To-One Markets Email 2024,Email,Opened,False,2025-04-29,False
69b03ce03fec47fc,4a62ece44fb04af2,lead,Re-Intermediate B2B Interfaces Event 2023,Email,Sent,False,2023-11-15,True
a3c913305a3f496e,9da2c8b1ac1143f9,lead,Mesh Interactive Platforms Advertisement 2023,Advertisement,Viewed,False,2025-04-13,True
232f0919c205411f,501f47ca096e4ea3,lead,Architect Viral Models Webinar 2024,Webinar,Attended,True,2024-11-08,True
be88f0480b594da6,2d13a190df7f4473,contact,Deliver One-To-One Markets Email 2024,Email,Opened,False,2025-04-28,True
0f02765313a44105,e5e584ac6b91490c,lead,Embrace Out-Of-The-Box Networks Webinar 2023,Email,Sent,False,2024-12-18,True
86c9c58642844bd5,7e42afa216f549bd,contact,Generate Global Architectures Content Syndication 2025,Content Syndication,Sent,False,2025-03-13,False
784ffe651b254ea2,14c41452160d40f4,contact,Maximize Bleeding-Edge Convergence Webinar 2023,Email,Sent,False,2024-12-03,True
c1bee39c71264390,185ab818f2a94f8b,contact,Whiteboard Synergistic Initiatives Email 2025,Email,Sent,False,2024-05-13,True
22dd44ee4efe4277,7d071f1424854f46,lead,Utilize Visionary Eyeballs Webinar 2023,Webinar,Registered,False,2025-04-26,True
20f83ef84c1341d1,32e961efb8e64d0a,contact,Monetize Front-End Web Services Webinar 2024,Webinar,No Show,False,2025-04-13,True
8378ee3fa0f848e6,f238d76424b049a7,lead,Facilitate Web-Enabled Applications Email 2024,Email,Clicked,True,2025-04-08,True
1251d40c2cf24768,8ab8089b41044dcd,contact,Generate Global Architectures Content Syndication 2025,Email,Sent,False,2025-04-13,False
751cb897506647e1,c9743f225f254bf0,lead,Facilitate Web-Enabled Applications Email 2024,Email,Clicked,True,2023-06-10,False
c65f6ce8aa214f06,820ceb3523964e88,contact,Unleash 24/7 E-Tailers Event 2025,Email,Sent,False,2024-11-28,True
bb19c921316d471f,108faca1020643bc,lead,Whiteboard Synergistic Initiatives Email 2025,Email,Sent,False,2025-01-04,True
34b87ae0e40d474d,638283ed2b3b42ba,contact,Architect Customized Partnerships Telemarketing 2024,Email,Sent,False,2025-01-03,True
e3ad43c7c99d4a5f,eeb7351d5d714452,lead,Disintermediate 24/7 Metrics Telemarketing 2024,Telemarketing,Responded,True,2024-12-28,True
89d42639996f4c92,10dc907c214a4d97,lead,Orchestrate 24/7 Relationships Content Syndication 2024,Content Syndication,Responded,True,2025-02-13,False
217f52551129495d,91096f981d644411,contact,Harness Wireless Communities Content Syndication 2024,Email,Sent,False,2025-04-29,True
d2b4fb4e12104432,2aef14af217d4baa,lead,Incubate Front-End E-Tailers Telemarketing 2025,Telemarketing,Responded,True,2024-11-18,True
c06a2fe568c4481c,97c325d1ea5f44f8,lead,Utilize Visionary Eyeballs Webinar 2023,Webinar,No Show,False,2025-01-16,True
500a7d147378485f,69cb0873a73d4fbe,contact,Redefine Cross-Media Synergies Webinar 2023,Webinar,Attended,True,2025-02-10,False
89d7eb50e005485f,3a1ed3cafa6b4b06,lead,Maximize Bleeding-Edge Convergence Webinar 2023,Email,Sent,False,2025-04-24,True
9ef9ea7e975e4f9a,c733f0d560e74552,lead,Envisioneer Revolutionary Deliverables Content Syndication 2024,Content Syndication,Sent,False,2025-04-18,True
eb07a19e0e934909,3a07aefee2d74a30,lead,Re-Intermediate Visionary Convergence Webinar 2025,Webinar,Registered,False,2025-04-28,True
a492418465e44ecc,4023c4102aed411a,contact,Harness Wireless Communities Content Syndication 2024,Email,Sent,False,2025-04-01,False
bf89a80a318a42a2,c1658ce6e6a940eb,lead,Drive Next-Generation Communities Telemarketing 2025,Telemarketing,Responded,True,2025-04-28,True
7c1927b8f34340e0,f238d76424b049a7,lead,Integrate Open-Source Architectures Webinar 2023,Webinar,No Show,False,2025-01-09,False
5b09695f4323417e,4aac9ce850fb4171,lead,Unleash 24/7 E-Tailers Event 2025,Email,Sent,False,2025-04-28,True
69729fe8a98d471d,ce300319779040cb,lead,E-Enable Out-Of-The-Box Portals Social 2023,Email,Sent,False,2025-04-06,True
1a9a09b9a1a34f23,ff3588bc2062471d,lead,Integrate Open-Source Architectures Webinar 2023,Email,Sent,False,2023-07-09,True
32036c6313e44079,66f3c7b60076469b,contact,Deliver One-To-One Markets Email 2024,Email,Clicked,True,2025-04-24,True
7b1b7ed1b13d4783,4e05b0b7d84e468e,lead,Utilize Back-End Action-Items Advertisement 2025,Advertisement,Viewed,False,2024-10-03,True
7bd213de78cb46cc,2d13a190df7f4473,contact,Generate B2B Eyeballs Webinar 2023,Webinar,Attended,True,2025-04-30,True
d096047084604960,17b7d153640749d7,lead,E-Enable Out-Of-The-Box Portals Social 2023,Email,Sent,False,2025-04-05,True
9977006a96284124,fd5df32368e240ef,lead,Extend Granular Schemas Email 2025,Email,Sent,False,2025-04-28,False
ee336c930a4a4e47,a7ec1fdced7b4f70,lead,Streamline 24/7 Systems Advertisement 2024,Advertisement,Clicked,True,2024-02-23,False
5f6269ffa8be4e1e,afb27362d94744e3,contact,E-Enable Out-Of-The-Box Portals Social 2023,Social,Viewed,False,2025-04-13,True
122aedae8bc64ecb,036deccc5cd94143,lead,Brand Leading-Edge Interfaces Telemarketing 2025,Telemarketing,Sent,False,2024-12-20,False
b13a42918bf84dd4,b5628a11fc8c4ace,lead,Unleash 24/7 E-Tailers Event 2025,Event,Attended,True,2024-12-19,True
2809ef647b3246d5,185ab818f2a94f8b,contact,Harness Dynamic Relationships Telemarketing 2023,Email,Sent,False,2024-02-04,False
3acabc0e1dd44427,ab0ce0dc0056419a,lead,Re-Contextualize Extensible Technologies Email 2023,Email,Sent,False,2025-03-21,True
ad287454d4ca430e,a7ec1fdced7b4f70,lead,Generate Next-Generation Markets Event 2025,Event,Registered,False,2025-04-20,False
5292c48bc47c4141,7833119f50b24965,lead,Iterate Transparent Initiatives Social 2023,Social,Viewed,False,2024-12-20,False
75fe81fca38d4d29,10c979587b494efe,lead,Transition Efficient Deliverables Email 2024,Email,Sent,False,2024-12-05,False
2e0f4befea26490c,d99b328559514fad,lead,Drive End-To-End Deliverables Advertisement 2024,Email,Sent,False,2025-04-07,False
8e8269e551cf43ef,45d0cf21efe2488b,contact,Grow Best-Of-Breed Users Event 2024,Email,Sent,False,2024-12-01,True
0bc1b3b4757443a4,a89dc838fb054355,lead,Re-Contextualize Extensible Technologies Email 2023,Email,Sent,False,2025-02-09,False
824c2f5835f643f6,685651ac361540d8,lead,Extend Granular Schemas Email 2025,Email,Opened,False,2025-02-15,True
bf2b32e63e2e44ba,26db812af63f4047,lead,Envisioneer Revolutionary Deliverables Content Syndication 2024,Email,Sent,False,2025-04-16,False
036190ad7ac04e3e,72e2e2794c6f4d88,lead,Engineer Robust Web Services Event 2024,Event,Registered,False,2025-04-23,False
adb90cba5ea94de5,1abf5af70fe94ec7,lead,Target Mission-Critical Eyeballs Content Syndication 2025,Email,Sent,False,2025-04-30,False
0a3433d31c3f4007,c4d63c4b69cb46f3,contact,Envisioneer Revolutionary Deliverables Content Syndication 2024,Content Syndication,Sent,False,2025-04-03,True
a51a3aa4fd354fd3,6cd7995cd86b4321,lead,Matrix Seamless Infrastructures Social 2024,Social,Clicked,True,2025-01-14,True
f9eed1ce36c24e4a,3f61e90d70704b2c,lead,Engineer Robust Web Services Event 2024,Email,Sent,False,2025-02-19,False
fa11bac5769d4eea,d373575bfc004a77,lead,Brand Leading-Edge Interfaces Telemarketing 2025,Telemarketing,Sent,False,2023-10-28,False
46d64fc85b1246f8,4345a36ec0a646bd,contact,Re-Intermediate B2B Interfaces Event 2023,Event,Attended,True,2024-05-24,False
e973d2f38cf54f75,a542e69695854a2c,lead,Generate Global Architectures Content Syndication 2025,Content Syndication,Responded,True,2024-12-28,True
3df7a96a6af44bc1,40071fae516d4588,lead,Re-Contextualize B2C Networks Social 2025,Social,Viewed,False,2023-09-23,True
1775590e1b4e481b,414b6112183144bd,lead,Generate Global Architectures Content Syndication 2025,Content Syndication,Sent,False,2024-11-27,False
e4e8f9fecc364c59,2864e38fca2b4a35,lead,Monetize Front-End Web Services Webinar 2024,Webinar,Registered,False,2025-03-29,True
ebc163cbe2de474d,384291ce34534af3,lead,Unleash 24/7 E-Tailers Event 2025,Event,Registered,False,2025-04-24,True
d2647322c88f4472,3f61e90d70704b2c,lead,Drive Next-Generation Communities Telemarketing 2025,Email,Sent,False,2023-07-17,True
74a43a7a76f94d05,e79ae282252a44a9,contact,Drive End-To-End Deliverables Advertisement 2024,Advertisement,Clicked,True,2023-05-18,False
32499ae7a8104820,26db812af63f4047,lead,Re-Contextualize B2C Networks Social 2025,Email,Sent,False,2023-06-06,False
67195475340f4fd2,0d97159d8b2c43d1,lead,Extend Granular Schemas Email 2025,Email,Sent,False,2025-01-09,True
194d03448c734f42,66793a8683834078,lead,Engineer Robust Web Services Event 2024,Email,Sent,False,2025-02-26,False
cb1ef479d692421b,7dd13377c8154769,lead,Incubate Front-End E-Tailers Telemarketing 2025,Telemarketing,Sent,False,2023-11-20,False
77e489b591804ecd,29749fd8a29b4cc9,lead,Harness Wireless Communities Content Syndication 2024,Email,Sent,False,2024-11-08,False
0c32031d65374a03,b9f8876d931449ff,lead,Target Mission-Critical Eyeballs Content Syndication 2025,Content Syndication,Responded,True,2025-04-05,False
450126fbfcab4e7b,8a2d4cc002b0472e,lead,Monetize Out-Of-The-Box Content Social 2023,Email,Sent,False,2023-07-10,True
d0abb120f2a5466b,76814aef8eb041cb,contact,Target Collaborative Paradigms Social 2024,Social,Viewed,False,2025-04-24,True
8084f0aa44b8473c,9da2c8b1ac1143f9,lead,Architect Viral Models Webinar 2024,Webinar,Registered,False,2025-04-08,False
782f8b516a39409b,429413ad913f4749,lead,Integrate Open-Source Architectures Webinar 2023,Webinar,Registered,False,2024-12-01,False
62a6138f55124587,e874b3fef9f44a20,lead,Brand Visionary Models Advertisement 2024,Advertisement,Clicked,True,2025-04-01,False
274d250359b345a1,ab0ce0dc0056419a,lead,Envisioneer Revolutionary Deliverables Content Syndication 2024,Email,Sent,False,2025-04-20,True
bd77394688e54947,501f47ca096e4ea3,lead,Brand End-To-End Info-Mediaries Advertisement 2024,Advertisement,Clicked,True,2025-04-12,True
789e83eb2d78475c,f238d76424b049a7,lead,Unleash Cutting-Edge E-Markets Content Syndication 2025,Content Syndication,Sent,False,2025-04-19,True
07d2566eec19400d,edaceec9b7ef4729,lead,Nurture Drip Sequence,Email,Sent,False,2025-03-20,True
6faa87e9599e4634,c3e0be5d27eb4009,lead,Architect Viral Models Webinar 2024,Webinar,No Show,False,2025-01-01,True
4dc95251c6304a52,3eaf6a3577694671,lead,Transition Efficient Deliverables Email 2024,Email,Clicked,True,2025-04-25,True
7338dc499b4945b9,64fd54a58d2a41ed,lead,Integrate Open-Source Architectures Webinar 2023,Email,Sent,False,2025-04-19,False
f55a20b294e9402d,a73bdabac25543b8,lead,Matrix Seamless Infrastructures Social 2024,Social,Viewed,False,2025-04-24,False
5d796ced5dd04c7a,0531414cfda844f2,lead,Strategize Seamless Vortals Telemarketing 2025,Telemarketing,Sent,False,2024-03-18,False
2a42e917289e43b3,08393fe814024e3b,contact,Maximize Bleeding-Edge Convergence Webinar 2023,Webinar,Registered,False,2025-01-28,True
95d92502075d473c,6f6934d17dd84da2,contact,Monetize Out-Of-The-Box Content Social 2023,Social,Viewed,False,2024-12-07,True
f5b290a81f4f4923,3eaf6a3577694671,lead,Monetize Clicks-And-Mortar Bandwidth Event 2023,Event,Registered,False,2023-12-21,False
92fdf099345c447e,a4a4341a54c846f6,lead,Utilize Visionary Eyeballs Webinar 2023,Webinar,No Show,False,2024-02-13,True
1fec47e7832e40d5,4a62ece44fb04af2,lead,Matrix Seamless Infrastructures Social 2024,Email,Sent,False,2024-11-27,True
4ddba028b9b04cca,0d2cb55ff0204616,contact,Utilize Back-End Action-Items Advertisement 2025,Advertisement,Viewed,False,2025-04-24,True
4c29f7d3d0dd464e,d5d61c3a50e44043,contact,Deliver One-To-One Markets Email 2024,Email,Sent,False,2025-03-24,True
d0beb037f63148f4,8cc61fe276634742,lead,Drive Next-Generation Communities Telemarketing 2025,Telemarketing,Responded,True,2025-04-10,True
a6e24e7a462f4c8c,672d20b5dd8c4201,lead,Re-Contextualize Extensible Technologies Email 2023,Email,Clicked,True,2023-10-26,False
6b8d3db643c7446a,67979dd6ff284c89,lead,Incubate Front-End E-Tailers Telemarketing 2025,Telemarketing,Responded,True,2025-04-28,False
bf32339760b84550,7d071f1424854f46,lead,Brand Leading-Edge Interfaces Telemarketing 2025,Telemarketing,Sent,False,2025-04-07,True
ed48dd0a88f74c1e,297bb252619c48fb,lead,Utilize Back-End Action-Items Advertisement 2025,Email,Sent,False,2025-04-03,False
4a3403d0f4fc40f3,65f97209bb6943b6,contact,Target Collaborative Paradigms Social 2024,Social,Viewed,False,2025-04-17,True
4b9eb9c5645e41b9,91cfea350f644b72,contact,Evolve Extensible Deliverables Webinar 2023,Webinar,Attended,True,2025-04-04,True
73d27f08bdb54a0b,45934305f11e4b62,lead,Deliver One-To-One Markets Email 2024,Email,Sent,False,2023-05-12,True
de1e8dc4cc564646,3d22eb58e4b84734,lead,Embrace Out-Of-The-Box Networks Webinar 2023,Email,Sent,False,2025-04-27,True
61ecec717ee34948,dbec762b4fbb49d7,lead,Revolutionize Value-Added Deliverables Telemarketing 2023,Telemarketing,Sent,False,2025-03-26,False
a5a0e9e12da84e97,d602bebcbed441fa,lead,Extend Granular Schemas Email 2025,Email,Opened,False,2023-05-12,False
b7feb59c47de4351,a4cc25373112444a,contact,Transition Efficient Deliverables Email 2024,Email,Sent,False,2024-04-07,False
cfd2d136014b404a,820e3f38dbe146bb,lead,Embrace Out-Of-The-Box Networks Webinar 2023,Email,Sent,False,2025-04-04,False
f21b0117d28a410d,3dd986c8e3fe4891,lead,E-Enable Out-Of-The-Box Portals Social 2023,Social,Clicked,True,2023-07-21,True
854a8d90252b4be8,c75e6b302bb34cc3,contact,Deliver One-To-One Markets Email 2024,Email,Sent,False,2025-04-13,True
25e834ad63694130,aad116ab6444433e,lead,Monetize Front-End Web Services Webinar 2024,Webinar,Attended,True,2025-04-10,True
73a6530fdeb44343,c5f31bf488a34883,contact,Unleash Cutting-Edge E-Markets Content Syndication 2025,Email,Sent,False,2025-04-05,True
7c3e077ea87a490f,bf69f9a848264267,lead,Envisioneer Holistic Web-Readiness Email 2024,Email,Sent,False,2025-04-02,True
bacecd632e924918,bd63086e621b4ab8,contact,Mesh Interactive Platforms Advertisement 2023,Advertisement,Viewed,False,2025-01-31,False
7e17db9d08494267,16bd3a8326c74630,lead,Engage Impactful Portals Webinar 2025,Webinar,No Show,False,2023-05-27,False
9f80c1f229274539,7e42afa216f549bd,contact,Grow Best-Of-Breed Users Event 2024,Event,Attended,True,2025-04-30,True
768980d647434133,d352d7ba77cc42bd,lead,Re-Intermediate Visionary Convergence Webinar 2025,Email,Sent,False,2025-02-09,True
203e65cbc4a14d69,3de1ba830de74bc6,lead,Streamline Distributed E-Markets Webinar 2023,Email,Sent,False,2024-04-25,True
fbc7e94051334132,91a804aad8c44fd5,contact,Architect Viral Models Webinar 2024,Webinar,Registered,False,2025-03-13,True
13061b7792d24809,2db7a24dd22e4d5a,contact,Benchmark Rich Functionalities Event 2024,Event,Registered,False,2025-04-29,False
4a9e22ea028e48dc,2e3a5a2174bb454e,contact,Utilize Visionary Eyeballs Webinar 2023,Webinar,No Show,False,2025-01-31,True
e3e250ea09e94184,e4d00aa7d627429f,lead,Generate Global Architectures Content Syndication 2025,Content Syndication,Responded,True,2024-11-06,True
37e548d4b3514f11,edaceec9b7ef4729,lead,Nurture Drip Sequence,Email,Sent,False,2025-02-22,True
e574ba2ec06e4820,800c6e0375524274,lead,Unleash 24/7 E-Tailers Event 2025,Email,Sent,False,2025-04-29,False
8f743c0188174822,9968bb12a175448a,lead,Monetize Out-Of-The-Box Content Social 2023,Email,Sent,False,2024-11-26,True
1316219a313545f3,edaceec9b7ef4729,lead,Nurture Drip Sequence,Email,Sent,False,2024-12-03,True
e4dcbea2846844cf,27d42a97bada439d,lead,Brand Leading-Edge Interfaces Telemarketing 2025,Telemarketing,Responded,True,2025-04-11,True
0fa66d608eca4c0c,e6fe353aa34e40f1,contact,Harness Dynamic Relationships Telemarketing 2023,Telemarketing,Sent,False,2023-12-24,True
dfe87a4ae90e4c26,db093815e91c423f,contact,Extend Granular Schemas Email 2025,Email,Clicked,True,2024-06-04,False
bae9db37566a4a98,76814aef8eb041cb,contact,Disintermediate Wireless Applications Content Syndication 2024,Content Syndication,Sent,False,2023-10-23,True
49644c9ced6e4c71,43580c79aa744c18,contact,Benchmark Rich Functionalities Event 2024,Event,Attended,True,2024-07-23,False
b17593ffb2ae4524,0713c748e023489a,lead,Generate Next-Generation Markets Event 2025,Event,No Show,False,2025-04-29,False
32a1f9f20a6143ae,cc76e2431fcd482c,contact,Target Collaborative Paradigms Social 2024,Social,Clicked,True,2025-02-08,False
83bb8b8fcc8442b3,878261dfb76c4fe8,contact,Redefine Cross-Media Synergies Webinar 2023,Email,Sent,False,2025-03-19,True
b6e0a3da62954371,a542e69695854a2c,lead,Generate B2B Eyeballs Webinar 2023,Webinar,Registered,False,2024-09-04,False
c80a7968df0f4368,d7aa9d22d1cb46db,contact,Drive Next-Generation Communities Telemarketing 2025,Telemarketing,Responded,True,2024-10-16,True
147e3df3a276499f,800c6e0375524274,lead,Orchestrate 24/7 Relationships Content Syndication 2024,Email,Sent,False,2025-04-15,False
539b6aaea790464c,93f32af2016f44e9,lead,Redefine Cross-Media Synergies Webinar 2023,Webinar,No Show,False,2025-01-05,True
8e9a004ed7f84c99,8607ea8042cc4d4b,contact,Re-Intermediate B2B Interfaces Event 2023,Event,Attended,True,2025-01-16,False
d87270d764d94bcf,9da2c8b1ac1143f9,lead,Generate B2B Eyeballs Webinar 2023,Webinar,Attended,True,2025-04-09,True
244015efb9ae4535,1b690874435840a4,lead,Utilize Visionary Eyeballs Webinar 2023,Webinar,Attended,True,2023-12-04,False
e40bf4fadfac4cc8,6731d3aa45a44078,lead,Drive Next-Generation Communities Telemarketing 2025,Email,Sent,False,2024-12-08,True
0b2cfc6ca3354fe3,d373575bfc004a77,lead,Integrate Open-Source Architectures Webinar 2023,Webinar,No Show,False,2025-04-21,True
2110c46947b94ea9,8607ea8042cc4d4b,contact,Deliver One-To-One Markets Email 2024,Email,Opened,False,2024-12-28,False
fed127c45bfc49be,ab3adfe35cbf4fcf,lead,Target Collaborative Paradigms Social 2024,Social,Viewed,False,2025-04-22,False
87a8df26272e45e0,27d42a97bada439d,lead,Matrix Wireless Solutions Advertisement 2025,Advertisement,Clicked,True,2025-04-22,True
fec9aa6d46cf47f8,79ae9be297ac4ed8,lead,Strategize Seamless Vortals Telemarketing 2025,Telemarketing,Sent,False,2025-04-04,False
4f7061a17f92480a,800c6e0375524274,lead,Revolutionize Value-Added Deliverables Telemarketing 2023,Email,Sent,False,2025-04-21,True
a84278f828f6450e,a9b9beb598a64e0d,contact,Strategize Seamless Vortals Telemarketing 2025,Telemarketing,Sent,False,2024-07-17,True
cac2bde0d923485d,f0e4f07723ff481c,lead,Envisioneer Holistic Web-Readiness Email 2024,Email,Sent,False,2025-02-06,True
505784ab1bfb4b1d,f0fddac0313d4f8c,lead,Target Mission-Critical Eyeballs Content Syndication 2025,Email,Sent,False,2024-04-29,True
d86cdf5da4174e7c,eeb7351d5d714452,lead,Unleash 24/7 E-Tailers Event 2025,Event,Attended,True,2025-01-07,False
fc312b6e7f8b4c22,c2e9e649e24b4ca1,lead,E-Enable Seamless E-Commerce Event 2025,Event,Registered,False,2025-03-02,False
60c7acb369f74785,02101115a2bd45d1,contact,Orchestrate End-To-End Models Event 2025,Event,No Show,False,2024-09-08,False
51146ccc5aa54aae,29749fd8a29b4cc9,lead,Iterate Transparent Initiatives Social 2023,Email,Sent,False,2025-01-07,False
6d44765924b44289,79ae9be297ac4ed8,lead,Matrix Seamless Infrastructures Social 2024,Social,Clicked,True,2025-03-29,True
9cac130387d445db,c5f31bf488a34883,contact,Engineer Robust Web Services Event 2024,Email,Sent,False,2023-10-09,True
a3c77bcb02af478c,811c5bb83bdb407a,lead,Re-Intermediate Visionary Convergence Webinar 2025,Webinar,No Show,False,2025-01-25,False
3a18111a86f24c05,396fd4708492463e,lead,Transition Efficient Deliverables Email 2024,Email,Clicked,True,2025-04-04,False
b6bc1ad239364a34,1f31c41e9afc4345,lead,Utilize Visionary Eyeballs Webinar 2023,Email,Sent,False,2025-04-29,True
c28d3edac80743e4,25360d5663ef44cd,contact,E-Enable Out-Of-The-Box Portals Social 2023,Social,Viewed,False,2025-04-20,True
6ac2861d7cb04b95,036deccc5cd94143,lead,Envisioneer Revolutionary Deliverables Content Syndication 2024,Content Syndication,Sent,False,2025-04-04,False
4e46e491396f4164,edaceec9b7ef4729,lead,Nurture Drip Sequence,Email,Sent,False,2024-11-17,True
7f3fc914c42a4b62,11615fb8701a40d1,lead,Evolve Extensible Deliverables Webinar 2023,Webinar,Attended,True,2025-04-16,True
088ce0a35568421f,45934305f11e4b62,lead,Extend Granular Schemas Email 2025,Email,Sent,False,2023-07-03,False
462f51e8d3bc4b67,1980a7068c854572,contact,Grow Best-Of-Breed Users Event 2024,Email,Sent,False,2025-04-24,True
548c45f6c9b84e6a,3f61e90d70704b2c,lead,Engineer Robust Web Services Event 2024,Email,Sent,False,2025-02-12,False
c5d52433bcf6494f,6dfca0b2a38a4081,contact,Monetize Clicks-And-Mortar Bandwidth Event 2023,Event,Registered,False,2025-04-17,False
12a0ad18ac2a4ab0,7d071f1424854f46,lead,Monetize Out-Of-The-Box Content Social 2023,Social,Viewed,False,2025-02-07,False
90e7ee6f2a1f4919,09bc0e068421492d,lead,Generate Next-Generation Markets Event 2025,Event,Registered,False,2025-04-01,False
2cec52b4019c40d8,f659b94c26a440d0,contact,Streamline 24/7 Systems Advertisement 2024,Advertisement,Viewed,False,2024-10-27,False
a295220de6654088,32e961efb8e64d0a,contact,Strategize Seamless Vortals Telemarketing 2025,Telemarketing,Sent,False,2025-03-07,True
12e6c089dbc34c6f,edaceec9b7ef4729,lead,Nurture Drip Sequence,Email,Sent,False,2024-12-27,True
273e65be1108403a,a89dc838fb054355,lead,Disintermediate Wireless Applications Content Syndication 2024,Email,Sent,False,2023-08-20,True
b37c5a7732f44e27,fb0c3528914e4dd3,contact,Facilitate Web-Enabled Applications Email 2024,Email,Clicked,True,2024-11-27,True
497655385f834163,2f9aea08641848fe,lead,Matrix Seamless Infrastructures Social 2024,Social,Clicked,True,2025-04-15,False
d953cbb5e0d54913,e548daa6ea064625,lead,Monetize Clicks-And-Mortar Bandwidth Event 2023,Event,Registered,False,2025-02-03,False
90ae33624bfa462d,d4c9844a1c9f4ade,contact,Brand Leading-Edge Interfaces Telemarketing 2025,Telemarketing,Responded,True,2025-04-13,True
aba72c09fdad4394,10de033042b6465f,contact,E-Enable Seamless E-Commerce Event 2025,Event,Registered,False,2024-12-29,True
ec37b51735054c6f,91096f981d644411,contact,Revolutionize Value-Added Deliverables Telemarketing 2023,Email,Sent,False,2025-04-22,True
4fe619f2ea074f1e,382084a4874349f5,lead,Matrix Seamless Infrastructures Social 2024,Email,Sent,False,2025-04-17,False
fcfc8bf034024a63,d352d7ba77cc42bd,lead,Utilize Back-End Action-Items Advertisement 2025,Email,Sent,False,2025-02-26,False
c0d611ae82f84390,ff5982f5b3f6458b,lead,Generate Global Architectures Content Syndication 2025,Email,Sent,False,2025-02-16,False
2b83d4ea3e9e4762,2f9aea08641848fe,lead,Generate B2B Eyeballs Webinar 2023,Webinar,Attended,True,2024-08-10,False
b4d012a4bf1a4f7d,e6fe353aa34e40f1,contact,Orchestrate 24/7 Relationships Content Syndication 2024,Content Syndication,Responded,True,2023-10-27,False
7c0277de8daf4d27,c9f086f3e11043c8,contact,Facilitate Web-Enabled Applications Email 2024,Email,Sent,False,2025-03-03,False
651bb50743c14b44,c80fe48b502c4043,contact,Unleash Ubiquitous Channels Event 2025,Email,Sent,False,2025-02-12,True
7b07dac14c5e442d,3de3b62bbd374572,contact,Brand Leading-Edge Interfaces Telemarketing 2025,Telemarketing,Responded,True,2023-12-31,False
f577b0ce911e47e8,78f90616088a4ca4,lead,Extend Granular Schemas Email 2025,Email,Opened,False,2025-04-30,True
87b7843ec59944ce,dc55f2a8c7e740ca,lead,Drive End-To-End Deliverables Advertisement 2024,Advertisement,Viewed,False,2025-04-20,True
29f3a914318b4972,a72d2167f475488f,lead,Re-Contextualize Extensible Technologies Email 2023,Email,Sent,False,2025-03-10,False
a93dff95e37443a2,f5477c8a6da74ed2,contact,Envisioneer Revolutionary Deliverables Content Syndication 2024,Content Syndication,Sent,False,2025-04-21,True
2ddef78b210f484a,3a1ed3cafa6b4b06,lead,Matrix Wireless Solutions Advertisement 2025,Email,Sent,False,2023-12-06,True
1a079135519a430f,708e08ffce2b4624,contact,Brand End-To-End Info-Mediaries Advertisement 2024,Email,Sent,False,2025-04-11,False
ec38746c7871419f,726558d5a3be4593,contact,Re-Contextualize B2C Networks Social 2025,Social,Clicked,True,2025-02-10,False
ab877cbb64694de4,293082c6f08e48d3,contact,Re-Intermediate Visionary Convergence Webinar 2025,Webinar,No Show,False,2023-08-01,False
7cdbbfb37d4144b8,09c9f0fe936e44bf,contact,Integrate Open-Source Architectures Webinar 2023,Email,Sent,False,2024-07-16,True
390fbb911ec54010,0bbe89a78b724847,lead,Engage Impactful Portals Webinar 2025,Webinar,Registered,False,2025-04-28,True
b64076417527458a,bda770a739914610,contact,Brand Leading-Edge Interfaces Telemarketing 2025,Email,Sent,False,2024-12-30,True
0ea415cfa82048bc,3f61e90d70704b2c,lead,Envisioneer Holistic Web-Readiness Email 2024,Email,Sent,False,2024-12-19,False
fafdad1ef27c44a3,6dfca0b2a38a4081,contact,Monetize Clicks-And-Mortar Bandwidth Event 2023,Event,Registered,False,2023-11-27,False
828128d2f88e4b89,16bd3a8326c74630,lead,Harness Wireless Communities Content Syndication 2024,Content Syndication,Responded,True,2023-11-21,True
9b25f7d226c14da7,384291ce34534af3,lead,Embrace Out-Of-The-Box Networks Webinar 2023,Webinar,Attended,True,2025-03-30,False
7e438a7a0a3a4f2c,998fd075957d42ba,lead,Brand Visionary Models Advertisement 2024,Advertisement,Clicked,True,2023-10-05,False
cb37b6b4381648d8,7833119f50b24965,lead,Disintermediate Wireless Applications Content Syndication 2024,Content Syndication,Responded,True,2025-04-18,False
e2c7c8a1363943ad,97c325d1ea5f44f8,lead,Optimize Strategic Supply-Chains Webinar 2023,Webinar,Registered,False,2024-11-27,True
4cf0b4fbb3954aeb,76c8ed6d705e41bf,contact,Facilitate Web-Enabled Applications Email 2024,Email,Sent,False,2023-05-09,True
2d8bbc8a9855401a,e14a09ec7da74137,contact,Unleash 24/7 E-Tailers Event 2025,Event,Attended,True,2025-02-22,True
dbeeae4c57b246c8,d62348854f144843,lead,Streamline Distributed E-Markets Webinar 2023,Email,Sent,False,2024-06-11,True
807bc011b295485e,ce300319779040cb,lead,Re-Contextualize B2C Networks Social 2025,Email,Sent,False,2025-01-27,True
9b1e1677f775441b,5a1a8de319284d1c,lead,Matrix Wireless Solutions Advertisement 2025,Email,Sent,False,2025-01-14,True
23bb54c4326b4b37,a4a4341a54c846f6,lead,Matrix Seamless Infrastructures Social 2024,Social,Viewed,False,2025-04-08,False
dfe3e5efc2a540f6,a945e161c01a47ad,contact,Engineer Robust Web Services Event 2024,Event,Registered,False,2024-06-23,False
d51454d00a0547dd,d8f43e8c77994c1f,contact,Whiteboard Synergistic Initiatives Email 2025,Email,Sent,False,2024-12-06,True
1fe35f16dbc94309,84fd1701381d4731,contact,Streamline Distributed E-Markets Webinar 2023,Email,Sent,False,2025-04-13,False
5deaeb96a1324133,08393fe814024e3b,contact,Monetize Clicks-And-Mortar Bandwidth Event 2023,Event,Registered,False,2025-04-30,False
bf16347a4d074618,a4d7f4a377374ad5,contact,Re-Intermediate B2B Interfaces Event 2023,Event,Attended,True,2025-04-03,False
dff7c8b82c624f16,bda770a739914610,contact,E-Enable Out-Of-The-Box Portals Social 2023,Email,Sent,False,2025-04-27,False
0638d149697f4493,27d42a97bada439d,lead,Maximize Bleeding-Edge Convergence Webinar 2023,Webinar,Registered,False,2025-01-29,False
e653c822615847ed,074afe875001490d,lead,Re-Intermediate B2B Interfaces Event 2023,Event,No Show,False,2025-03-05,False
fa21b5a99a99421f,4584c1a4405e4e47,contact,Brand End-To-End Info-Mediaries Advertisement 2024,Advertisement,Clicked,True,2024-10-07,True
111ec68070c945c9,1f31c41e9afc4345,lead,Evolve E-Business Markets Webinar 2023,Email,Sent,False,2024-11-12,False
2cd5e843f7174006,bf1bc71a92be4dfb,lead,Facilitate Web-Enabled Applications Email 2024,Email,Sent,False,2024-12-12,True
b4988d8b04c1415c,9ac77f84f0734030,lead,Unleash Ubiquitous Channels Event 2025,Email,Sent,False,2024-01-03,False
9359784cc2c54993,40f9fa74e1f64eac,lead,Target Mission-Critical Eyeballs Content Syndication 2025,Content Syndication,Sent,False,2025-04-15,True
db6b8eab547c4c86,09bc0e068421492d,lead,Architect Customized Partnerships Telemarketing 2024,Telemarketing,Responded,True,2025-04-04,True
cdd4a2d51cdb4ee7,cc76e2431fcd482c,contact,Unleash Cutting-Edge E-Markets Content Syndication 2025,Content Syndication,Sent,False,2024-09-21,True
378f247d306b4e6a,8211bdcbacd142d7,lead,Evolve E-Business Markets Webinar 2023,Webinar,Attended,True,2025-04-06,True
b4cc053d9b8b4320,1c9acc1c906d4523,lead,Architect Viral Models Webinar 2024,Webinar,No Show,False,2025-04-28,True
1c919696a68f4a95,1b690874435840a4,lead,Unleash 24/7 E-Tailers Event 2025,Event,No Show,False,2025-04-02,True
db010d5970c4437f,f6f30f828d3b4e72,contact,Architect Customized Partnerships Telemarketing 2024,Telemarketing,Responded,True,2023-09-17,False
5873db2a23504eec,1127df2172c04f86,contact,Revolutionize Value-Added Deliverables Telemarketing 2023,Telemarketing,Responded,True,2024-05-06,True
0bb06efb2c09408b,93f32af2016f44e9,lead,Matrix Wireless Solutions Advertisement 2025,Advertisement,Clicked,True,2024-12-11,True
f9dec290893f4239,672d20b5dd8c4201,lead,Unleash Cutting-Edge E-Markets Content Syndication 2025,Content Syndication,Sent,False,2025-01-21,True
16f2e2f26c9d468d,2eb104fc6a944a08,contact,Monetize Clicks-And-Mortar Bandwidth Event 2023,Event,No Show,False,2025-04-04,True
3c160116ee6f4f7f,8a4e20f67d2e4cf1,contact,Disintermediate 24/7 Metrics Telemarketing 2024,Telemarketing,Sent,False,2025-01-12,False
2a1e5cd7726f49b8,cf6c7be59e3e48ed,contact,Monetize Out-Of-The-Box Content Social 2023,Social,Clicked,True,2025-01-31,False
6595a64aeb60455e,93f32af2016f44e9,lead,Brand End-To-End Info-Mediaries Advertisement 2024,Advertisement,Viewed,False,2025-04-13,True
abab339add2d4772,a73fc52346244c3f,contact,Orchestrate End-To-End Models Event 2025,Event,Attended,True,2024-12-07,True
5fe39f45d8ed401e,aa1d1b0d82c64927,lead,Benchmark Rich Functionalities Event 2024,Email,Sent,False,2025-02-11,True
b169c1fac93b4c0b,341602abd5d14d35,lead,Strategize Seamless Vortals Telemarketing 2025,Email,Sent,False,2025-03-09,False
4364b27753504b74,6d5e659fd2064786,lead,Drive End-To-End Deliverables Advertisement 2024,Advertisement,Viewed,False,2024-01-23,False
a282a743103f4ea1,d10f117fe5de4b99,lead,Engineer Robust Web Services Event 2024,Event,Attended,True,2024-12-23,True
cb8325d627ef4c7a,49d617844ed945da,lead,Incubate Front-End E-Tailers Telemarketing 2025,Telemarketing,Sent,False,2024-11-17,True
84588c4accc142e8,1f31c41e9afc4345,lead,Orchestrate End-To-End Models Event 2025,Email,Sent,False,2025-04-25,False
e687000dc3484a5d,fbdf1bcc8b734f72,lead,Engage Impactful Portals Webinar 2025,Email,Sent,False,2023-09-05,False
f5c7cfc105c74205,953dba724da64685,lead,Facilitate Web-Enabled Applications Email 2024,Email,Opened,False,2025-04-12,False
6d2d590108d449e0,f0e96d76ce2349ee,contact,Benchmark Rich Functionalities Event 2024,Event,Registered,False,2025-04-27,True
26ee76dfb4c44be1,d62aa44773a84176,lead,Utilize Visionary Eyeballs Webinar 2023,Webinar,Registered,False,2025-04-06,True
cbc75d92e2ad4d5e,a4d7f4a377374ad5,contact,Disintermediate 24/7 Metrics Telemarketing 2024,Telemarketing,Sent,False,2025-04-26,True
abef5bc4d3424d66,bd22c6b4689249c7,contact,Transition Efficient Deliverables Email 2024,Email,Opened,False,2025-04-11,True
748f6893e02b405a,6dfca0b2a38a4081,contact,Harness Dynamic Relationships Telemarketing 2023,Telemarketing,Responded,True,2025-02-01,False
366c977dad43414c,9080f6f09a954df3,contact,Streamline Distributed E-Markets Webinar 2023,Webinar,Attended,True,2025-04-11,True
bdb9f47252fe4b2a,20f68fc501874c56,lead,Engineer Robust Web Services Event 2024,Event,No Show,False,2024-09-06,False
8cf4a34321f4487e,9da2c8b1ac1143f9,lead,Whiteboard Synergistic Initiatives Email 2025,Email,Sent,False,2025-04-05,True
8d9748cd9dc3475c,a8795b37e8d549df,lead,Unleash Cutting-Edge E-Markets Content Syndication 2025,Content Syndication,Responded,True,2025-04-23,True
9d6619c634d74e5d,a542e69695854a2c,lead,Harness Dynamic Relationships Telemarketing 2023,Telemarketing,Responded,True,2025-04-16,True
a629f7ccbcac4123,f0e96d76ce2349ee,contact,Mesh Interactive Platforms Advertisement 2023,Advertisement,Clicked,True,2025-02-18,True
dd0eda9109814aae,672d20b5dd8c4201,lead,Facilitate Granular Web-Readiness Telemarketing 2024,Telemarketing,Responded,True,2025-04-30,False
63170f9529d44190,fd5df32368e240ef,lead,Evolve Extensible Deliverables Webinar 2023,Email,Sent,False,2023-08-17,True
796d2cd8e6f44d2f,1127df2172c04f86,contact,Matrix Seamless Infrastructures Social 2024,Social,Clicked,True,2023-06-07,True
5a76923c97e9499f,50aa4e71898048be,contact,E-Enable Out-Of-The-Box Portals Social 2023,Social,Viewed,False,2025-01-10,True
81bd3de0eb27441e,4564b8d497fd4198,contact,Drive Next-Generation Communities Telemarketing 2025,Telemarketing,Responded,True,2023-08-07,False
2319f5aed4724844,0b30ac08153448ce,lead,Integrate Open-Source Architectures Webinar 2023,Email,Sent,False,2025-04-01,True
9127dae6efee44fa,eb345aeb9b474871,contact,Brand Visionary Models Advertisement 2024,Email,Sent,False,2023-10-21,True
8f661389f9644a19,f6f30f828d3b4e72,contact,Envisioneer Revolutionary Deliverables Content Syndication 2024,Content Syndication,Responded,True,2024-04-14,True
36eb115c72a545b9,f0e96d76ce2349ee,contact,Disintermediate 24/7 Metrics Telemarketing 2024,Telemarketing,Responded,True,2024-05-11,True
47013c92336b45c5,9bd395cc2abb4996,lead,Architect Viral Models Webinar 2024,Webinar,Registered,False,2024-09-20,False
328f1ac19e334c39,bc7ad1bc64c34569,lead,Streamline 24/7 Systems Advertisement 2024,Advertisement,Clicked,True,2025-02-12,False
d04a7a801dbb4843,f5477c8a6da74ed2,contact,Utilize Back-End Action-Items Advertisement 2025,Advertisement,Clicked,True,2025-04-16,True
68a98afd482b4fd7,0482cdbe98724c51,contact,Mesh Interactive Platforms Advertisement 2023,Advertisement,Clicked,True,2023-06-10,False
d823a922e7c34b41,56197bc9ef734e6f,contact,Re-Contextualize B2C Networks Social 2025,Social,Viewed,False,2024-10-19,True
de69512894104e38,4023c4102aed411a,contact,Orchestrate End-To-End Models Event 2025,Email,Sent,False,2025-04-03,True
c10fc2615f614c7c,d5d61c3a50e44043,contact,Evolve E-Business Markets Webinar 2023,Email,Sent,False,2025-04-23,True
1ddefa0c7fa74feb,cf3d3d371acf4c16,lead,Re-Intermediate B2B Interfaces Event 2023,Event,Attended,True,2025-04-04,False
e6990619d43549c8,9c20faaa55be4c53,lead,Engage Impactful Portals Webinar 2025,Email,Sent,False,2023-05-03,False
6a5304764e894202,953dba724da64685,lead,Deliver One-To-One Markets Email 2024,Email,Sent,False,2025-04-05,False
4945dbb4a1864ca5,7fd88e66fe244a3f,lead,Maximize Bleeding-Edge Convergence Webinar 2023,Email,Sent,False,2024-01-04,True
71735f06c4924459,1980a7068c854572,contact,Incubate Front-End E-Tailers Telemarketing 2025,Email,Sent,False,2024-11-28,True
d63b504df10e4bd4,e8865e09409a440f,lead,Drive End-To-End Deliverables Advertisement 2024,Email,Sent,False,2025-01-10,False
f9c2983796424636,bd22c6b4689249c7,contact,Disintermediate Wireless Applications Content Syndication 2024,Content Syndication,Responded,True,2025-04-06,True
8d8c88f254754538,8dfaee071d424e98,contact,Iterate Transparent Initiatives Social 2023,Social,Viewed,False,2024-12-11,True
688e1480f552467a,f238d76424b049a7,lead,Engage Impactful Portals Webinar 2025,Webinar,No Show,False,2025-01-14,False
dd3df1420e86421b,9bd395cc2abb4996,lead,Engineer Robust Web Services Event 2024,Event,Attended,True,2025-04-30,False
4b98116eebaa4228,9da2c8b1ac1143f9,lead,Unleash 24/7 E-Tailers Event 2025,Event,No Show,False,2025-04-01,True
c2eef5a3909f4b69,e14a09ec7da74137,contact,Drive End-To-End Deliverables Advertisement 2024,Advertisement,Clicked,True,2023-12-29,True
4e10d522422d457c,c3fde48d45c44d9b,lead,Brand End-To-End Info-Mediaries Advertisement 2024,Advertisement,Viewed,False,2025-02-10,True
50317744cf29422d,c94051b2ed99411c,lead,Monetize Out-Of-The-Box Content Social 2023,Social,Viewed,False,2024-10-06,False
03b7b847898544f0,7833119f50b24965,lead,Brand Leading-Edge Interfaces Telemarketing 2025,Telemarketing,Sent,False,2025-01-13,True
962a8d6d5bc64e1d,64fd54a58d2a41ed,lead,Unleash 24/7 E-Tailers Event 2025,Email,Sent,False,2025-04-10,False
3a633134b1484f7e,90d53475283f4f71,contact,Transition Efficient Deliverables Email 2024,Email,Sent,False,2025-02-11,False
d39be1c9a3c54681,05a3804142f546ea,lead,Architect Viral Models Webinar 2024,Email,Sent,False,2024-11-03,False
591136daa7a04ce3,4a6509f4e3164200,lead,E-Enable Out-Of-The-Box Portals Social 2023,Social,Viewed,False,2025-01-28,True
824383e60d974799,dd6f44c6d6f14ec5,lead,Matrix Wireless Solutions Advertisement 2025,Email,Sent,False,2025-04-13,False
1c15c1c375c0452b,811c5bb83bdb407a,lead,Architect Viral Models Webinar 2024,Webinar,Attended,True,2025-03-29,False
12cb21e1eea94235,45934305f11e4b62,lead,Deliver One-To-One Markets Email 2024,Email,Opened,False,2024-03-20,True
3cf9a515c274434a,c733f0d560e74552,lead,Target Collaborative Paradigms Social 2024,Social,Viewed,False,2025-04-16,False
7756b5c23e4f4ef0,945892b5c4114cf9,lead,Benchmark Rich Functionalities Event 2024,Event,No Show,False,2025-04-03,True
2c4171a2a3d945da,45934305f11e4b62,lead,Brand Leading-Edge Interfaces Telemarketing 2025,Telemarketing,Sent,False,2025-04-16,True
d4871c2b00f948b5,59674b5585f74955,contact,Re-Contextualize Extensible Technologies Email 2023,Email,Sent,False,2024-07-17,True
780c3901a9334b7e,eb345aeb9b474871,contact,Iterate Transparent Initiatives Social 2023,Email,Sent,False,2025-01-04,True
4d86c88af5114af3,8607ea8042cc4d4b,contact,Target Collaborative Paradigms Social 2024,Social,Clicked,True,2024-12-20,True
ad08296ec9ae4397,f5477c8a6da74ed2,contact,Engineer Robust Web Services Event 2024,Event,No Show,False,2025-04-01,True
011c3d95037b4115,b6cfaa06d2704505,contact,E-Enable Seamless E-Commerce Event 2025,Event,Registered,False,2025-04-19,False
2aa9d58a067a4a9d,f45c994a5a57444b,contact,Benchmark Rich Functionalities Event 2024,Event,Attended,True,2025-03-03,False
c51a7c363c8a4607,ff5982f5b3f6458b,lead,Streamline Distributed E-Markets Webinar 2023,Email,Sent,False,2025-03-29,True
a47be328284448df,384291ce34534af3,lead,Utilize Back-End Action-Items Advertisement 2025,Advertisement,Clicked,True,2024-12-03,True
60b8a0893fa94dff,f669ca9a4acd434d,contact,Facilitate Granular Web-Readiness Telemarketing 2024,Telemarketing,Sent,False,2023-06-07,True
4f4086b4401d4acc,6af7009d16b544a9,lead,Strategize Seamless Vortals Telemarketing 2025,Telemarketing,Sent,False,2024-02-27,False
60cece0101a64b6e,57aaba60db474461,lead,Strategize Seamless Vortals Telemarketing 2025,Telemarketing,Responded,True,2025-04-24,True
84ab95e7f97946f1,5772fa9dfa394f5c,contact,Evolve Extensible Deliverables Webinar 2023,Email,Sent,False,2025-04-13,True
3232dbb745ec4513,f0fddac0313d4f8c,lead,Harness Wireless Communities Content Syndication 2024,Email,Sent,False,2025-04-27,True
59e6af7c5b334f89,0aae274798a140ce,lead,Harness Dynamic Relationships Telemarketing 2023,Telemarketing,Responded,True,2023-10-15,True
4457950067e4450c,d7aa9d22d1cb46db,contact,Monetize Front-End Web Services Webinar 2024,Webinar,Attended,True,2023-09-01,True
058f8180ae274e10,2fc1afec34144c60,contact,E-Enable Seamless E-Commerce Event 2025,Event,Attended,True,2024-04-09,False
cc68e0984cbf4692,34bc546cc797460c,lead,Strategize Seamless Vortals Telemarketing 2025,Email,Sent,False,2025-04-23,True
4f5692c7cedc428f,4023c4102aed411a,contact,Whiteboard Synergistic Initiatives Email 2025,Email,Sent,False,2025-04-24,True
6aecf81725dd4f3a,76814aef8eb041cb,contact,Facilitate Web-Enabled Applications Email 2024,Email,Clicked,True,2025-04-18,True
a1ba2b88a94c4208,57a6edd2b0744232,lead,Whiteboard Synergistic Initiatives Email 2025,Email,Sent,False,2025-01-27,True
d83e99d2eff34dae,878261dfb76c4fe8,contact,Engage Impactful Portals Webinar 2025,Email,Sent,False,2025-03-30,False
ea6876f212a142d0,64f98b7dcefe4ed0,contact,Redefine Cross-Media Synergies Webinar 2023,Webinar,No Show,False,2024-12-22,True
7881716b34a34102,2f9aea08641848fe,lead,Disintermediate 24/7 Metrics Telemarketing 2024,Telemarketing,Sent,False,2025-01-06,True
f149cab6a5124302,aad116ab6444433e,lead,Unleash 24/7 E-Tailers Event 2025,Event,No Show,False,2023-10-08,True
5c37fda768b249f0,bd03e4829475454e,lead,Disintermediate 24/7 Metrics Telemarketing 2024,Email,Sent,False,2025-04-16,False
144bb11935d24f51,44b6509d6c7f4310,lead,Disintermediate Wireless Applications Content Syndication 2024,Content Syndication,Sent,False,2025-04-24,True
3bf21cc94ba24e89,471b749201534cc8,contact,Drive Next-Generation Communities Telemarketing 2025,Telemarketing,Sent,False,2025-04-23,True
316ab9e4155a41d6,0e265666c7f340da,lead,Facilitate Web-Enabled Applications Email 2024,Email,Sent,False,2025-01-30,True
a4a40ef492214b9e,9080f6f09a954df3,contact,Benchmark Rich Functionalities Event 2024,Event,Attended,True,2023-10-19,True
a7f6881ac20040ce,eeb7351d5d714452,lead,Evolve E-Business Markets Webinar 2023,Webinar,Registered,False,2023-12-08,True
d82cf58b9d404e95,96e989da68254457,contact,Mesh Interactive Platforms Advertisement 2023,Advertisement,Clicked,True,2024-11-22,False
2d5d10eaa9a7423b,a4a4341a54c846f6,lead,Unleash Ubiquitous Channels Event 2025,Event,No Show,False,2025-01-04,True
ca302724884c4fe2,e8aa582e7f184380,contact,Evolve E-Business Markets Webinar 2023,Email,Sent,False,2025-03-15,True
47d6a08c3b624e2e,cc76e2431fcd482c,contact,Streamline Distributed E-Markets Webinar 2023,Webinar,Registered,False,2024-12-23,False
f3493aabc4644330,b9e87f7648af4b2d,contact,Unleash Cutting-Edge E-Markets Content Syndication 2025,Email,Sent,False,2024-05-22,True
c2b618631ab24f88,e88724abeafd4263,contact,Whiteboard Synergistic Initiatives Email 2025,Email,Sent,False,2025-04-18,True
eafeba2a9d764756,431d46feda7f48eb,lead,Orchestrate End-To-End Models Event 2025,Event,Attended,True,2025-02-07,False
338b1165bdce4b71,96e989da68254457,contact,Unleash Cutting-Edge E-Markets Content Syndication 2025,Content Syndication,Responded,True,2025-04-16,True
9f57e02feaf3484f,bda770a739914610,contact,Harness Dynamic Relationships Telemarketing 2023,Email,Sent,False,2024-12-11,True
fca9340d79164ff2,50aa4e71898048be,contact,Re-Intermediate Visionary Convergence Webinar 2025,Webinar,Registered,False,2025-04-30,True
043731aba2614201,329b12ed8466497e,contact,Unleash 24/7 E-Tailers Event 2025,Email,Sent,False,2024-12-26,True
0489c85638e14d3d,f6f30f828d3b4e72,contact,Re-Intermediate B2B Interfaces Event 2023,Event,Attended,True,2024-02-16,True
e2b5b19a9de34fdb,6dfca0b2a38a4081,contact,Facilitate Web-Enabled Applications Email 2024,Email,Sent,False,2025-01-24,True
073aee1b65934959,e4d00aa7d627429f,lead,Re-Contextualize Extensible Technologies Email 2023,Email,Clicked,True,2025-03-05,False
c59688d16f4f4d05,42597707939c484c,contact,Utilize Back-End Action-Items Advertisement 2025,Advertisement,Viewed,False,2025-04-22,False
23b68896669946c9,58347b37ac194162,contact,Target Mission-Critical Eyeballs Content Syndication 2025,Content Syndication,Sent,False,2024-12-23,False
29f6ef2ba7d14443,bc7ad1bc64c34569,lead,Re-Intermediate Visionary Convergence Webinar 2025,Webinar,No Show,False,2025-04-14,True
474c3aacd89040a8,88d9c89712ee44f4,contact,Utilize Back-End Action-Items Advertisement 2025,Advertisement,Clicked,True,2025-03-17,True
b341df19693f46ec,50aa4e71898048be,contact,Deliver One-To-One Markets Email 2024,Email,Sent,False,2025-01-26,True
19a5bd6644be433d,1c9acc1c906d4523,lead,Re-Intermediate Visionary Convergence Webinar 2025,Webinar,No Show,False,2025-02-03,False
f9adb2c735b94d09,8dbbcc4c698a458a,lead,Mesh Interactive Platforms Advertisement 2023,Advertisement,Clicked,True,2025-04-06,True
82c7f25dbd414fa7,f71a85c305c5476e,lead,Architect Customized Partnerships Telemarketing 2024,Telemarketing,Sent,False,2023-10-31,True
ca21a1577ffb4b35,ab0ce0dc0056419a,lead,Monetize Out-Of-The-Box Content Social 2023,Email,Sent,False,2024-11-17,False
89e9268044914df4,19ff62cb0162456c,lead,Brand Visionary Models Advertisement 2024,Advertisement,Viewed,False,2025-04-02,False
23f5c1047f934afb,bd9a0bc7ede54328,lead,Brand End-To-End Info-Mediaries Advertisement 2024,Advertisement,Clicked,True,2024-11-16,True
9c0ee72d1a5245f9,e79ae282252a44a9,contact,Brand End-To-End Info-Mediaries Advertisement 2024,Advertisement,Viewed,False,2025-01-16,False
ee5acff7c77748f4,09bc0e068421492d,lead,Redefine Cross-Media Synergies Webinar 2023,Webinar,Registered,False,2023-07-09,False
f3ce7350cc914a05,6f6934d17dd84da2,contact,Engage Impactful Portals Webinar 2025,Webinar,No Show,False,2025-04-25,False
955178d119cf49ef,185ab818f2a94f8b,contact,Evolve E-Business Markets Webinar 2023,Email,Sent,False,2025-04-01,True
1d170a91b861443f,2de6277bf5974cb8,lead,Streamline Distributed E-Markets Webinar 2023,Webinar,Attended,True,2025-02-24,True
14bf4a1f450d4244,820ceb3523964e88,contact,Utilize Back-End Action-Items Advertisement 2025,Email,Sent,False,2025-03-26,True
0a571f4654eb4cf2,67979dd6ff284c89,lead,Brand End-To-End Info-Mediaries Advertisement 2024,Advertisement,Clicked,True,2023-12-14,True
f0c496c9c1124bf6,db093815e91c423f,contact,Revolutionize Value-Added Deliverables Telemarketing 2023,Telemarketing,Sent,False,2025-02-08,True
ce0ca55e129042e2,806831de6b94469e,contact,Disintermediate 24/7 Metrics Telemarketing 2024,Telemarketing,Responded,True,2025-02-11,True
c2667648d0244c6b,29749fd8a29b4cc9,lead,Evolve E-Business Markets Webinar 2023,Email,Sent,False,2025-04-21,False
d7c4d804d6c8457e,bda770a739914610,contact,Streamline 24/7 Systems Advertisement 2024,Email,Sent,False,2025-04-07,True
64dcf9bdd7bd4798,76088e34bb284d7d,lead,Evolve Extensible Deliverables Webinar 2023,Webinar,No Show,False,2024-11-16,False
836a380098ff49da,52b4545820354322,lead,Optimize Strategic Supply-Chains Webinar 2023,Email,Sent,False,2023-06-26,True
4e3276542e434329,100358e49bfa45bc,contact,Drive End-To-End Deliverables Advertisement 2024,Advertisement,Viewed,False,2025-04-19,True
c82996ab5153411e,4023c4102aed411a,contact,Facilitate Web-Enabled Applications Email 2024,Email,Sent,False,2023-12-13,True
844699f70d0d43e1,54b0ef4275f64277,contact,Extend Granular Schemas Email 2025,Email,Opened,False,2024-12-18,True
476a7450eee34e14,2eb104fc6a944a08,contact,Brand Leading-Edge Interfaces Telemarketing 2025,Telemarketing,Responded,True,2024-11-30,True
2f0ebfe14985422c,75697ac8f1844175,lead,Matrix Wireless Solutions Advertisement 2025,Advertisement,Clicked,True,2025-04-26,True
b09bec7fd75e497b,d5d61c3a50e44043,contact,Brand End-To-End Info-Mediaries Advertisement 2024,Email,Sent,False,2025-04-02,False
c172750addd04eaa,f86ff94df20244e5,contact,Generate Next-Generation Markets Event 2025,Email,Sent,False,2023-12-06,False
07179a1c354a4ad4,9dd0cecced544ec3,lead,Mesh Interactive Platforms Advertisement 2023,Advertisement,Viewed,False,2024-02-19,True
598310d37caa4743,7e42afa216f549bd,contact,Re-Intermediate Visionary Convergence Webinar 2025,Webinar,No Show,False,2025-04-23,True
fcc0f87538c24c93,bda770a739914610,contact,Re-Contextualize B2C Networks Social 2025,Email,Sent,False,2024-08-27,False
2c64462a61624d02,e5866106d9544a03,contact,Revolutionize Value-Added Deliverables Telemarketing 2023,Email,Sent,False,2025-04-03,False
419ce0a16d774885,e6849e4f549c4a22,lead,Harness Dynamic Relationships Telemarketing 2023,Telemarketing,Responded,True,2024-12-05,False
7465a150cbc44ef8,61fa38db82654ca5,lead,Engage Impactful Portals Webinar 2025,Webinar,No Show,False,2025-04-21,False
d21f1180ab9a4383,64fd54a58d2a41ed,lead,Benchmark Rich Functionalities Event 2024,Email,Sent,False,2025-04-14,True
8271da138f0e4a19,32e961efb8e64d0a,contact,Transition Efficient Deliverables Email 2024,Email,Sent,False,2025-04-27,False
72feed4ed6f3425f,1043dd2b6102482a,contact,Envisioneer Revolutionary Deliverables Content Syndication 2024,Content Syndication,Sent,False,2024-11-05,False
38eb83cf98a7431a,61fa38db82654ca5,lead,Unleash 24/7 E-Tailers Event 2025,Event,No Show,False,2025-04-21,True
4e671742a0294dfd,3e751658cf3942e2,lead,Disintermediate Wireless Applications Content Syndication 2024,Content Syndication,Responded,True,2025-04-14,True
74360242b665456a,1e3b3a3e36184585,lead,Utilize Visionary Eyeballs Webinar 2023,Webinar,Registered,False,2025-01-22,False
b2f0b15a39704b58,dd6f44c6d6f14ec5,lead,Monetize Out-Of-The-Box Content Social 2023,Email,Sent,False,2025-04-02,True
516b9d8781d64118,d99b328559514fad,lead,Facilitate Granular Web-Readiness Telemarketing 2024,Email,Sent,False,2025-03-20,True
319fbf5c07934cf2,bda770a739914610,contact,Orchestrate End-To-End Models Event 2025,Email,Sent,False,2025-04-12,True
c490be08abad4641,d6a893b59d0f483d,lead,Redefine Cross-Media Synergies Webinar 2023,Webinar,Attended,True,2025-01-17,True
190977c2ddeb44fe,0377764b15bc4f45,contact,Architect Viral Models Webinar 2024,Webinar,Attended,True,2024-03-16,False
01b75cc43e1b4d1b,638283ed2b3b42ba,contact,Whiteboard Synergistic Initiatives Email 2025,Email,Sent,False,2024-10-05,False
a821b990c0f34e26,b9f8876d931449ff,lead,Optimize Strategic Supply-Chains Webinar 2023,Webinar,Registered,False,2025-04-26,True
bc0a2fab65c14275,6dfca0b2a38a4081,contact,Re-Intermediate B2B Interfaces Event 2023,Event,Attended,True,2023-11-01,True
cde2a17556444352,75697ac8f1844175,lead,Monetize Out-Of-The-Box Content Social 2023,Social,Clicked,True,2024-11-27,False
2216bf7ab79945ad,19ff62cb0162456c,lead,Integrate Open-Source Architectures Webinar 2023,Webinar,Attended,True,2024-11-03,True
56759897ce5448da,185ab818f2a94f8b,contact,Maximize Bleeding-Edge Convergence Webinar 2023,Email,Sent,False,2025-04-25,False
1c160e54139e498c,672d20b5dd8c4201,lead,Incubate Front-End E-Tailers Telemarketing 2025,Telemarketing,Responded,True,2025-04-28,False
09112dc1057d46c0,32e961efb8e64d0a,contact,Facilitate Web-Enabled Applications Email 2024,Email,Clicked,True,2025-04-24,True
47a251896abc4a32,6731d3aa45a44078,lead,Generate Next-Generation Markets Event 2025,Email,Sent,False,2023-10-01,False
876ca8362cb54a5c,7e42afa216f549bd,contact,Deliver One-To-One Markets Email 2024,Email,Clicked,True,2025-01-19,True
1622a7248c8a4261,8a85112192ac4bd1,lead,Streamline 24/7 Systems Advertisement 2024,Advertisement,Viewed,False,2025-04-03,True
b24462999c7d4177,f238d76424b049a7,lead,Monetize Out-Of-The-Box Content Social 2023,Social,Viewed,False,2025-04-14,True
abdf93fb21864ae9,408cd0f47fdf4d3b,lead,Redefine Cross-Media Synergies Webinar 2023,Webinar,Attended,True,2025-04-17,False
d86b363aae40453e,7036597206384b9e,lead,Brand Visionary Models Advertisement 2024,Email,Sent,False,2025-01-17,True
84c25086b66e4808,e14a09ec7da74137,contact,Envisioneer Revolutionary Deliverables Content Syndication 2024,Content Syndication,Responded,True,2025-03-30,False
a85f08b2af704ad5,d6a893b59d0f483d,lead,Streamline Distributed E-Markets Webinar 2023,Webinar,Attended,True,2025-03-01,True
09ff1363aac74ba8,3eaf6a3577694671,lead,Maximize Bleeding-Edge Convergence Webinar 2023,Webinar,No Show,False,2025-01-01,False
53483ceb84894210,19ff62cb0162456c,lead,Optimize Strategic Supply-Chains Webinar 2023,Webinar,Registered,False,2024-09-11,False
978f9920aa424c6b,ca3a7ab389184b2f,lead,Re-Contextualize B2C Networks Social 2025,Social,Viewed,False,2024-11-16,False
c5562601740e4d76,d51df535d7f8447e,contact,Evolve Extensible Deliverables Webinar 2023,Email,Sent,False,2025-02-27,True
652dad7c89e1478a,58347b37ac194162,contact,Streamline Distributed E-Markets Webinar 2023,Webinar,No Show,False,2025-03-19,True
dc37f385aed849e1,09bc0e068421492d,lead,Drive Next-Generation Communities Telemarketing 2025,Telemarketing,Sent,False,2023-12-08,True
609dc02cf24f4885,55c9c9d5e237444c,lead,Re-Contextualize Extensible Technologies Email 2023,Email,Sent,False,2025-04-06,False
3d41d92b4a5b447d,40071fae516d4588,lead,Harness Dynamic Relationships Telemarketing 2023,Telemarketing,Sent,False,2023-11-08,True
b48e58e46ab840f4,43e2fdd56a854f1c,contact,Monetize Clicks-And-Mortar Bandwidth Event 2023,Event,No Show,False,2025-04-17,True
153f4bfa8ef44c65,9968bb12a175448a,lead,Iterate Transparent Initiatives Social 2023,Email,Sent,False,2023-07-29,False
ff3a4cf22ca040c9,f6f30f828d3b4e72,contact,Extend Granular Schemas Email 2025,Email,Sent,False,2025-04-01,True
4c325ee188f947b6,998fd075957d42ba,lead,Matrix Wireless Solutions Advertisement 2025,Advertisement,Viewed,False,2023-07-29,True
30dbe65bb98949d9,57a6edd2b0744232,lead,Optimize Strategic Supply-Chains Webinar 2023,Email,Sent,False,2025-04-07,True
263098cfa97c4914,2fc1afec34144c60,contact,Optimize Strategic Supply-Chains Webinar 2023,Webinar,Registered,False,2025-04-15,True
e1fcea205a44452e,429413ad913f4749,lead,Benchmark Rich Functionalities Event 2024,Event,No Show,False,2025-04-03,True
28b05fe9c689403a,b9f8876d931449ff,lead,Re-Intermediate Visionary Convergence Webinar 2025,Webinar,Registered,False,2024-11-29,True
bbe8481d874d4c4e,8a4e20f67d2e4cf1,contact,Iterate Transparent Initiatives Social 2023,Social,Clicked,True,2024-11-11,True
6b0ceeb8dc764627,0b30ac08153448ce,lead,Streamline 24/7 Systems Advertisement 2024,Email,Sent,False,2025-03-26,True
fa1444fda91c4364,eb345aeb9b474871,contact,Utilize Back-End Action-Items Advertisement 2025,Email,Sent,False,2024-12-29,False
73b19f91f75a435b,b3927f4c1415426c,lead,Brand End-To-End Info-Mediaries Advertisement 2024,Advertisement,Viewed,False,2023-06-12,True
c661894708b844e6,9da2c8b1ac1143f9,lead,Drive Next-Generation Communities Telemarketing 2025,Telemarketing,Responded,True,2025-04-25,False
552d516da1464ce8,4e05b0b7d84e468e,lead,Evolve Extensible Deliverables Webinar 2023,Webinar,Registered,False,2025-01-22,True
c2983ae52a304a70,329b12ed8466497e,contact,Orchestrate End-To-End Models Event 2025,Email,Sent,False,2024-08-29,True
1d5aecfc8ad645d5,f0e96d76ce2349ee,contact,E-Enable Seamless E-Commerce Event 2025,Event,Registered,False,2025-04-01,True
a2b04e671c9149e5,3cf2ede0ad1a48e4,lead,Grow Best-Of-Breed Users Event 2024,Event,No Show,False,2025-01-23,False
be3bbe1c5dc24871,d10f117fe5de4b99,lead,Engineer Robust Web Services Event 2024,Event,No Show,False,2025-02-11,True
0a5d491aab1b4450,32510f3815db477c,lead,Orchestrate End-To-End Models Event 2025,Event,Registered,False,2024-07-18,False
0c9f46e2f43f4524,c65ca09a99d44d46,contact,Re-Contextualize B2C Networks Social 2025,Email,Sent,False,2025-04-05,True
31552726ab504cd5,1b690874435840a4,lead,Evolve Extensible Deliverables Webinar 2023,Webinar,Registered,False,2025-01-29,True
52e9e270cb474f81,5a1a8de319284d1c,lead,Mesh Interactive Platforms Advertisement 2023,Email,Sent,False,2025-01-23,True
a81f5acdf17249da,4e05b0b7d84e468e,lead,Whiteboard Synergistic Initiatives Email 2025,Email,Clicked,True,2025-01-29,True
4bb12c2b383643ed,32e961efb8e64d0a,contact,E-Enable Seamless E-Commerce Event 2025,Event,Registered,False,2023-07-07,True
5cc027c8c02f4412,0e265666c7f340da,lead,Drive Next-Generation Communities Telemarketing 2025,Email,Sent,False,2023-05-25,False
75d091ef87004359,d2157d96ad524a23,lead,Unleash 24/7 E-Tailers Event 2025,Email,Sent,False,2023-07-03,False
ce1cca9fdcf542fd,3a07aefee2d74a30,lead,Grow Best-Of-Breed Users Event 2024,Event,Registered,False,2025-04-15,True
1f4d698644c747c6,bcb76ed6c2894aef,contact,Target Mission-Critical Eyeballs Content Syndication 2025,Content Syndication,Sent,False,2023-07-06,True
4ff97fac3a6446b7,73dac0dbbb234944,contact,Evolve Extensible Deliverables Webinar 2023,Email,Sent,False,2024-12-15,False
5da98dd2c2a94b40,9080f6f09a954df3,contact,Engage Impactful Portals Webinar 2025,Webinar,Attended,True,2025-04-01,False
41ed9cac769b4c5c,b3927f4c1415426c,lead,Unleash Ubiquitous Channels Event 2025,Event,Attended,True,2025-03-24,False
2449e549ed7c444f,28d04c644bb94888,lead,Harness Dynamic Relationships Telemarketing 2023,Email,Sent,False,2024-11-21,True
a8bdca757d8d4b4e,6cba655f720c4f1b,contact,Unleash 24/7 E-Tailers Event 2025,Event,Registered,False,2025-03-02,True
141fd16d29b04b0c,09119d76e2094198,lead,Engage Impactful Portals Webinar 2025,Email,Sent,False,2025-02-27,True
d77a278b16aa470c,6cd7995cd86b4321,lead,Strategize Seamless Vortals Telemarketing 2025,Telemarketing,Responded,True,2023-08-20,False
513a312237114b3e,419d033ac92c4732,lead,Envisioneer Revolutionary Deliverables Content Syndication 2024,Content Syndication,Responded,True,2025-02-23,False
42b704efedb2422b,bfea31152890495a,lead,Harness Wireless Communities Content Syndication 2024,Content Syndication,Responded,True,2025-02-21,True
354dd58876404d97,b0fcfbb61c9747b4,contact,Architect Customized Partnerships Telemarketing 2024,Email,Sent,False,2024-12-01,False
798d1c60037e4572,5a1a8de319284d1c,lead,Disintermediate 24/7 Metrics Telemarketing 2024,Email,Sent,False,2025-04-28,True
84b7609139ff4d1e,4564b8d497fd4198,contact,Integrate Open-Source Architectures Webinar 2023,Webinar,No Show,False,2025-04-25,True
5d06659e062844a4,9b1b805d05864545,lead,Disintermediate Wireless Applications Content Syndication 2024,Content Syndication,Responded,True,2024-02-29,True
4065243105834aef,3e67f5ac01fa4ed0,lead,Brand Visionary Models Advertisement 2024,Email,Sent,False,2025-04-19,True
78ada06010354eda,9da2c8b1ac1143f9,lead,Unleash Cutting-Edge E-Markets Content Syndication 2025,Content Syndication,Sent,False,2024-12-19,True
c505453207f64b4a,1980a7068c854572,contact,Architect Customized Partnerships Telemarketing 2024,Email,Sent,False,2025-04-01,True
50e806fa23034a07,998fd075957d42ba,lead,Integrate Open-Source Architectures Webinar 2023,Webinar,No Show,False,2025-01-13,True
1e43bf2c599e4106,e2705999f42142c1,contact,Benchmark Rich Functionalities Event 2024,Email,Sent,False,2025-04-17,False
3e2a7aa0a68f41c4,318abe96b4414192,contact,Orchestrate 24/7 Relationships Content Syndication 2024,Email,Sent,False,2024-10-25,True
1a8982bc3b474ced,f43799fb22e54bf5,lead,Extend Granular Schemas Email 2025,Email,Sent,False,2025-03-11,True
7ca0632392bd4fd0,f40555f94ac7423e,lead,Orchestrate End-To-End Models Event 2025,Event,No Show,False,2025-04-01,True
fdd007bed6164475,f928cd9a04a6489a,lead,Disintermediate Wireless Applications Content Syndication 2024,Email,Sent,False,2025-04-06,True
b615cbbc559b4484,501f47ca096e4ea3,lead,E-Enable Out-Of-The-Box Portals Social 2023,Social,Viewed,False,2025-03-17,False
37009c47218d4c1d,0bf8b4cd1cdd45c9,contact,Streamline Distributed E-Markets Webinar 2023,Email,Sent,False,2025-04-30,False
d3294a77213c4fda,d62aa44773a84176,lead,Generate B2B Eyeballs Webinar 2023,Webinar,No Show,False,2025-04-09,False
9deec23d362f4fcf,638283ed2b3b42ba,contact,Facilitate Granular Web-Readiness Telemarketing 2024,Email,Sent,False,2025-03-13,False
bc4a7a4972fa44f8,708e08ffce2b4624,contact,Facilitate Web-Enabled Applications Email 2024,Email,Sent,False,2025-04-21,True
7f7b074cc0234867,316854ab6e974087,lead,Re-Intermediate B2B Interfaces Event 2023,Email,Sent,False,2025-04-03,False
2bed36aee671422d,d6a893b59d0f483d,lead,Re-Intermediate B2B Interfaces Event 2023,Event,Attended,True,2025-01-05,True
cc45ac6ccc7349cd,9da2c8b1ac1143f9,lead,Unleash Cutting-Edge E-Markets Content Syndication 2025,Content Syndication,Responded,True,2025-04-14,True
72cd2f338ccf4edc,2dbed577e7ec4c09,lead,Benchmark Rich Functionalities Event 2024,Event,Registered,False,2025-01-09,True
c7bb5b5abb1f4131,8c2c1549327b4f3a,contact,Mesh Interactive Platforms Advertisement 2023,Advertisement,Clicked,True,2025-01-28,True
3b98b1cedd424557,c3fde48d45c44d9b,lead,Unleash 24/7 E-Tailers Event 2025,Event,No Show,False,2025-02-10,False
31177030ebb3423d,08393fe814024e3b,contact,Redefine Cross-Media Synergies Webinar 2023,Webinar,Attended,True,2025-02-19,True
8cb5970f0f7346a7,1127df2172c04f86,contact,Disintermediate Wireless Applications Content Syndication 2024,Content Syndication,Responded,True,2023-06-22,False
f5a4cba142714412,98f70569bb174543,contact,Streamline Distributed E-Markets Webinar 2023,Webinar,Attended,True,2024-11-15,True
092694de36cd43f8,44b6509d6c7f4310,lead,Mesh Interactive Platforms Advertisement 2023,Advertisement,Clicked,True,2025-01-09,False
4a924243d29c4d94,e5866106d9544a03,contact,Redefine Cross-Media Synergies Webinar 2023,Email,Sent,False,2023-05-03,False
c22e3368238c431b,1043dd2b6102482a,contact,Maximize Bleeding-Edge Convergence Webinar 2023,Webinar,Attended,True,2025-04-16,True
e1b0e5bc386b4dca,6b676eeb51f340af,lead,Generate Global Architectures Content Syndication 2025,Email,Sent,False,2024-12-03,False
ea43f81d89dc40be,f7aa8c544fa94601,lead,Brand Leading-Edge Interfaces Telemarketing 2025,Telemarketing,Responded,True,2023-07-06,True
2ea29dcaedd744aa,09c9f0fe936e44bf,contact,Maximize Bleeding-Edge Convergence Webinar 2023,Email,Sent,False,2024-11-15,False
7a0e3f1aefd54ab0,c5f31bf488a34883,contact,Streamline Distributed E-Markets Webinar 2023,Email,Sent,False,2024-02-08,True
dcf152d0492d4ac7,d352d7ba77cc42bd,lead,Monetize Clicks-And-Mortar Bandwidth Event 2023,Email,Sent,False,2024-11-08,False
f9dc841f71904b68,316854ab6e974087,lead,Evolve Extensible Deliverables Webinar 2023,Email,Sent,False,2024-09-28,False
410d0a5ea8e6492a,318abe96b4414192,contact,Engage Impactful Portals Webinar 2025,Email,Sent,False,2025-04-05,True
919f4865d3814680,2e6f7ffc45884926,lead,Monetize Out-Of-The-Box Content Social 2023,Social,Clicked,True,2025-01-29,False
a73f145a0e1a419d,db686455f23d458b,contact,Generate Next-Generation Markets Event 2025,Event,Attended,True,2024-12-06,False
300b38c4bbec4af7,0bbe89a78b724847,lead,Incubate Front-End E-Tailers Telemarketing 2025,Telemarketing,Sent,False,2025-04-30,False
94f6c64db8894e2c,3f61e90d70704b2c,lead,Re-Intermediate Visionary Convergence Webinar 2025,Email,Sent,False,2024-08-15,True
3714608eda454ca6,4aac9ce850fb4171,lead,Incubate Front-End E-Tailers Telemarketing 2025,Email,Sent,False,2025-03-18,True
ee1af9a725cb4f25,3e751658cf3942e2,lead,Transition Efficient Deliverables Email 2024,Email,Opened,False,2024-12-05,False
a3254f7b15d84352,2e4341b2975c41e9,contact,Re-Contextualize B2C Networks Social 2025,Social,Clicked,True,2023-10-22,True
59bc80606f324ffb,40071fae516d4588,lead,Drive Next-Generation Communities Telemarketing 2025,Telemarketing,Sent,False,2024-11-26,True
4ca11ed117834afe,6ed0a7ac6ad9494f,contact,Brand Leading-Edge Interfaces Telemarketing 2025,Telemarketing,Sent,False,2025-02-28,True
2b7e9ae5bde64308,f0fddac0313d4f8c,lead,Re-Contextualize Extensible Technologies Email 2023,Email,Sent,False,2024-12-05,True
43a789e8d0e045b5,26db812af63f4047,lead,Mesh Interactive Platforms Advertisement 2023,Email,Sent,False,2025-01-17,False
5a9b3fe1260a4289,4aac9ce850fb4171,lead,Architect Viral Models Webinar 2024,Email,Sent,False,2025-04-29,False
351c42b24b304658,5d75ce2415644419,lead,Re-Intermediate Visionary Convergence Webinar 2025,Email,Sent,False,2025-04-30,True
0816e5fe81714d68,a72d2167f475488f,lead,Brand Leading-Edge Interfaces Telemarketing 2025,Email,Sent,False,2025-04-11,True
d1c53b1b05a44f1e,8e330830f7ec44fd,lead,Brand Visionary Models Advertisement 2024,Email,Sent,False,2025-04-09,True
937579f5f264482f,bb531ce9ace14ee2,contact,Utilize Visionary Eyeballs Webinar 2023,Email,Sent,False,2024-02-04,True
efcbfa1a576b4f2d,2d958be5a2a34d6b,lead,Disintermediate Wireless Applications Content Syndication 2024,Content Syndication,Sent,False,2024-12-13,True
1862c5174b304e56,1f31c41e9afc4345,lead,Transition Efficient Deliverables Email 2024,Email,Sent,False,2023-08-06,True
f74be97dab684d5d,f71a85c305c5476e,lead,Monetize Clicks-And-Mortar Bandwidth Event 2023,Event,No Show,False,2025-04-28,True
9137fa2a8ee3449f,8cc61fe276634742,lead,Generate B2B Eyeballs Webinar 2023,Webinar,Registered,False,2025-04-14,False
2f1157223a4d49db,d62348854f144843,lead,Unleash Cutting-Edge E-Markets Content Syndication 2025,Email,Sent,False,2024-09-15,False
93a9f3bdde77449d,3d22eb58e4b84734,lead,Deliver One-To-One Markets Email 2024,Email,Sent,False,2025-02-18,True
0b69c4f2cd1d479a,3e8ceabc6797494d,lead,Envisioneer Holistic Web-Readiness Email 2024,Email,Sent,False,2025-01-19,True
e12fa7f869284aed,c9743f225f254bf0,lead,Unleash Ubiquitous Channels Event 2025,Event,Registered,False,2024-09-12,False
a1413094797f40d0,c3fde48d45c44d9b,lead,Orchestrate End-To-End Models Event 2025,Event,Attended,True,2025-02-28,True
399d4e1037a54bb4,a73fc52346244c3f,contact,Benchmark Rich Functionalities Event 2024,Event,Attended,True,2025-04-24,False
dfafbe5e7c524d18,3a562041231b4490,contact,Embrace Out-Of-The-Box Networks Webinar 2023,Webinar,Attended,True,2025-01-20,False
bbe7cba961c14d0e,81dec6d84c5545e1,contact,Generate B2B Eyeballs Webinar 2023,Email,Sent,False,2025-04-09,False
9444515fc90b4e6f,59674b5585f74955,contact,Brand End-To-End Info-Mediaries Advertisement 2024,Advertisement,Clicked,True,2024-12-26,False
1cbaf8d32aee43da,fa4894007b794a2c,lead,Architect Customized Partnerships Telemarketing 2024,Telemarketing,Sent,False,2024-02-28,False
62849c135c8846b0,c9f086f3e11043c8,contact,E-Enable Out-Of-The-Box Portals Social 2023,Social,Clicked,True,2024-12-14,True
8cbd006264e04c20,8e330830f7ec44fd,lead,Architect Viral Models Webinar 2024,Email,Sent,False,2025-04-16,False
5149a40b05484b32,2aef14af217d4baa,lead,Re-Intermediate B2B Interfaces Event 2023,Event,Attended,True,2025-04-07,True
546209f556c74b60,501f47ca096e4ea3,lead,Maximize Bleeding-Edge Convergence Webinar 2023,Webinar,Registered,False,2025-04-09,True
f3dfdb35518f4441,6bf7588780a74c43,lead,Drive End-To-End Deliverables Advertisement 2024,Advertisement,Clicked,True,2025-04-07,True
7b3958e49e3e4db4,bfea31152890495a,lead,Architect Customized Partnerships Telemarketing 2024,Telemarketing,Responded,True,2024-08-28,True
9ed34e2be7d944fc,c733f0d560e74552,lead,Iterate Transparent Initiatives Social 2023,Social,Viewed,False,2023-10-18,False
2dd100c3e24b44ec,cf6c7be59e3e48ed,contact,Orchestrate 24/7 Relationships Content Syndication 2024,Content Syndication,Responded,True,2025-03-20,False
a050cb0b086a46c3,c9511151278a48c7,lead,Maximize Bleeding-Edge Convergence Webinar 2023,Email,Sent,False,2024-05-23,True
951a69f569574ba6,4e05b0b7d84e468e,lead,Drive Next-Generation Communities Telemarketing 2025,Telemarketing,Sent,False,2025-04-07,False
c32b97cfa42b4b46,3a7bb8157db94bfa,lead,Monetize Out-Of-The-Box Content Social 2023,Social,Viewed,False,2025-04-28,True
eb7ebf49ba184da1,2e32eab771de4fd4,lead,Benchmark Rich Functionalities Event 2024,Event,No Show,False,2025-04-24,True
2c0d10e20e3445a5,100d409f31a14510,contact,Target Mission-Critical Eyeballs Content Syndication 2025,Content Syndication,Sent,False,2025-03-29,True
87d45c1b6bb14c05,4023c4102aed411a,contact,Disintermediate Wireless Applications Content Syndication 2024,Email,Sent,False,2024-05-29,True
25a9a3da7ed34823,2fd6518a5f314436,contact,Orchestrate End-To-End Models Event 2025,Email,Sent,False,2024-12-10,True
8fab74f501764760,edaceec9b7ef4729,lead,Nurture Drip Sequence,Email,Sent,False,2025-01-09,True
707b94512a3d4cc7,811c5bb83bdb407a,lead,Drive Next-Generation Communities Telemarketing 2025,Telemarketing,Responded,True,2025-04-19,True
ad5475bbccdb4a65,9968bb12a175448a,lead,Disintermediate Wireless Applications Content Syndication 2024,Email,Sent,False,2025-02-27,False
11d0ed673b8146e5,f669ca9a4acd434d,contact,Matrix Seamless Infrastructures Social 2024,Social,Clicked,True,2024-07-14,False
2be3e3873b3e49d0,036deccc5cd94143,lead,Mesh Interactive Platforms Advertisement 2023,Advertisement,Clicked,True,2025-04-04,False
7419c51e91fb4c8b,e6ebe9c1fb754f85,contact,Benchmark Rich Functionalities Event 2024,Event,No Show,False,2025-01-06,False
a077008490ac44ab,382084a4874349f5,lead,Re-Intermediate B2B Interfaces Event 2023,Email,Sent,False,2025-04-09,True
6ebbfb880f1e46e0,188fb0d5560b4ef8,lead,Utilize Visionary Eyeballs Webinar 2023,Email,Sent,False,2025-01-28,False
42c5d020f0e74719,8cc61fe276634742,lead,Target Collaborative Paradigms Social 2024,Social,Viewed,False,2025-03-18,False
11691d1b93da4f6b,293082c6f08e48d3,contact,Engage Impactful Portals Webinar 2025,Webinar,Attended,True,2025-01-30,False
bbc50169cf764cd0,0531414cfda844f2,lead,Utilize Visionary Eyeballs Webinar 2023,Webinar,Attended,True,2023-09-30,True
cbf3b805de7e4ccd,50aa4e71898048be,contact,Matrix Wireless Solutions Advertisement 2025,Advertisement,Clicked,True,2025-03-21,True
9ce285056cb64a92,c5f31bf488a34883,contact,Generate Next-Generation Markets Event 2025,Email,Sent,False,2024-11-05,False
67c3ffcaf94d46ce,edaceec9b7ef4729,lead,Nurture Drip Sequence,Email,Sent,False,2024-12-12,True
0c82986ac01b41ae,9dd0cecced544ec3,lead,Generate Next-Generation Markets Event 2025,Event,No Show,False,2025-04-29,False
b9f508975f974a66,cced2f11e3604477,contact,Mesh Interactive Platforms Advertisement 2023,Email,Sent,False,2024-07-09,True
84c5234e5e9a4cf0,878261dfb76c4fe8,contact,Evolve E-Business Markets Webinar 2023,Email,Sent,False,2024-11-07,True
0ed49d4dc9f14b37,1cf5c8a3f4d14f40,lead,Streamline Distributed E-Markets Webinar 2023,Webinar,Attended,True,2025-04-11,True
d6cb19f94c974c3b,e6ebe9c1fb754f85,contact,Monetize Front-End Web Services Webinar 2024,Webinar,Attended,True,2024-06-19,True
d1b7581964b945e7,1e3b3a3e36184585,lead,Harness Wireless Communities Content Syndication 2024,Content Syndication,Responded,True,2024-12-21,True
38ce35b54ab04477,471b749201534cc8,contact,Incubate Front-End E-Tailers Telemarketing 2025,Telemarketing,Responded,True,2023-12-04,True
5472d34c9fe349a4,08bb87b38c4e40d3,lead,Generate B2B Eyeballs Webinar 2023,Webinar,Attended,True,2025-04-04,False
03dd91d44a7e4e00,3a562041231b4490,contact,Utilize Back-End Action-Items Advertisement 2025,Advertisement,Viewed,False,2025-03-09,True
00eaddf84762474a,9642116fc89c4e04,lead,Monetize Clicks-And-Mortar Bandwidth Event 2023,Event,No Show,False,2023-06-02,False
cfe09e1a0e774e3e,240b3a29a43a4968,contact,Unleash Ubiquitous Channels Event 2025,Event,Registered,False,2024-08-06,False
26de55d8cb044254,29a68e6027dc4cf3,lead,Revolutionize Value-Added Deliverables Telemarketing 2023,Telemarketing,Sent,False,2025-04-07,True
7acec5da9d00429d,9dd0cecced544ec3,lead,Integrate Open-Source Architectures Webinar 2023,Webinar,No Show,False,2025-02-18,True
0a1ab2bb798b40cb,26db812af63f4047,lead,Extend Granular Schemas Email 2025,Email,Sent,False,2023-11-08,False
90c435a90a304671,e5e584ac6b91490c,lead,Brand Visionary Models Advertisement 2024,Email,Sent,False,2025-03-23,True
ed1356cb26534d58,4069501f26784bb8,lead,Benchmark Rich Functionalities Event 2024,Event,Registered,False,2025-02-26,True
53803ef4be1c45d1,61fa38db82654ca5,lead,Re-Contextualize B2C Networks Social 2025,Social,Clicked,True,2025-04-12,True
ede776b0fd444cc3,ca3a7ab389184b2f,lead,Unleash Cutting-Edge E-Markets Content Syndication 2025,Content Syndication,Responded,True,2025-04-08,False
74886f2194a04aa6,384291ce34534af3,lead,Engage Impactful Portals Webinar 2025,Webinar,Registered,False,2025-03-26,True
370d7ed355234a09,250ae1b20d1b4f6d,contact,Grow Best-Of-Breed Users Event 2024,Email,Sent,False,2025-01-31,True
6a24e5480ae54b7a,a652d125a0604fb6,lead,Strategize Seamless Vortals Telemarketing 2025,Telemarketing,Sent,False,2025-04-13,True
950341cd65bb42a0,ab194ad3aa9c4794,lead,Facilitate Granular Web-Readiness Telemarketing 2024,Email,Sent,False,2025-04-18,False
719976cfe30a4a4f,96a759ed427742ed,contact,Utilize Visionary Eyeballs Webinar 2023,Email,Sent,False,2024-11-08,True
3cdf475e17094888,6f30f385456b4b71,lead,Extend Granular Schemas Email 2025,Email,Clicked,True,2024-12-15,True
ac23ab70df1a46d2,706eb9c1e30b456b,lead,Monetize Clicks-And-Mortar Bandwidth Event 2023,Email,Sent,False,2025-04-02,True
d3b358dae1e54874,2e32eab771de4fd4,lead,Streamline 24/7 Systems Advertisement 2024,Advertisement,Clicked,True,2025-04-28,True
3d7bfab3eefa4de4,d801501544064e42,lead,Generate Next-Generation Markets Event 2025,Event,Attended,True,2025-04-14,False
6ca4ab86b4ca4520,c733f0d560e74552,lead,Monetize Front-End Web Services Webinar 2024,Webinar,Registered,False,2023-06-01,True
12757ab4b27c4ae2,672d20b5dd8c4201,lead,Revolutionize Value-Added Deliverables Telemarketing 2023,Telemarketing,Responded,True,2025-02-17,True
dd1b1139259f4b8f,7344345ee68041bd,lead,Benchmark Rich Functionalities Event 2024,Email,Sent,False,2025-01-19,True
21787203775746f0,1127df2172c04f86,contact,Re-Intermediate Visionary Convergence Webinar 2025,Webinar,Registered,False,2025-03-01,True
e10b6657e75b4bfd,29749fd8a29b4cc9,lead,Streamline 24/7 Systems Advertisement 2024,Email,Sent,False,2025-02-26,False
8553a732aa1b4697,2e32eab771de4fd4,lead,Architect Customized Partnerships Telemarketing 2024,Telemarketing,Responded,True,2025-03-03,False
b2c0e6eede374e04,806831de6b94469e,contact,Utilize Back-End Action-Items Advertisement 2025,Advertisement,Viewed,False,2025-04-11,False
9ff6b9a0b4004ee8,800c6e0375524274,lead,Unleash 24/7 E-Tailers Event 2025,Email,Sent,False,2025-04-25,True
8cb30d7c663d4a56,3f61e90d70704b2c,lead,Harness Wireless Communities Content Syndication 2024,Email,Sent,False,2025-01-06,True
9fd67e61af5c45b5,f87817b8be7843e5,lead,Facilitate Granular Web-Readiness Telemarketing 2024,Email,Sent,False,2023-12-26,False
0755b53cebc84623,b68d6fd8655d4083,lead,Unleash Cutting-Edge E-Markets Content Syndication 2025,Content Syndication,Responded,True,2025-04-05,True
b31fd367f14d4f15,9da2c8b1ac1143f9,lead,Brand End-To-End Info-Mediaries Advertisement 2024,Advertisement,Clicked,True,2025-04-06,True
f261a9158b2b4743,414b6112183144bd,lead,Engage Impactful Portals Webinar 2025,Webinar,Registered,False,2024-10-23,True
d64d1b6b491b4a99,2d13a190df7f4473,contact,Optimize Strategic Supply-Chains Webinar 2023,Webinar,No Show,False,2023-05-04,False
0c7535c3bd4a42e7,f669ca9a4acd434d,contact,Engineer Robust Web Services Event 2024,Event,No Show,False,2025-04-09,True
192da95098234038,811c5bb83bdb407a,lead,Brand Visionary Models Advertisement 2024,Advertisement,Clicked,True,2025-02-07,False
f48d8781a3bc4c40,4468e32f8e444c94,contact,Harness Dynamic Relationships Telemarketing 2023,Email,Sent,False,2025-02-20,True
17cd71e8a4c1437d,9642116fc89c4e04,lead,Iterate Transparent Initiatives Social 2023,Social,Clicked,True,2025-04-09,False
09126ee59fe44d35,9da2c8b1ac1143f9,lead,Orchestrate End-To-End Models Event 2025,Event,Attended,True,2025-04-10,True
8f25a37e504d4422,384291ce34534af3,lead,Revolutionize Value-Added Deliverables Telemarketing 2023,Telemarketing,Sent,False,2025-03-10,True
b5e8bf8496ac4063,5534e851b60b410d,lead,Disintermediate 24/7 Metrics Telemarketing 2024,Telemarketing,Sent,False,2025-04-14,True
51d18c9660b24042,c75e6b302bb34cc3,contact,Re-Intermediate B2B Interfaces Event 2023,Email,Sent,False,2025-04-24,True
c590f4028f0a4f94,f6f30f828d3b4e72,contact,Re-Contextualize B2C Networks Social 2025,Social,Viewed,False,2024-06-23,False
34da0ae662034037,3e751658cf3942e2,lead,Matrix Seamless Infrastructures Social 2024,Social,Clicked,True,2023-09-27,True
ce4309a89a144af5,f238d76424b049a7,lead,Architect Customized Partnerships Telemarketing 2024,Telemarketing,Sent,False,2024-03-16,True
03fde2b74fa74e15,223b349cab564d8a,lead,Disintermediate Wireless Applications Content Syndication 2024,Content Syndication,Responded,True,2025-04-12,False
cd2875efc4a446d1,b5daae610cca458d,lead,E-Enable Out-Of-The-Box Portals Social 2023,Social,Viewed,False,2025-04-04,True
67f3f273050a4156,7e42afa216f549bd,contact,Engineer Robust Web Services Event 2024,Event,Registered,False,2025-04-26,False
6343a160a45a49ee,b9f8876d931449ff,lead,Monetize Clicks-And-Mortar Bandwidth Event 2023,Event,Registered,False,2024-11-14,False
212b168dccb148fd,1b690874435840a4,lead,Matrix Seamless Infrastructures Social 2024,Social,Clicked,True,2025-04-20,False
0bc9fd842aec4561,c9743f225f254bf0,lead,Disintermediate Wireless Applications Content Syndication 2024,Content Syndication,Sent,False,2024-11-03,True
1f9911a79d7f420a,6dfca0b2a38a4081,contact,Embrace Out-Of-The-Box Networks Webinar 2023,Webinar,No Show,False,2025-03-06,False
822c1efcdff84910,03ce5d081a7f4655,lead,Facilitate Web-Enabled Applications Email 2024,Email,Sent,False,2025-04-06,False
122568cbbff7477d,44910c1828224c7c,lead,Engineer Robust Web Services Event 2024,Event,Registered,False,2024-12-02,True
06a142d763e5410e,9642116fc89c4e04,lead,Harness Wireless Communities Content Syndication 2024,Content Syndication,Responded,True,2025-03-22,True
f124ed7fecbb4403,40cefd399eca43ec,lead,Maximize Bleeding-Edge Convergence Webinar 2023,Webinar,No Show,False,2025-03-18,False
252b2b3b92ec465f,38027b7773b444a2,contact,E-Enable Seamless E-Commerce Event 2025,Email,Sent,False,2025-04-02,False
bf98d3ce4e95409d,d470dfac3c6544d9,lead,Embrace Out-Of-The-Box Networks Webinar 2023,Webinar,Registered,False,2024-06-04,False
fa1ace89927a48a8,953dba724da64685,lead,Integrate Open-Source Architectures Webinar 2023,Webinar,Registered,False,2025-02-10,True
c48c90ff97214194,6dfca0b2a38a4081,contact,Re-Contextualize Extensible Technologies Email 2023,Email,Opened,False,2025-04-02,False
ca2038ce7d3643d6,9da2c8b1ac1143f9,lead,Monetize Out-Of-The-Box Content Social 2023,Social,Clicked,True,2024-09-06,False
e16b09ebc187441a,429413ad913f4749,lead,Generate Global Architectures Content Syndication 2025,Content Syndication,Sent,False,2024-11-30,True
a4def9aa41634c21,64fd54a58d2a41ed,lead,Drive End-To-End Deliverables Advertisement 2024,Email,Sent,False,2025-04-14,True
bbf077b6b1df45d1,074f5cde86474c7b,lead,Drive End-To-End Deliverables Advertisement 2024,Email,Sent,False,2024-06-14,False
9d5b01572b2a45fe,82317f16ec2d4554,lead,Re-Intermediate Visionary Convergence Webinar 2025,Webinar,Registered,False,2025-04-17,False
a35459354a594c70,4aac9ce850fb4171,lead,Streamline Distributed E-Markets Webinar 2023,Email,Sent,False,2025-04-24,False
ee104376d57045ee,f87817b8be7843e5,lead,Transition Efficient Deliverables Email 2024,Email,Sent,False,2024-03-30,False
7506af19a95f4015,2db7a24dd22e4d5a,contact,Optimize Strategic Supply-Chains Webinar 2023,Webinar,Attended,True,2024-12-03,False
194251c25d3f4c35,cced2f11e3604477,contact,Drive Next-Generation Communities Telemarketing 2025,Email,Sent,False,2025-04-24,True
51a1f15e7b0d4c0a,4aac9ce850fb4171,lead,Matrix Wireless Solutions Advertisement 2025,Email,Sent,False,2025-04-25,False
4484fb1f895343e2,abc68d63cdce455d,contact,Re-Contextualize Extensible Technologies Email 2023,Email,Opened,False,2025-04-06,False
396cfd2fa534407a,10d4d52fa7b64286,lead,Re-Contextualize Extensible Technologies Email 2023,Email,Opened,False,2024-11-26,False
3980994100254884,09c9f0fe936e44bf,contact,Iterate Transparent Initiatives Social 2023,Email,Sent,False,2025-04-18,False
6f2a69775fdf4173,5534e851b60b410d,lead,Brand End-To-End Info-Mediaries Advertisement 2024,Advertisement,Clicked,True,2025-04-19,True
e30a7628fcc94e97,3a1ed3cafa6b4b06,lead,Maximize Bleeding-Edge Convergence Webinar 2023,Email,Sent,False,2025-04-24,False
d51b3ad44aa34fe1,e125e1c50d9046ae,lead,Orchestrate End-To-End Models Event 2025,Event,Attended,True,2025-04-26,True
53c83f85dcae4c0d,76814aef8eb041cb,contact,Architect Customized Partnerships Telemarketing 2024,Telemarketing,Responded,True,2023-05-07,True
f903dac4b2b749e1,f6f30f828d3b4e72,contact,Monetize Front-End Web Services Webinar 2024,Webinar,Attended,True,2025-04-30,False
168594a87d3746db,40071fae516d4588,lead,Brand End-To-End Info-Mediaries Advertisement 2024,Advertisement,Viewed,False,2023-10-17,True
8da39d78cc9b4749,44b6509d6c7f4310,lead,Unleash 24/7 E-Tailers Event 2025,Event,No Show,False,2025-01-31,True
36ed2e2d5f014fdb,6df4a54be9ac41f1,lead,Maximize Bleeding-Edge Convergence Webinar 2023,Webinar,No Show,False,2024-12-12,True
a29db4d8912d437a,91096f981d644411,contact,E-Enable Seamless E-Commerce Event 2025,Email,Sent,False,2025-04-29,False
beb572c242db4244,f7aa8c544fa94601,lead,Re-Contextualize Extensible Technologies Email 2023,Email,Opened,False,2025-03-04,True
cd7a09587b774b52,50aa4e71898048be,contact,Re-Contextualize Extensible Technologies Email 2023,Email,Clicked,True,2025-04-08,True
32494fa07e15402d,64fd54a58d2a41ed,lead,Monetize Clicks-And-Mortar Bandwidth Event 2023,Email,Sent,False,2025-02-01,False
b28bfa26c6944f82,26db812af63f4047,lead,Harness Dynamic Relationships Telemarketing 2023,Email,Sent,False,2025-04-29,True
c1900a7594664b93,980c68397185438f,contact,Re-Intermediate B2B Interfaces Event 2023,Event,Attended,True,2025-04-14,True
4e6ef8004d4a4357,81dec6d84c5545e1,contact,Generate B2B Eyeballs Webinar 2023,Email,Sent,False,2025-04-23,True
4a3f358e82844e6d,4564b8d497fd4198,contact,Monetize Out-Of-The-Box Content Social 2023,Social,Viewed,False,2025-01-16,True
9dc62d5f7718438f,9dd0cecced544ec3,lead,Strategize Seamless Vortals Telemarketing 2025,Telemarketing,Sent,False,2025-04-02,True
900763f7d0ac4a7b,38027b7773b444a2,contact,Harness Dynamic Relationships Telemarketing 2023,Email,Sent,False,2024-07-04,False
37fa9d733dfe4eee,c80fe48b502c4043,contact,Drive Next-Generation Communities Telemarketing 2025,Email,Sent,False,2025-03-23,False
43a28fef5ee04295,223b349cab564d8a,lead,Unleash Cutting-Edge E-Markets Content Syndication 2025,Content Syndication,Sent,False,2024-11-03,True
7428dee03a304b54,e14a09ec7da74137,contact,Generate Next-Generation Markets Event 2025,Event,No Show,False,2025-02-19,True
675f5910799e4836,57a6edd2b0744232,lead,Harness Wireless Communities Content Syndication 2024,Email,Sent,False,2025-04-20,True
995601837448419b,a7ec1fdced7b4f70,lead,Unleash Cutting-Edge E-Markets Content Syndication 2025,Content Syndication,Responded,True,2025-04-11,True
dc83727c833e4480,0fba81bae85e46b9,contact,Drive Next-Generation Communities Telemarketing 2025,Telemarketing,Responded,True,2025-01-04,True
f529e099b7b64ea7,c9f086f3e11043c8,contact,Architect Customized Partnerships Telemarketing 2024,Telemarketing,Responded,True,2025-02-20,True
77bfde9ac3854631,6c1b9e7925f24b0b,contact,Embrace Out-Of-The-Box Networks Webinar 2023,Webinar,Registered,False,2024-11-16,True
4200587d63c94fe7,489cb6d48aaf4ac0,lead,Re-Intermediate B2B Interfaces Event 2023,Event,Registered,False,2025-04-21,True
200f883b35c74681,800c6e0375524274,lead,Utilize Back-End Action-Items Advertisement 2025,Email,Sent,False,2025-01-07,False
77a0f31c271e47f3,cdbb75a006114731,lead,Envisioneer Revolutionary Deliverables Content Syndication 2024,Content Syndication,Responded,True,2025-04-24,False
65214f83498d4bc4,1980a7068c854572,contact,Unleash Ubiquitous Channels Event 2025,Email,Sent,False,2025-04-23,True
d7ed2417f98543b1,5c9e16370a9e4239,lead,Unleash Cutting-Edge E-Markets Content Syndication 2025,Content Syndication,Sent,False,2025-04-01,True
2f26eb837ee24eb3,dd6f44c6d6f14ec5,lead,Re-Contextualize B2C Networks Social 2025,Email,Sent,False,2024-11-05,True
2df6d92d0f564ed9,3a07aefee2d74a30,lead,Target Mission-Critical Eyeballs Content Syndication 2025,Content Syndication,Responded,True,2024-05-29,True
b3aa1caba44f447e,382084a4874349f5,lead,E-Enable Seamless E-Commerce Event 2025,Email,Sent,False,2024-12-08,False
45681485c364491b,3a562041231b4490,contact,Extend Granular Schemas Email 2025,Email,Opened,False,2025-04-28,False
29d98d8904ac4f6f,2d13a190df7f4473,contact,Envisioneer Revolutionary Deliverables Content Syndication 2024,Content Syndication,Sent,False,2024-07-21,True
48b4ade0188045e1,3f61e90d70704b2c,lead,Matrix Wireless Solutions Advertisement 2025,Email,Sent,False,2024-11-23,False
d92dd44188144b3b,188fb0d5560b4ef8,lead,Orchestrate 24/7 Relationships Content Syndication 2024,Email,Sent,False,2025-04-04,False
3224040799754f89,d10f117fe5de4b99,lead,Strategize Seamless Vortals Telemarketing 2025,Telemarketing,Responded,True,2024-11-21,True
c40b073358304bce,03ce5d081a7f4655,lead,Transition Efficient Deliverables Email 2024,Email,Sent,False,2024-06-04,True
41787ff58c894ad4,09bc0e068421492d,lead,Mesh Interactive Platforms Advertisement 2023,Advertisement,Viewed,False,2025-04-07,True
c245d86a78594f4c,d373575bfc004a77,lead,Utilize Back-End Action-Items Advertisement 2025,Advertisement,Viewed,False,2024-12-20,True
8334a57b5155469e,907b17412ee84ec4,lead,Monetize Clicks-And-Mortar Bandwidth Event 2023,Event,No Show,False,2025-04-26,True
ac8aa647d9fa45be,e8aa582e7f184380,contact,Monetize Clicks-And-Mortar Bandwidth Event 2023,Email,Sent,False,2025-04-04,True
4088be3ee8ca40a2,c3e0be5d27eb4009,lead,Strategize Seamless Vortals Telemarketing 2025,Telemarketing,Responded,True,2024-12-13,False
2ff93a6f30154af6,a4a4341a54c846f6,lead,Deliver One-To-One Markets Email 2024,Email,Sent,False,2024-05-25,False
a1bb8153d6f94b73,b5daae610cca458d,lead,Evolve Extensible Deliverables Webinar 2023,Webinar,Attended,True,2023-10-12,False
a4757f19757f4ef6,26fb5134d77a49a8,lead,Strategize Seamless Vortals Telemarketing 2025,Telemarketing,Responded,True,2025-01-15,True
2297f0d4a6f5490c,9f8217a6752546b4,lead,Monetize Out-Of-The-Box Content Social 2023,Email,Sent,False,2025-04-30,False
30371a675dda4f5c,6f1a861e72f24fa7,lead,Deliver One-To-One Markets Email 2024,Email,Clicked,True,2025-02-09,False
c3b29782ec43427e,e7674d9456794377,lead,CISO Roundtable Q1 2024,Webinar,Attended,True,2024-06-25,False
6457c2b2aa6c4a11,f669ca9a4acd434d,contact,Monetize Front-End Web Services Webinar 2024,Webinar,Registered,False,2024-12-04,True
7913fb592265438b,7e42afa216f549bd,contact,Strategize Seamless Vortals Telemarketing 2025,Telemarketing,Sent,False,2025-04-09,False
91495c8501844183,81fc4372869b4d59,lead,Monetize Clicks-And-Mortar Bandwidth Event 2023,Event,Registered,False,2025-04-04,False
c0a13a087e2d4ed7,90d53475283f4f71,contact,Target Mission-Critical Eyeballs Content Syndication 2025,Email,Sent,False,2025-04-15,False
c1a47d2a6b4f49da,382084a4874349f5,lead,Re-Contextualize Extensible Technologies Email 2023,Email,Sent,False,2024-11-13,False
f1ddf2035f824710,9da2c8b1ac1143f9,lead,Unleash Cutting-Edge E-Markets Content Syndication 2025,Content Syndication,Sent,False,2025-02-11,False
9d899cd39bf54757,edaceec9b7ef4729,lead,Nurture Drip Sequence,Email,Sent,False,2024-12-29,True
ecddff36488f45bc,7e42afa216f549bd,contact,Orchestrate 24/7 Relationships Content Syndication 2024,Content Syndication,Responded,True,2025-04-02,True
e2fed02cc109487d,c9743f225f254bf0,lead,Generate B2B Eyeballs Webinar 2023,Webinar,Attended,True,2025-04-09,False
2d93bcc3768e4f25,6b35a212e3fa4148,contact,Matrix Wireless Solutions Advertisement 2025,Advertisement,Clicked,True,2024-06-11,False
9c86fd5710a34c18,64fd54a58d2a41ed,lead,Maximize Bleeding-Edge Convergence Webinar 2023,Email,Sent,False,2025-04-03,True
6ae07b0fcdd44093,7d071f1424854f46,lead,Target Mission-Critical Eyeballs Content Syndication 2025,Content Syndication,Sent,False,2025-04-21,True
4b900652d0694481,382084a4874349f5,lead,Monetize Out-Of-The-Box Content Social 2023,Email,Sent,False,2024-11-29,True
f8d2c82f730c4ff3,1c9acc1c906d4523,lead,Matrix Wireless Solutions Advertisement 2025,Advertisement,Viewed,False,2025-03-13,False
7c0f05b52a1d459d,e0c14835e4144ac6,lead,Transition Efficient Deliverables Email 2024,Email,Sent,False,2025-04-27,False
241ab3b327b84d6e,43e2fdd56a854f1c,contact,Brand Leading-Edge Interfaces Telemarketing 2025,Telemarketing,Responded,True,2024-03-23,False
6db5d99b523e401a,a4cc25373112444a,contact,Matrix Wireless Solutions Advertisement 2025,Email,Sent,False,2025-04-17,True
b097891f3958419b,4c46d61b70a040a7,lead,Re-Contextualize B2C Networks Social 2025,Social,Clicked,True,2025-01-26,False
23d0bfbb861a4acc,1127df2172c04f86,contact,Envisioneer Holistic Web-Readiness Email 2024,Email,Opened,False,2025-04-06,True
eff1a0bd48554ec9,f711c644636f43f2,contact,Maximize Bleeding-Edge Convergence Webinar 2023,Webinar,No Show,False,2025-02-21,True
b5339dab198f4809,0d97159d8b2c43d1,lead,Drive End-To-End Deliverables Advertisement 2024,Advertisement,Clicked,True,2024-11-26,True
96f73058aab94d72,6cd7995cd86b4321,lead,Brand Visionary Models Advertisement 2024,Advertisement,Viewed,False,2023-11-25,True
4cfa7c1f245b43ba,4aac9ce850fb4171,lead,Incubate Front-End E-Tailers Telemarketing 2025,Email,Sent,False,2025-04-01,True
6b4b16a467044fc0,cced2f11e3604477,contact,Facilitate Granular Web-Readiness Telemarketing 2024,Email,Sent,False,2025-04-08,True
53aa883f94e84824,a72d2167f475488f,lead,Generate Next-Generation Markets Event 2025,Email,Sent,False,2024-01-14,True
c8a8994c3ae448ee,9080f6f09a954df3,contact,E-Enable Seamless E-Commerce Event 2025,Event,Registered,False,2025-04-06,True
870d1e0beafb4430,45934305f11e4b62,lead,Matrix Seamless Infrastructures Social 2024,Social,Clicked,True,2024-03-29,False
e6dbe83877fb42cd,1b690874435840a4,lead,Re-Contextualize Extensible Technologies Email 2023,Email,Sent,False,2024-12-16,True
501c79e0cdf64876,3eaf6a3577694671,lead,Iterate Transparent Initiatives Social 2023,Social,Clicked,True,2025-04-04,True
b2ad4dde39e14ca9,b395c3306ea140d5,contact,Re-Intermediate Visionary Convergence Webinar 2025,Webinar,Registered,False,2025-04-26,False
55c95c0c394e40d6,4aac9ce850fb4171,lead,Engage Impactful Portals Webinar 2025,Email,Sent,False,2025-03-13,False
7eba520969dc4c53,90c6f58cf2144ff9,contact,Engage Impactful Portals Webinar 2025,Email,Sent,False,2023-10-28,False
3b0be36fc3a34bf4,65f97209bb6943b6,contact,Re-Contextualize B2C Networks Social 2025,Social,Clicked,True,2024-08-11,True
280ecb20bf7a4b10,3e751658cf3942e2,lead,Security Summit Webinar 2025,Webinar,Attended,True,2025-04-12,True
597dae5a09634f58,382084a4874349f5,lead,Extend Granular Schemas Email 2025,Email,Sent,False,2024-03-24,True
e914506f83c540a4,67979dd6ff284c89,lead,Harness Wireless Communities Content Syndication 2024,Content Syndication,Sent,False,2024-12-31,True
b986452a26384500,653ab12ad6a34e87,lead,Deliver One-To-One Markets Email 2024,Email,Opened,False,2025-04-09,False
aab0ee9a679d4a88,b3927f4c1415426c,lead,Streamline Distributed E-Markets Webinar 2023,Webinar,Attended,True,2025-04-25,True
a9d1491109c84e89,5842cd105f5e46b9,lead,Brand End-To-End Info-Mediaries Advertisement 2024,Advertisement,Clicked,True,2025-04-08,True
bdab25702b0a4507,a7ec1fdced7b4f70,lead,Whiteboard Synergistic Initiatives Email 2025,Email,Clicked,True,2025-04-26,False
7e0aada957314521,6d5e659fd2064786,lead,Benchmark Rich Functionalities Event 2024,Event,No Show,False,2025-02-03,False
f8f1ca3d7cbe425c,0f94757f77ba49bf,contact,Brand End-To-End Info-Mediaries Advertisement 2024,Email,Sent,False,2025-04-02,False
76f7b1d83c4243ea,342a0674fdcc413b,lead,Evolve E-Business Markets Webinar 2023,Webinar,Attended,True,2024-11-04,False
08677f4038524a08,b9f8876d931449ff,lead,Benchmark Rich Functionalities Event 2024,Event,No Show,False,2025-04-26,True
c7a5eff2db13461e,4023c4102aed411a,contact,Engage Impactful Portals Webinar 2025,Email,Sent,False,2024-11-29,True
77f15391d41c49a3,9da2c8b1ac1143f9,lead,Orchestrate End-To-End Models Event 2025,Event,Registered,False,2025-04-14,True
e14830c31b0f4661,28d04c644bb94888,lead,Utilize Back-End Action-Items Advertisement 2025,Email,Sent,False,2025-03-09,True
d937a69eb553414d,0d97159d8b2c43d1,lead,Utilize Visionary Eyeballs Webinar 2023,Webinar,Registered,False,2023-09-14,True
8d2b061f4a524040,9080f6f09a954df3,contact,Drive Next-Generation Communities Telemarketing 2025,Telemarketing,Responded,True,2025-04-19,False
6dcf698993ec4865,03ce5d081a7f4655,lead,Streamline 24/7 Systems Advertisement 2024,Email,Sent,False,2023-08-10,True
bc332e79ac114913,db093815e91c423f,contact,Optimize Strategic Supply-Chains Webinar 2023,Webinar,No Show,False,2025-04-19,True
53751adea7114624,414b6112183144bd,lead,Harness Wireless Communities Content Syndication 2024,Content Syndication,Sent,False,2025-04-21,True
906d65b6aa014201,5e61ac8e6648407c,contact,Envisioneer Holistic Web-Readiness Email 2024,Email,Sent,False,2024-11-13,True
7b2a5cb2e6c74143,c3da9723707a430d,lead,Target Collaborative Paradigms Social 2024,Email,Sent,False,2025-03-26,True
eff589766a77403e,c65ca09a99d44d46,contact,Monetize Front-End Web Services Webinar 2024,Email,Sent,False,2025-04-27,True
3b6ae67b88254fe8,64fd54a58d2a41ed,lead,E-Enable Seamless E-Commerce Event 2025,Email,Sent,False,2025-04-07,True
f34e3d2bb08a4a79,f6203f5b97d34f97,contact,Unleash Ubiquitous Channels Event 2025,Event,Registered,False,2025-04-30,True
b6a1638ac4594471,94e6840f17144d20,contact,Target Mission-Critical Eyeballs Content Syndication 2025,Email,Sent,False,2024-11-27,True
3d6306e858374393,2bca12bf4b4744b1,lead,Re-Intermediate B2B Interfaces Event 2023,Event,No Show,False,2024-02-29,True
2e270bfd320847c3,4069501f26784bb8,lead,Deliver One-To-One Markets Email 2024,Email,Opened,False,2025-04-30,False
e474d82904434e00,a73bdabac25543b8,lead,Architect Viral Models Webinar 2024,Webinar,Attended,True,2025-04-22,True
0db8b55b763c468c,c8ba071217f14aef,contact,Mesh Interactive Platforms Advertisement 2023,Email,Sent,False,2025-03-06,False
c49e96b98b62489a,fb0c3528914e4dd3,contact,Re-Intermediate Visionary Convergence Webinar 2025,Webinar,Registered,False,2024-02-29,False
491eaa0393874b7d,f40555f94ac7423e,lead,Drive End-To-End Deliverables Advertisement 2024,Advertisement,Viewed,False,2025-01-22,True
059f6411d45c4605,e7674d9456794377,lead,Security ROI Whitepaper,Content Syndication,Responded,True,2024-09-03,False
b8a7c42a6ec94953,9642116fc89c4e04,lead,E-Enable Seamless E-Commerce Event 2025,Event,Attended,True,2024-05-28,False
1fe866a258054d65,ce300319779040cb,lead,Mesh Interactive Platforms Advertisement 2023,Email,Sent,False,2025-02-18,True
04d5265bcc3e4d52,34bc546cc797460c,lead,Re-Contextualize Extensible Technologies Email 2023,Email,Sent,False,2025-04-23,False
de92e79040e24c32,19ff62cb0162456c,lead,Brand Visionary Models Advertisement 2024,Advertisement,Viewed,False,2024-12-14,False
993f526b367b4877,e14a09ec7da74137,contact,Brand Visionary Models Advertisement 2024,Advertisement,Clicked,True,2024-10-20,False
d6574fa16a934d03,652802bd91274e89,contact,Strategize Seamless Vortals Telemarketing 2025,Email,Sent,False,2024-12-26,False
a3d8b9677df742c5,945892b5c4114cf9,lead,Transition Efficient Deliverables Email 2024,Email,Opened,False,2024-06-19,True
b06ad22aeb7f4b87,7d6f011f12664f23,contact,Architect Customized Partnerships Telemarketing 2024,Telemarketing,Responded,True,2023-09-06,False
e59ec30c85954366,44b6509d6c7f4310,lead,Streamline 24/7 Systems Advertisement 2024,Advertisement,Clicked,True,2025-04-17,False
40c013f5781e4717,64fd54a58d2a41ed,lead,Facilitate Granular Web-Readiness Telemarketing 2024,Email,Sent,False,2023-12-30,False
8b9034e2b5b4423f,a4d7f4a377374ad5,contact,Deliver One-To-One Markets Email 2024,Email,Sent,False,2025-04-23,False
b7ba3782c8cf48bc,953dba724da64685,lead,Architect Customized Partnerships Telemarketing 2024,Telemarketing,Responded,True,2023-06-21,True
56ce8cbb1dda4fcb,f147d4ad69bd484e,lead,Transition Efficient Deliverables Email 2024,Email,Clicked,True,2025-03-03,True
91c336a17e79405d,26db812af63f4047,lead,E-Enable Out-Of-The-Box Portals Social 2023,Email,Sent,False,2024-08-15,True
0907c2054f2b4a9c,501f47ca096e4ea3,lead,Whiteboard Synergistic Initiatives Email 2025,Email,Clicked,True,2025-04-25,True
637faf83a7c04761,76814aef8eb041cb,contact,Utilize Back-End Action-Items Advertisement 2025,Advertisement,Viewed,False,2025-04-05,False
0a59791401d84f81,fbdf1bcc8b734f72,lead,Redefine Cross-Media Synergies Webinar 2023,Email,Sent,False,2023-05-24,False
edb55ba12bb24db1,10dc907c214a4d97,lead,Disintermediate Wireless Applications Content Syndication 2024,Content Syndication,Sent,False,2025-04-29,False
489744a77d3045bb,0aa4bc073e6d43e7,contact,Monetize Out-Of-The-Box Content Social 2023,Social,Viewed,False,2025-03-11,True
bb3db240090643f6,ca3a7ab389184b2f,lead,Re-Contextualize Extensible Technologies Email 2023,Email,Opened,False,2024-08-08,False
e1fa04d98a294c4c,8a2d4cc002b0472e,lead,Brand End-To-End Info-Mediaries Advertisement 2024,Email,Sent,False,2025-02-23,True
b1044e2a08d4410d,09bc0e068421492d,lead,Envisioneer Holistic Web-Readiness Email 2024,Email,Opened,False,2024-12-05,True
2b4fc8c9e70448a2,c733f0d560e74552,lead,Extend Granular Schemas Email 2025,Email,Opened,False,2024-12-16,True
ebfdd865bd434f50,e874b3fef9f44a20,lead,Re-Contextualize Extensible Technologies Email 2023,Email,Sent,False,2024-06-30,True
4bde118c07b14ba0,0fe3d748143a4969,lead,Incubate Front-End E-Tailers Telemarketing 2025,Telemarketing,Responded,True,2023-07-09,False
0b80879f9b0c48a5,29749fd8a29b4cc9,lead,Strategize Seamless Vortals Telemarketing 2025,Email,Sent,False,2025-04-07,False
ef33b7e339e54e75,9dbe429836044ead,contact,Incubate Front-End E-Tailers Telemarketing 2025,Telemarketing,Responded,True,2025-03-07,False
e4ccd5e23d824506,3f61e90d70704b2c,lead,Maximize Bleeding-Edge Convergence Webinar 2023,Email,Sent,False,2024-09-05,False
c3ae41b49faa4453,f669ca9a4acd434d,contact,Matrix Wireless Solutions Advertisement 2025,Advertisement,Viewed,False,2025-01-15,False
514232b927704ce6,c2e9e649e24b4ca1,lead,Envisioneer Revolutionary Deliverables Content Syndication 2024,Content Syndication,Responded,True,2023-11-07,False
d9525a8302b54b07,93a69db066904421,lead,Revolutionize Value-Added Deliverables Telemarketing 2023,Email,Sent,False,2025-02-18,False
988f0377f41f4be9,94e6840f17144d20,contact,Strategize Seamless Vortals Telemarketing 2025,Email,Sent,False,2024-11-19,True
0d22e83658e34512,bda770a739914610,contact,Optimize Strategic Supply-Chains Webinar 2023,Email,Sent,False,2025-04-08,True
d3ce823688c44b99,50aa4e71898048be,contact,Utilize Back-End Action-Items Advertisement 2025,Advertisement,Viewed,False,2023-12-30,False
01cc103721ee4c0d,a73fc52346244c3f,contact,Optimize Strategic Supply-Chains Webinar 2023,Webinar,No Show,False,2024-11-24,False
9a02fcd423c04569,6af7009d16b544a9,lead,Facilitate Web-Enabled Applications Email 2024,Email,Clicked,True,2024-12-24,True
644cfb46a4d6401e,19ff62cb0162456c,lead,E-Enable Out-Of-The-Box Portals Social 2023,Social,Viewed,False,2025-04-04,True
c57a1d0fb67a43b8,ab3adfe35cbf4fcf,lead,Generate B2B Eyeballs Webinar 2023,Webinar,No Show,False,2025-04-25,True
4fc81965a18345c5,69cb0873a73d4fbe,contact,Transition Efficient Deliverables Email 2024,Email,Sent,False,2024-12-07,True
019ba2b045b749cf,c64455e48bf64610,lead,Generate Global Architectures Content Syndication 2025,Content Syndication,Responded,True,2025-04-16,True
3ec148094dc34772,a4d7f4a377374ad5,contact,Drive End-To-End Deliverables Advertisement 2024,Advertisement,Clicked,True,2024-11-27,False
3aff3015f16244f9,44b6509d6c7f4310,lead,Facilitate Web-Enabled Applications Email 2024,Email,Clicked,True,2025-04-26,False
6cabfd06f9b640df,c80fe48b502c4043,contact,Streamline 24/7 Systems Advertisement 2024,Email,Sent,False,2025-04-02,False
533d43d5a9a44518,45934305f11e4b62,lead,Monetize Clicks-And-Mortar Bandwidth Event 2023,Event,Registered,False,2024-11-11,False
6d520ae5079841cf,b99257da63be4c54,lead,Brand Visionary Models Advertisement 2024,Advertisement,Clicked,True,2024-02-09,True
c216fa73380e481a,9080f6f09a954df3,contact,Deliver One-To-One Markets Email 2024,Email,Opened,False,2024-05-25,True
e326e598e9fb4f7d,6e5dd68a6abd44b2,contact,Target Collaborative Paradigms Social 2024,Social,Clicked,True,2025-01-09,False
73382b0210974ba5,90d53475283f4f71,contact,Matrix Wireless Solutions Advertisement 2025,Email,Sent,False,2025-04-24,True
25ed9119b895422d,f238d76424b049a7,lead,Whiteboard Synergistic Initiatives Email 2025,Email,Clicked,True,2024-12-02,True
cb6e7e7f934040e7,f108d9f379c3434c,lead,Transition Efficient Deliverables Email 2024,Email,Opened,False,2025-02-18,True
b179c978cb9d4c19,7b8dae74c12a487f,lead,E-Enable Seamless E-Commerce Event 2025,Event,Attended,True,2025-03-17,True
0d050b0e45074e9e,f6f30f828d3b4e72,contact,Integrate Open-Source Architectures Webinar 2023,Webinar,No Show,False,2025-04-19,True
cbe7c927bb4546cd,653ab12ad6a34e87,lead,Disintermediate 24/7 Metrics Telemarketing 2024,Telemarketing,Responded,True,2025-01-18,False
6bac68da7afc43a6,d62348854f144843,lead,Disintermediate Wireless Applications Content Syndication 2024,Email,Sent,False,2025-04-03,True
2b974f8168074cd8,e79ae282252a44a9,contact,Orchestrate End-To-End Models Event 2025,Event,No Show,False,2025-01-12,True
c6e5217a95c34f3b,91096f981d644411,contact,Generate Global Architectures Content Syndication 2025,Email,Sent,False,2025-04-16,True
4586e35cfda7446e,19ff62cb0162456c,lead,Streamline 24/7 Systems Advertisement 2024,Advertisement,Clicked,True,2024-11-27,False
44318af5941448bc,0d97159d8b2c43d1,lead,Engineer Robust Web Services Event 2024,Event,Attended,True,2023-11-02,True
f2ed63f2d4b44ecb,7833119f50b24965,lead,Strategize Seamless Vortals Telemarketing 2025,Telemarketing,Responded,True,2025-04-19,False
703ad74348f34f7a,02101115a2bd45d1,contact,Re-Contextualize B2C Networks Social 2025,Social,Viewed,False,2024-11-10,True
64531d960a3a418b,e5e584ac6b91490c,lead,Architect Customized Partnerships Telemarketing 2024,Email,Sent,False,2025-04-29,True
e99c9874729645e1,7036597206384b9e,lead,Revolutionize Value-Added Deliverables Telemarketing 2023,Email,Sent,False,2023-05-28,True
0a5e3535dfca4e7a,9f8217a6752546b4,lead,Mesh Interactive Platforms Advertisement 2023,Email,Sent,False,2024-08-31,True
c9bb59811bae465f,9080f6f09a954df3,contact,Monetize Out-Of-The-Box Content Social 2023,Social,Clicked,True,2023-09-04,False
20deb58b792e4a53,f928cd9a04a6489a,lead,Mesh Interactive Platforms Advertisement 2023,Email,Sent,False,2025-01-07,False
745541e7e5b44490,f5477c8a6da74ed2,contact,Re-Intermediate Visionary Convergence Webinar 2025,Webinar,Registered,False,2024-12-09,True
1af630fed200451e,674ea59eff4f4ec0,contact,Disintermediate Wireless Applications Content Syndication 2024,Content Syndication,Sent,False,2025-02-01,False
45786319d7da43c6,19ff62cb0162456c,lead,Re-Intermediate B2B Interfaces Event 2023,Event,Registered,False,2024-02-03,True
5d017d9fa4174b67,f45c994a5a57444b,contact,Facilitate Granular Web-Readiness Telemarketing 2024,Telemarketing,Sent,False,2025-04-03,True
badea179aad44293,90c6f58cf2144ff9,contact,Harness Dynamic Relationships Telemarketing 2023,Email,Sent,False,2025-04-01,True
c5595fa1e5f0460e,382084a4874349f5,lead,Revolutionize Value-Added Deliverables Telemarketing 2023,Email,Sent,False,2025-04-04,False
b005756fa8db41aa,b1bf295cb6c74526,lead,Disintermediate 24/7 Metrics Telemarketing 2024,Telemarketing,Responded,True,2025-04-29,True
386b1456634b4141,bd63086e621b4ab8,contact,Re-Intermediate B2B Interfaces Event 2023,Event,Registered,False,2024-09-18,False
539eff5a18004a3d,26db812af63f4047,lead,Engineer Robust Web Services Event 2024,Email,Sent,False,2025-04-24,True
9d7d936e051e43ff,708e08ffce2b4624,contact,Whiteboard Synergistic Initiatives Email 2025,Email,Sent,False,2025-04-28,True
ad3e12d65d564b91,0c80519f63164502,contact,Evolve Extensible Deliverables Webinar 2023,Email,Sent,False,2025-04-06,False
554efa30002e4d07,3a562041231b4490,contact,Target Mission-Critical Eyeballs Content Syndication 2025,Content Syndication,Responded,True,2025-01-30,False
5621bb87284c486f,8c9ff1b71100496d,lead,Utilize Visionary Eyeballs Webinar 2023,Webinar,No Show,False,2025-04-21,False
8f025f9f65bd4aaf,3b2403c3162c41ac,contact,Re-Intermediate B2B Interfaces Event 2023,Event,Registered,False,2025-01-07,False
186ee53f639348fc,e9b0a11d7b46493d,contact,Facilitate Web-Enabled Applications Email 2024,Email,Sent,False,2024-03-21,False
bbeeaeeac18f4cd8,cdee4d4b7d564dc6,lead,Envisioneer Holistic Web-Readiness Email 2024,Email,Opened,False,2024-02-25,False
339a7badeede4724,08bb87b38c4e40d3,lead,Streamline 24/7 Systems Advertisement 2024,Advertisement,Clicked,True,2025-04-19,False
f694204e33b34455,419d033ac92c4732,lead,Re-Contextualize Extensible Technologies Email 2023,Email,Sent,False,2024-04-17,False
85aee8fd364345eb,036deccc5cd94143,lead,Matrix Seamless Infrastructures Social 2024,Social,Clicked,True,2025-04-20,True
6cea235074d648ae,953dba724da64685,lead,Extend Granular Schemas Email 2025,Email,Sent,False,2025-04-28,True
4f94f82ca6ca42f5,8e330830f7ec44fd,lead,Maximize Bleeding-Edge Convergence Webinar 2023,Email,Sent,False,2025-03-05,True
a11245314caf4757,14d137dfb27747cc,lead,Matrix Seamless Infrastructures Social 2024,Email,Sent,False,2025-04-08,True
51f9e823ddb747c1,edaceec9b7ef4729,lead,Nurture Drip Sequence,Email,Sent,False,2025-03-18,True
68015eb4ca0a4ce3,28ba59ed1ba142a7,contact,Brand Leading-Edge Interfaces Telemarketing 2025,Telemarketing,Sent,False,2025-04-01,True
04b57500ec0a4edc,5c9e16370a9e4239,lead,Streamline Distributed E-Markets Webinar 2023,Webinar,Registered,False,2023-08-03,True
c2db3143334f46d3,6ed0a7ac6ad9494f,contact,Evolve Extensible Deliverables Webinar 2023,Webinar,Attended,True,2025-04-16,True
f6d6a7bc356740b9,501f47ca096e4ea3,lead,Whiteboard Synergistic Initiatives Email 2025,Email,Clicked,True,2023-05-09,True
fc781fb4ee4440f5,b1bf295cb6c74526,lead,Envisioneer Holistic Web-Readiness Email 2024,Email,Sent,False,2025-03-26,False
105293030f5545ea,ee8e7e0ccc714129,contact,Evolve Extensible Deliverables Webinar 2023,Email,Sent,False,2024-09-28,True
bbf35f51852c4afb,a89dc838fb054355,lead,Target Mission-Critical Eyeballs Content Syndication 2025,Email,Sent,False,2024-08-10,True
355366c30f4149f5,297bb252619c48fb,lead,Architect Customized Partnerships Telemarketing 2024,Email,Sent,False,2023-10-11,True
999f33c620c74835,a75b4ef3236749f8,contact,Monetize Clicks-And-Mortar Bandwidth Event 2023,Event,Attended,True,2023-10-24,True
8b2083692060456a,b9fbc0fe0a624adc,contact,E-Enable Seamless E-Commerce Event 2025,Event,No Show,False,2023-11-04,False
c439e25c1c3f43de,fbdf1bcc8b734f72,lead,Utilize Visionary Eyeballs Webinar 2023,Email,Sent,False,2024-10-17,False
b0e7b6d3745f4007,3f61e90d70704b2c,lead,Monetize Clicks-And-Mortar Bandwidth Event 2023,Email,Sent,False,2024-12-28,False
72a4d92619134a08,44622dae5b224bbd,contact,Matrix Wireless Solutions Advertisement 2025,Advertisement,Clicked,True,2024-12-09,True
5bbc19ce59e14702,811c5bb83bdb407a,lead,Mesh Interactive Platforms Advertisement 2023,Advertisement,Viewed,False,2023-08-14,True
86895be607a94c1e,40071fae516d4588,lead,Drive End-To-End Deliverables Advertisement 2024,Advertisement,Viewed,False,2025-02-08,True
1184bd86eac84d76,c64455e48bf64610,lead,Utilize Back-End Action-Items Advertisement 2025,Advertisement,Viewed,False,2025-02-04,True
76c8ae33656f42c8,08393fe814024e3b,contact,Target Collaborative Paradigms Social 2024,Social,Viewed,False,2025-02-05,True
05ffd812341245a7,64fd54a58d2a41ed,lead,Orchestrate 24/7 Relationships Content Syndication 2024,Email,Sent,False,2024-07-11,False
930289d542f241db,414b6112183144bd,lead,Strategize Seamless Vortals Telemarketing 2025,Telemarketing,Sent,False,2025-02-04,True
b1beaa1fafa749ba,414b6112183144bd,lead,Disintermediate 24/7 Metrics Telemarketing 2024,Telemarketing,Sent,False,2025-04-21,True
ba1028bbcfc342ab,382084a4874349f5,lead,Harness Wireless Communities Content Syndication 2024,Email,Sent,False,2024-03-24,True
073bd7cdcc56486e,074f5cde86474c7b,lead,Embrace Out-Of-The-Box Networks Webinar 2023,Email,Sent,False,2025-04-05,False
930b807a5e8a42ea,05a3804142f546ea,lead,Generate Global Architectures Content Syndication 2025,Email,Sent,False,2024-12-09,True
2ccd669c0645465a,53b148c040a34d51,lead,Brand Visionary Models Advertisement 2024,Advertisement,Viewed,False,2025-04-23,True
cbc7655a6ddf4aef,3de1ba830de74bc6,lead,Re-Contextualize B2C Networks Social 2025,Email,Sent,False,2024-10-04,False
576645029a2c4daa,4584c1a4405e4e47,contact,Unleash Ubiquitous Channels Event 2025,Event,No Show,False,2025-01-03,False
37e3860bd58f4420,29c2dce0feb44357,contact,Orchestrate 24/7 Relationships Content Syndication 2024,Content Syndication,Sent,False,2025-04-05,True
07411f638de345bd,4582461f1ac64c6b,contact,Unleash Cutting-Edge E-Markets Content Syndication 2025,Content Syndication,Responded,True,2023-07-09,False
688971158f8d4403,c63fc11748f14133,contact,Strategize Seamless Vortals Telemarketing 2025,Telemarketing,Responded,True,2025-04-29,True
83a38d52a17940f0,7344345ee68041bd,lead,Monetize Clicks-And-Mortar Bandwidth Event 2023,Email,Sent,False,2024-11-05,True
9b6905a040394fa9,16bd3a8326c74630,lead,Architect Viral Models Webinar 2024,Webinar,No Show,False,2025-04-19,True
13b3856eb7854294,c5053e8a90c14f28,lead,Evolve Extensible Deliverables Webinar 2023,Webinar,No Show,False,2025-04-17,True
cf55fb4417ed4b8c,a4a4341a54c846f6,lead,Disintermediate Wireless Applications Content Syndication 2024,Content Syndication,Responded,True,2023-11-09,True
7daf8338fb0d418f,f6f30f828d3b4e72,contact,Disintermediate 24/7 Metrics Telemarketing 2024,Telemarketing,Sent,False,2025-04-30,False
7c5642cfdd1e41af,9bd395cc2abb4996,lead,Orchestrate End-To-End Models Event 2025,Event,Registered,False,2025-04-21,False
8a4234d02a624713,a83cf0a526a64743,contact,Generate Next-Generation Markets Event 2025,Event,No Show,False,2025-04-08,True
06dc82a012b04a61,414b6112183144bd,lead,Deliver One-To-One Markets Email 2024,Email,Clicked,True,2025-04-19,False
195d0e98f53d4bf1,429413ad913f4749,lead,Revolutionize Value-Added Deliverables Telemarketing 2023,Telemarketing,Responded,True,2025-04-28,False
3cbc12f552234a37,edaceec9b7ef4729,lead,Nurture Drip Sequence,Email,Sent,False,2024-11-11,True
418d2e08a62440f7,10d3c9a79c2c4edc,lead,Embrace Out-Of-The-Box Networks Webinar 2023,Webinar,No Show,False,2025-04-17,True
2f0515da2fe34365,3a07aefee2d74a30,lead,Redefine Cross-Media Synergies Webinar 2023,Webinar,Registered,False,2024-12-21,True
b25d65d1c0d64607,f43799fb22e54bf5,lead,Facilitate Web-Enabled Applications Email 2024,Email,Sent,False,2025-04-01,False
4ce2f8268dbe458a,fa4894007b794a2c,lead,Matrix Seamless Infrastructures Social 2024,Social,Clicked,True,2025-04-10,True
c46549ab8db84057,c733f0d560e74552,lead,Grow Best-Of-Breed Users Event 2024,Event,Attended,True,2024-09-14,False
1399a756d24d49e5,e2a2bc9203784e6f,contact,Monetize Out-Of-The-Box Content Social 2023,Email,Sent,False,2024-05-04,True
8ef0251fd2644428,29a68e6027dc4cf3,lead,Target Collaborative Paradigms Social 2024,Social,Clicked,True,2025-04-10,False
3ed3429214974de0,eda537e2082d44a5,contact,Unleash Ubiquitous Channels Event 2025,Event,No Show,False,2024-08-29,False
b2c510dd6ac74b9b,21c2c51d36104704,contact,Matrix Seamless Infrastructures Social 2024,Social,Clicked,True,2023-08-05,False
fa55bbf1cc2d45f4,a9b9beb598a64e0d,contact,Unleash Cutting-Edge E-Markets Content Syndication 2025,Content Syndication,Sent,False,2024-11-05,False
b547982c5d314054,09119d76e2094198,lead,Harness Wireless Communities Content Syndication 2024,Email,Sent,False,2025-01-31,True
7715f2c731464423,cf6c7be59e3e48ed,contact,Generate Global Architectures Content Syndication 2025,Content Syndication,Responded,True,2025-03-13,True
26297bebd33b4e40,c3e0be5d27eb4009,lead,Revolutionize Value-Added Deliverables Telemarketing 2023,Telemarketing,Responded,True,2023-12-13,True
6b7909392016409d,8e330830f7ec44fd,lead,Mesh Interactive Platforms Advertisement 2023,Email,Sent,False,2023-05-06,False
ffacbde4fee44364,edaceec9b7ef4729,lead,Nurture Drip Sequence,Email,Sent,False,2025-03-19,True
5fda4a34085d449c,c64455e48bf64610,lead,Generate Global Architectures Content Syndication 2025,Content Syndication,Responded,True,2024-06-03,True
09b89d5524bc422f,382084a4874349f5,lead,Drive Next-Generation Communities Telemarketing 2025,Email,Sent,False,2023-06-16,False
34c6bc36eda947da,3a07aefee2d74a30,lead,Monetize Out-Of-The-Box Content Social 2023,Social,Viewed,False,2025-02-25,False
aedfe7f0d0f14564,9b1b805d05864545,lead,Brand Leading-Edge Interfaces Telemarketing 2025,Telemarketing,Sent,False,2025-02-15,True
a2f87a5bbe3e40a8,57a6edd2b0744232,lead,Envisioneer Revolutionary Deliverables Content Syndication 2024,Email,Sent,False,2025-04-08,True
2b9c5807787f47f9,1ec46331d5ad4ed7,lead,Evolve Extensible Deliverables Webinar 2023,Email,Sent,False,2024-12-18,False
40adc03b5c894200,3e751658cf3942e2,lead,Security Summit Webinar 2025,Webinar,Attended,True,2025-04-30,True
f62d4b8808f949e5,ca3a7ab389184b2f,lead,Incubate Front-End E-Tailers Telemarketing 2025,Telemarketing,Responded,True,2024-10-15,True
9a93ae637ffc44b7,9968bb12a175448a,lead,Mesh Interactive Platforms Advertisement 2023,Email,Sent,False,2025-01-06,True
ddcf6760dca14276,beccb173d5b34730,lead,Transition Efficient Deliverables Email 2024,Email,Opened,False,2023-09-18,True
6342a671e5084d29,8249636dbb074a18,lead,Target Mission-Critical Eyeballs Content Syndication 2025,Email,Sent,False,2025-04-21,False
e99c7efe2e17407c,8323bf2a154a4bdc,contact,Benchmark Rich Functionalities Event 2024,Email,Sent,False,2025-04-08,True
cd95afe86acd45ec,e548daa6ea064625,lead,Transition Efficient Deliverables Email 2024,Email,Clicked,True,2024-11-14,True
1ec16d6664d64361,19ff62cb0162456c,lead,Utilize Visionary Eyeballs Webinar 2023,Webinar,Registered,False,2025-01-04,False
53dde4193eed4273,f43799fb22e54bf5,lead,Evolve Extensible Deliverables Webinar 2023,Email,Sent,False,2024-03-29,False
d7513d9982344722,44b6509d6c7f4310,lead,Streamline Distributed E-Markets Webinar 2023,Webinar,No Show,False,2025-01-03,True
fba40cb4520b453e,df10a3379efc4cd8,contact,Matrix Seamless Infrastructures Social 2024,Social,Viewed,False,2024-10-23,False
79424603d6f84769,28215ac1161e4e0e,lead,Benchmark Rich Functionalities Event 2024,Email,Sent,False,2025-04-21,False
4dd72e09f1db4b27,1b690874435840a4,lead,Matrix Seamless Infrastructures Social 2024,Social,Viewed,False,2025-02-07,True
11f57946003a4b5a,953dba724da64685,lead,Strategize Seamless Vortals Telemarketing 2025,Telemarketing,Sent,False,2024-12-08,False
979982dd47e84826,dccee8b900744391,lead,Harness Dynamic Relationships Telemarketing 2023,Telemarketing,Responded,True,2023-06-30,True
90433f115cba41f6,b0fcfbb61c9747b4,contact,Matrix Seamless Infrastructures Social 2024,Email,Sent,False,2025-04-09,True
2bbf16adcc9a4bb1,945892b5c4114cf9,lead,Architect Customized Partnerships Telemarketing 2024,Telemarketing,Sent,False,2024-07-17,True
5a3b7e55db634c40,38027b7773b444a2,contact,Incubate Front-End E-Tailers Telemarketing 2025,Email,Sent,False,2024-11-22,False
82f820dcc58c4275,e5145b2f85524b1c,lead,Engineer Robust Web Services Event 2024,Event,No Show,False,2025-04-24,False
b51892314e2c42e5,d470dfac3c6544d9,lead,Disintermediate 24/7 Metrics Telemarketing 2024,Telemarketing,Sent,False,2024-03-26,True
f28e6c7551fd4aea,7b8dae74c12a487f,lead,Incubate Front-End E-Tailers Telemarketing 2025,Telemarketing,Responded,True,2025-03-27,True
e8f93a1cb0c24fd6,8ea8b95233b04730,contact,Unleash 24/7 E-Tailers Event 2025,Email,Sent,False,2025-04-14,True
38592f3c1b304d44,7d071f1424854f46,lead,Evolve Extensible Deliverables Webinar 2023,Webinar,Attended,True,2025-01-01,True
5aead00cc6c24fc9,76c8ed6d705e41bf,contact,Streamline 24/7 Systems Advertisement 2024,Email,Sent,False,2025-03-10,True
6958196e6c8047b0,501f47ca096e4ea3,lead,Architect Viral Models Webinar 2024,Webinar,No Show,False,2025-04-27,True
b67bc04b765448bd,08dd399a64b6426d,contact,Generate Global Architectures Content Syndication 2025,Content Syndication,Sent,False,2025-04-24,False
d921a5a22216472d,c949aa7c546d4342,lead,Disintermediate Wireless Applications Content Syndication 2024,Content Syndication,Sent,False,2024-12-05,False
2530fa1c17ce4daa,3d22eb58e4b84734,lead,Architect Viral Models Webinar 2024,Email,Sent,False,2023-09-04,True
8dc948ff4a6148c5,e6fe353aa34e40f1,contact,Envisioneer Holistic Web-Readiness Email 2024,Email,Clicked,True,2023-10-08,True
5394be8d0813417e,c1658ce6e6a940eb,lead,Re-Intermediate B2B Interfaces Event 2023,Event,Attended,True,2025-04-25,False
4b811d8612a143c0,185ab818f2a94f8b,contact,Strategize Seamless Vortals Telemarketing 2025,Email,Sent,False,2024-05-06,True
7904356dce034316,945892b5c4114cf9,lead,Re-Contextualize B2C Networks Social 2025,Social,Viewed,False,2025-04-09,False
c141e61bd58543dc,46f2f49e7f1b42b2,lead,Brand End-To-End Info-Mediaries Advertisement 2024,Advertisement,Viewed,False,2025-04-18,False
aaad9f2142da4d77,d10f117fe5de4b99,lead,Generate Next-Generation Markets Event 2025,Event,Registered,False,2025-01-29,False
02b60a489d974de6,d99b328559514fad,lead,Deliver One-To-One Markets Email 2024,Email,Sent,False,2025-04-01,True
57dad7acd3004b8d,8c2c1549327b4f3a,contact,Revolutionize Value-Added Deliverables Telemarketing 2023,Telemarketing,Sent,False,2025-04-30,False
342f8e70f2c746c3,9b1b805d05864545,lead,Evolve Extensible Deliverables Webinar 2023,Webinar,Registered,False,2024-12-08,False
9da63ffc54cd487b,9da2c8b1ac1143f9,lead,Disintermediate Wireless Applications Content Syndication 2024,Content Syndication,Responded,True,2025-04-30,False
d2b90e27023b43a2,8e330830f7ec44fd,lead,Maximize Bleeding-Edge Convergence Webinar 2023,Email,Sent,False,2025-04-20,False
5858fb0ee7134356,40f9fa74e1f64eac,lead,Unleash Cutting-Edge E-Markets Content Syndication 2025,Content Syndication,Responded,True,2024-01-29,False
f565c05b21a248a8,419d033ac92c4732,lead,Evolve E-Business Markets Webinar 2023,Webinar,No Show,False,2025-04-21,True
8bf79470b1804637,1980a7068c854572,contact,Evolve E-Business Markets Webinar 2023,Email,Sent,False,2025-04-29,False
08d32ffbb24442be,e79ae282252a44a9,contact,Benchmark Rich Functionalities Event 2024,Event,No Show,False,2025-04-01,False
0a9a55d070b6438b,3a07aefee2d74a30,lead,Unleash Cutting-Edge E-Markets Content Syndication 2025,Content Syndication,Responded,True,2025-02-18,True
01c2f67df4c94cb9,8b3f30b35550489e,contact,Evolve Extensible Deliverables Webinar 2023,Webinar,No Show,False,2024-03-22,True
37c1215dc3e74b43,382084a4874349f5,lead,Envisioneer Revolutionary Deliverables Content Syndication 2024,Email,Sent,False,2025-03-11,True
02981159b5db4517,a3ffc55f501e4c68,contact,Strategize Seamless Vortals Telemarketing 2025,Email,Sent,False,2025-01-24,True
896c9832e2924d58,1ad8a9851479414c,lead,Re-Intermediate B2B Interfaces Event 2023,Event,Attended,True,2025-02-02,True
3365c3bc536a4318,6b9fe4129c9e4115,contact,Unleash Cutting-Edge E-Markets Content Syndication 2025,Content Syndication,Responded,True,2023-09-08,True
b69f264259d04a0e,79c8f886b2b44f29,contact,Target Mission-Critical Eyeballs Content Syndication 2025,Content Syndication,Sent,False,2025-02-02,True
4f12e86ff6df4637,c4a4bfc8e3c44644,lead,Benchmark Rich Functionalities Event 2024,Event,Attended,True,2025-04-28,False
b89d4519bd00457b,61fa38db82654ca5,lead,Harness Dynamic Relationships Telemarketing 2023,Telemarketing,Sent,False,2025-04-03,False
0eb3f951f6884e59,a5bda53840fc4022,lead,Drive End-To-End Deliverables Advertisement 2024,Advertisement,Viewed,False,2025-04-16,False
5eaa1c2deaa241bc,10dc907c214a4d97,lead,Iterate Transparent Initiatives Social 2023,Social,Viewed,False,2025-04-22,False
5df25ee20fc247ed,5842cd105f5e46b9,lead,Engage Impactful Portals Webinar 2025,Webinar,Registered,False,2023-07-18,True
f01c7e120ec54fd9,d5d61c3a50e44043,contact,Generate Next-Generation Markets Event 2025,Email,Sent,False,2025-03-31,True
e76322e874314bb2,51e79f542f19473e,lead,Engineer Robust Web Services Event 2024,Event,Registered,False,2024-12-13,True
f446f8b7d4a441fd,3a7bb8157db94bfa,lead,Disintermediate 24/7 Metrics Telemarketing 2024,Telemarketing,Sent,False,2025-04-10,False
72a121205fac4521,1f31c41e9afc4345,lead,Matrix Wireless Solutions Advertisement 2025,Email,Sent,False,2025-04-25,True
ddbef05ff8314af2,10dc907c214a4d97,lead,Target Mission-Critical Eyeballs Content Syndication 2025,Content Syndication,Responded,True,2024-10-23,True
41b924df6cef493a,1f31c41e9afc4345,lead,Drive Next-Generation Communities Telemarketing 2025,Email,Sent,False,2024-11-05,False
5ecee55a7301481a,b5daae610cca458d,lead,Envisioneer Revolutionary Deliverables Content Syndication 2024,Content Syndication,Responded,True,2023-12-26,False
bd41be7423cb4ed2,cf6c7be59e3e48ed,contact,Facilitate Granular Web-Readiness Telemarketing 2024,Telemarketing,Sent,False,2025-02-21,False
e0ed500aa0154498,63f55c754da84377,contact,Drive End-To-End Deliverables Advertisement 2024,Email,Sent,False,2025-04-13,True
7ca21e547b8e4c8e,bfea31152890495a,lead,Target Mission-Critical Eyeballs Content Syndication 2025,Content Syndication,Responded,True,2024-11-19,False
ae0c9fc0f4fe482f,00793bf367644a9b,contact,Streamline 24/7 Systems Advertisement 2024,Email,Sent,False,2025-04-10,True
a888dc4973c84826,f2777349935d4588,lead,Orchestrate 24/7 Relationships Content Syndication 2024,Content Syndication,Responded,True,2024-05-31,True
a525f3bd015b4d6f,26fb5134d77a49a8,lead,Architect Viral Models Webinar 2024,Webinar,Registered,False,2025-04-29,False
e0478645ad17490d,1f31c41e9afc4345,lead,Re-Intermediate Visionary Convergence Webinar 2025,Email,Sent,False,2025-04-15,True
a132c8e2ba9848f3,f65359da5b5641c0,lead,Drive Next-Generation Communities Telemarketing 2025,Email,Sent,False,2025-04-11,True
551ac7ed5d97495b,9c20faaa55be4c53,lead,Engineer Robust Web Services Event 2024,Email,Sent,False,2024-12-10,True
9f3b4c08d9154efa,1127df2172c04f86,contact,Transition Efficient Deliverables Email 2024,Email,Clicked,True,2025-01-06,True
1ec0ae645d9240c3,4069501f26784bb8,lead,Redefine Cross-Media Synergies Webinar 2023,Webinar,No Show,False,2024-12-01,True
bd89cea74802482b,8b3f30b35550489e,contact,Harness Wireless Communities Content Syndication 2024,Content Syndication,Sent,False,2024-01-12,False
8d459fde06954fa2,9da2c8b1ac1143f9,lead,Grow Best-Of-Breed Users Event 2024,Event,Attended,True,2025-03-16,True
c515b71a52b94373,1b9ad624fcf947ad,contact,Transition Efficient Deliverables Email 2024,Email,Sent,False,2025-04-27,True
c0e3037ad4654827,7344345ee68041bd,lead,Engage Impactful Portals Webinar 2025,Email,Sent,False,2025-01-28,False
a1fe4c4d1ce74008,da3a787347a14c02,lead,Target Collaborative Paradigms Social 2024,Social,Viewed,False,2024-05-11,True
cb812e1de8cf4b81,16bd3a8326c74630,lead,Orchestrate 24/7 Relationships Content Syndication 2024,Content Syndication,Sent,False,2025-01-15,True
b91f0b2bee1c4542,382084a4874349f5,lead,Generate B2B Eyeballs Webinar 2023,Email,Sent,False,2024-11-06,False
e8add70a5a5b4182,9080f6f09a954df3,contact,Grow Best-Of-Breed Users Event 2024,Event,Attended,True,2025-04-01,True
7a14130d1177485f,c5f31bf488a34883,contact,Incubate Front-End E-Tailers Telemarketing 2025,Email,Sent,False,2024-06-28,False
a0fdfd816612442e,44b6509d6c7f4310,lead,Generate Next-Generation Markets Event 2025,Event,Attended,True,2025-04-28,True
19848ab60c8d4e29,3ba7041726a24413,lead,Utilize Back-End Action-Items Advertisement 2025,Advertisement,Clicked,True,2025-04-30,False
0c1d82685324407a,074f5cde86474c7b,lead,Brand End-To-End Info-Mediaries Advertisement 2024,Email,Sent,False,2025-04-22,True
b2c01fe1c0f0440e,f0e96d76ce2349ee,contact,Architect Viral Models Webinar 2024,Webinar,No Show,False,2025-04-07,False
fb6199003571484e,cced2f11e3604477,contact,Evolve E-Business Markets Webinar 2023,Email,Sent,False,2025-04-02,True
b4a7ba5eec7e44dd,91a804aad8c44fd5,contact,Facilitate Granular Web-Readiness Telemarketing 2024,Telemarketing,Sent,False,2025-01-02,True
86610b9e2798410b,d5d61c3a50e44043,contact,Embrace Out-Of-The-Box Networks Webinar 2023,Email,Sent,False,2024-04-26,False
194e5eab311345e1,96e989da68254457,contact,E-Enable Seamless E-Commerce Event 2025,Event,No Show,False,2023-10-08,True
0a18164ffe784503,edaceec9b7ef4729,lead,Nurture Drip Sequence,Email,Sent,False,2024-12-29,True
cd881c967a444336,f669ca9a4acd434d,contact,Envisioneer Revolutionary Deliverables Content Syndication 2024,Content Syndication,Responded,True,2023-11-28,True
f28eb06020f54a9b,1f31c41e9afc4345,lead,Re-Contextualize Extensible Technologies Email 2023,Email,Sent,False,2025-03-15,True
f9e974ea27d24e88,036deccc5cd94143,lead,Engineer Robust Web Services Event 2024,Event,Registered,False,2025-01-07,False
ff00eaed7207464f,c9f086f3e11043c8,contact,Harness Wireless Communities Content Syndication 2024,Content Syndication,Sent,False,2025-03-05,False
0635fa919f5e48ee,293082c6f08e48d3,contact,Re-Intermediate B2B Interfaces Event 2023,Event,No Show,False,2024-11-17,True
a45f41642f454596,50aa4e71898048be,contact,Target Collaborative Paradigms Social 2024,Social,Viewed,False,2025-03-03,True
d011a8c020f14bdf,91b3ed7f6b8344d2,lead,Target Collaborative Paradigms Social 2024,Social,Clicked,True,2024-03-26,True
8c141109eb0b4a69,325e681919624ea9,lead,Target Collaborative Paradigms Social 2024,Social,Viewed,False,2025-02-19,False
639604f30d154b5a,5a1a8de319284d1c,lead,Brand Visionary Models Advertisement 2024,Email,Sent,False,2025-03-21,True
5475c805863b43b3,32e961efb8e64d0a,contact,Mesh Interactive Platforms Advertisement 2023,Advertisement,Clicked,True,2024-06-13,False
8f536b123a784d9d,9ad467fe6c6b428d,lead,Harness Dynamic Relationships Telemarketing 2023,Telemarketing,Responded,True,2025-04-18,True
50c495f539ed4c52,a3b23cca871f4815,lead,Harness Dynamic Relationships Telemarketing 2023,Email,Sent,False,2025-04-22,True
484a41ff06174c67,108faca1020643bc,lead,Grow Best-Of-Breed Users Event 2024,Event,Registered,False,2024-12-29,False
0e9ce62aafab4c90,a73bdabac25543b8,lead,Whiteboard Synergistic Initiatives Email 2025,Email,Opened,False,2025-01-24,False
0b02a33010e94446,10c979587b494efe,lead,Harness Wireless Communities Content Syndication 2024,Email,Sent,False,2025-03-30,False
6cb6c8a5121d4272,59b9e7554f0949cb,lead,Generate Global Architectures Content Syndication 2025,Email,Sent,False,2024-11-14,True
e65289e6488b4074,edaceec9b7ef4729,lead,Nurture Drip Sequence,Email,Sent,False,2025-03-30,True
26d38e45ad79440b,6df4a54be9ac41f1,lead,Engage Impactful Portals Webinar 2025,Webinar,Attended,True,2024-03-21,True
14fcef98f6eb4b58,e9a429b3d92e435e,contact,Utilize Back-End Action-Items Advertisement 2025,Advertisement,Clicked,True,2024-05-22,True
459fe1cb5f9f486d,0fba81bae85e46b9,contact,Evolve E-Business Markets Webinar 2023,Webinar,Attended,True,2025-02-27,True
1cf8ee7b61a7453f,2e4341b2975c41e9,contact,Monetize Clicks-And-Mortar Bandwidth Event 2023,Event,No Show,False,2023-09-14,True
c5ea05e803f747e3,2309aab896e2447f,lead,Architect Customized Partnerships Telemarketing 2024,Email,Sent,False,2025-01-06,False
442234e285b2424c,45934305f11e4b62,lead,Monetize Front-End Web Services Webinar 2024,Webinar,Registered,False,2024-11-29,False
647888e170864e8d,f0fddac0313d4f8c,lead,Extend Granular Schemas Email 2025,Email,Sent,False,2023-07-08,False
77dc74ecea094e0c,5b4f1bee75d7423f,lead,Generate Next-Generation Markets Event 2025,Event,No Show,False,2023-11-18,True
363b9965fb51472b,74505e72ac204f2f,contact,Generate Global Architectures Content Syndication 2025,Content Syndication,Responded,True,2025-04-30,True
e5953dfe3a27427f,9ac77f84f0734030,lead,Architect Customized Partnerships Telemarketing 2024,Email,Sent,False,2024-11-04,False
bb6c7a23b6fb4469,1127df2172c04f86,contact,Mesh Interactive Platforms Advertisement 2023,Advertisement,Clicked,True,2024-07-08,True
a8ce40e872fa410b,c733f0d560e74552,lead,Harness Dynamic Relationships Telemarketing 2023,Telemarketing,Responded,True,2025-04-07,True
ee9c9999d1c74e71,32510f3815db477c,lead,Matrix Wireless Solutions Advertisement 2025,Advertisement,Clicked,True,2024-01-30,True
cc08c3bed13a40de,9da2c8b1ac1143f9,lead,Streamline 24/7 Systems Advertisement 2024,Advertisement,Viewed,False,2024-10-06,False
87cb49cc31b749ed,b174785c457a42d6,contact,Generate Next-Generation Markets Event 2025,Email,Sent,False,2025-04-21,True
144f9ebbcd2d4a6a,da3a787347a14c02,lead,Unleash 24/7 E-Tailers Event 2025,Event,No Show,False,2025-03-29,True
3e272e1717dc4144,d8f43e8c77994c1f,contact,Drive End-To-End Deliverables Advertisement 2024,Email,Sent,False,2025-02-11,True
db3bd671421d4376,223b349cab564d8a,lead,Drive Next-Generation Communities Telemarketing 2025,Telemarketing,Sent,False,2024-11-11,True
48015e1c17e7401c,82d069f886d041d1,contact,Monetize Front-End Web Services Webinar 2024,Webinar,No Show,False,2025-04-08,False
8d2af1110c304821,8c2c1549327b4f3a,contact,Iterate Transparent Initiatives Social 2023,Social,Viewed,False,2023-06-23,True
df51b950a54e42cb,177db71e8d224064,contact,Redefine Cross-Media Synergies Webinar 2023,Webinar,No Show,False,2025-04-19,False
48665ee1eb8d4ada,91096f981d644411,contact,Streamline Distributed E-Markets Webinar 2023,Email,Sent,False,2025-03-29,False
efdfd92319434d34,ee88dcaf0fd644e0,lead,Unleash 24/7 E-Tailers Event 2025,Email,Sent,False,2025-01-24,True
16e2efadf46348bd,1ad8a9851479414c,lead,Streamline 24/7 Systems Advertisement 2024,Advertisement,Clicked,True,2024-06-08,True
45e0d567c75d406c,d7aa9d22d1cb46db,contact,Brand Visionary Models Advertisement 2024,Advertisement,Clicked,True,2025-03-03,True
97c79130e44843f3,2f7c6d7dc8934500,lead,Benchmark Rich Functionalities Event 2024,Event,No Show,False,2024-12-24,False
eaee22f503aa4f72,325e681919624ea9,lead,Unleash Cutting-Edge E-Markets Content Syndication 2025,Content Syndication,Responded,True,2025-04-20,False
241986a2e1514cdc,8b3f30b35550489e,contact,Orchestrate 24/7 Relationships Content Syndication 2024,Content Syndication,Responded,True,2025-04-20,False
e7c5c49f89d4409f,1980a7068c854572,contact,Brand Leading-Edge Interfaces Telemarketing 2025,Email,Sent,False,2025-01-19,False
b693ee3880774e89,5c9e16370a9e4239,lead,Brand Leading-Edge Interfaces Telemarketing 2025,Telemarketing,Responded,True,2023-12-09,True
2ff52716883b4ba9,3f61e90d70704b2c,lead,Utilize Back-End Action-Items Advertisement 2025,Email,Sent,False,2025-03-19,True
de7952e4dade4688,2d13a190df7f4473,contact,Target Collaborative Paradigms Social 2024,Social,Viewed,False,2025-04-16,True
6e84223873bb43a6,3e751658cf3942e2,lead,Orchestrate End-To-End Models Event 2025,Event,Attended,True,2024-01-26,True
c935cbac5b8840ab,e88724abeafd4263,contact,Harness Dynamic Relationships Telemarketing 2023,Email,Sent,False,2025-04-04,True
8feb1d528aa24c44,8cc61fe276634742,lead,Extend Granular Schemas Email 2025,Email,Opened,False,2025-04-06,True
468962f01e1f473c,90c6f58cf2144ff9,contact,Evolve Extensible Deliverables Webinar 2023,Email,Sent,False,2024-10-28,True
6c76f7fa080746b7,8e330830f7ec44fd,lead,Monetize Out-Of-The-Box Content Social 2023,Email,Sent,False,2025-04-07,False
17e164c53cf24cbe,1b690874435840a4,lead,Redefine Cross-Media Synergies Webinar 2023,Webinar,No Show,False,2024-10-17,True
cc814466728e4690,c8ba071217f14aef,contact,Brand Leading-Edge Interfaces Telemarketing 2025,Email,Sent,False,2024-12-25,True
ac0c01a089184fdc,f0fddac0313d4f8c,lead,Facilitate Web-Enabled Applications Email 2024,Email,Sent,False,2024-12-01,False
6e9a55be8e9d4bd7,7b8dae74c12a487f,lead,Generate Global Architectures Content Syndication 2025,Content Syndication,Responded,True,2025-02-02,False
b264f4a5f4d04dc8,dd6f44c6d6f14ec5,lead,Streamline Distributed E-Markets Webinar 2023,Email,Sent,False,2024-12-31,True
bdc5653745824622,49d617844ed945da,lead,Drive Next-Generation Communities Telemarketing 2025,Telemarketing,Sent,False,2025-03-25,True
864c24e8802840f1,5990d3905eb04b89,lead,Generate Global Architectures Content Syndication 2025,Content Syndication,Sent,False,2025-04-11,False
46ce71254b2a4109,9ad1edab361b45a0,lead,E-Enable Seamless E-Commerce Event 2025,Event,No Show,False,2024-08-11,True
96f0c20d31e849ee,f43799fb22e54bf5,lead,Mesh Interactive Platforms Advertisement 2023,Email,Sent,False,2025-04-14,True
bd5e79e2ea4d423d,685651ac361540d8,lead,Generate Next-Generation Markets Event 2025,Event,Attended,True,2023-05-16,False
ce6b4baaa3574fe7,d2157d96ad524a23,lead,Generate B2B Eyeballs Webinar 2023,Email,Sent,False,2025-04-28,False
0feefcbee1e24e84,db686455f23d458b,contact,Unleash 24/7 E-Tailers Event 2025,Event,Attended,True,2025-04-05,False
d8cfdf5e468f473e,d602bebcbed441fa,lead,Integrate Open-Source Architectures Webinar 2023,Webinar,Attended,True,2025-04-18,True
c943258248c3471e,93f32af2016f44e9,lead,Whiteboard Synergistic Initiatives Email 2025,Email,Opened,False,2023-05-27,False
39274f87a5684e97,6eaf4b12c4244a35,contact,E-Enable Seamless E-Commerce Event 2025,Event,No Show,False,2024-12-28,True
ad93782f4bb444f5,a4d7f4a377374ad5,contact,Matrix Seamless Infrastructures Social 2024,Social,Clicked,True,2024-12-08,True
5165153defc34eb1,b1bf295cb6c74526,lead,Unleash 24/7 E-Tailers Event 2025,Event,No Show,False,2023-05-31,False
07bb53ea7088488b,638283ed2b3b42ba,contact,Generate Global Architectures Content Syndication 2025,Email,Sent,False,2025-04-22,True
b844b3de3ce94c36,ab0ce0dc0056419a,lead,Utilize Visionary Eyeballs Webinar 2023,Email,Sent,False,2025-02-13,False
abf99832f9b24ede,c1bbdc2f42804547,lead,Disintermediate 24/7 Metrics Telemarketing 2024,Telemarketing,Responded,True,2024-08-14,False
06bac00065024fd8,5842cd105f5e46b9,lead,Brand Visionary Models Advertisement 2024,Advertisement,Viewed,False,2025-04-06,True
e2ab5fd4768e4135,1e3b3a3e36184585,lead,Facilitate Web-Enabled Applications Email 2024,Email,Clicked,True,2024-09-07,True
d17fa0b6d8734270,a73fc52346244c3f,contact,Target Mission-Critical Eyeballs Content Syndication 2025,Content Syndication,Sent,False,2023-11-13,True
c5c08a3aa42e4548,a1d5ebe937ac4e8a,contact,Matrix Seamless Infrastructures Social 2024,Social,Viewed,False,2025-01-17,True
2904781812614566,8db58b1b80cf4a3b,lead,Deliver One-To-One Markets Email 2024,Email,Opened,False,2025-04-11,True
57a1742e312e471a,9080f6f09a954df3,contact,Brand Leading-Edge Interfaces Telemarketing 2025,Telemarketing,Responded,True,2025-01-28,True
ff90fb5e98f64639,a668541507f34052,lead,Re-Intermediate B2B Interfaces Event 2023,Event,Attended,True,2024-11-23,False
386f3740356a4e2d,fd5df32368e240ef,lead,Disintermediate 24/7 Metrics Telemarketing 2024,Email,Sent,False,2024-09-18,True
6637726b3f2d443f,f669ca9a4acd434d,contact,Target Collaborative Paradigms Social 2024,Social,Viewed,False,2024-11-13,True
81eefd1cc2f64976,ee88dcaf0fd644e0,lead,Envisioneer Holistic Web-Readiness Email 2024,Email,Sent,False,2025-04-16,True
3143586062614333,8e330830f7ec44fd,lead,Transition Efficient Deliverables Email 2024,Email,Sent,False,2025-02-20,True
23d37590ab1341f4,414b6112183144bd,lead,Whiteboard Synergistic Initiatives Email 2025,Email,Opened,False,2024-11-27,True
e7f6f4eca61a46d3,3e751658cf3942e2,lead,Revolutionize Value-Added Deliverables Telemarketing 2023,Telemarketing,Sent,False,2025-04-04,True
2eea0a3d1c08403c,cae1c536432447b3,contact,Benchmark Rich Functionalities Event 2024,Event,No Show,False,2025-04-01,True
c234b209ca6b4a29,cdee4d4b7d564dc6,lead,Target Mission-Critical Eyeballs Content Syndication 2025,Content Syndication,Sent,False,2025-02-08,False
19917e3a31be498a,250ae1b20d1b4f6d,contact,Strategize Seamless Vortals Telemarketing 2025,Email,Sent,False,2025-04-17,False
0529f6825186409b,9dd0cecced544ec3,lead,Redefine Cross-Media Synergies Webinar 2023,Webinar,Attended,True,2024-06-09,True
ae53de67b8c34433,ee88dcaf0fd644e0,lead,Grow Best-Of-Breed Users Event 2024,Email,Sent,False,2025-04-17,False
2a1ecc456ffa4a9c,c94051b2ed99411c,lead,Re-Contextualize Extensible Technologies Email 2023,Email,Clicked,True,2025-04-01,True
cf18e95a9a0140c7,cdbb75a006114731,lead,Integrate Open-Source Architectures Webinar 2023,Webinar,Attended,True,2025-01-15,True
46be914609e74b45,87b0e6b9f4394918,contact,Disintermediate 24/7 Metrics Telemarketing 2024,Telemarketing,Sent,False,2024-05-19,True
5f99c63ce1054cf3,a5a4360ef6c144c7,lead,Deliver One-To-One Markets Email 2024,Email,Clicked,True,2024-11-25,True
8b152315173c406c,bda770a739914610,contact,Integrate Open-Source Architectures Webinar 2023,Email,Sent,False,2025-04-29,True
a34c591366de4c71,811c5bb83bdb407a,lead,Matrix Wireless Solutions Advertisement 2025,Advertisement,Viewed,False,2025-04-14,False
1b095c88f7a34a62,b3927f4c1415426c,lead,Engage Impactful Portals Webinar 2025,Webinar,Registered,False,2025-04-08,False
2deb9d3bbc634e9e,2eb104fc6a944a08,contact,Streamline 24/7 Systems Advertisement 2024,Advertisement,Clicked,True,2025-01-21,False
cc7de168b0244bd6,bd9a0bc7ede54328,lead,Integrate Open-Source Architectures Webinar 2023,Webinar,No Show,False,2024-11-09,False
e52a06ae47fe4e7e,e4d00aa7d627429f,lead,Strategize Seamless Vortals Telemarketing 2025,Telemarketing,Responded,True,2024-11-23,False
771d9a33d8a24051,8cc61fe276634742,lead,Engage Impactful Portals Webinar 2025,Webinar,No Show,False,2025-04-22,True
3b3a869cf033478d,fb0c3528914e4dd3,contact,Harness Dynamic Relationships Telemarketing 2023,Telemarketing,Sent,False,2023-10-06,False
982010143b02454f,7d6f011f12664f23,contact,Re-Intermediate B2B Interfaces Event 2023,Event,Registered,False,2023-12-20,False
177ab7e980514e54,32e961efb8e64d0a,contact,Generate B2B Eyeballs Webinar 2023,Webinar,Registered,False,2025-03-19,False
e7d33e7316874063,4aac9ce850fb4171,lead,Brand Leading-Edge Interfaces Telemarketing 2025,Email,Sent,False,2025-04-26,True
815596b2a44e42d3,a89dc838fb054355,lead,Unleash Ubiquitous Channels Event 2025,Email,Sent,False,2025-03-29,True
68e6bc0485604004,6af7009d16b544a9,lead,E-Enable Seamless E-Commerce Event 2025,Event,Attended,True,2025-03-24,False
74c98c479f6c472d,d4c9844a1c9f4ade,contact,Mesh Interactive Platforms Advertisement 2023,Advertisement,Viewed,False,2024-08-12,False
6463d0abb3f240ae,a6abb2b3fc7a4242,contact,Benchmark Rich Functionalities Event 2024,Event,Registered,False,2025-03-29,False
e14d0fdd410c4964,1ad8a9851479414c,lead,Evolve Extensible Deliverables Webinar 2023,Webinar,Attended,True,2025-04-24,True
59ce79c586e7461a,3a1ed3cafa6b4b06,lead,Unleash 24/7 E-Tailers Event 2025,Email,Sent,False,2025-01-03,True
7543692b9d2a44e2,f09b58cd266740c3,lead,Re-Contextualize B2C Networks Social 2025,Email,Sent,False,2024-01-07,True
fdc7f1e9a05748fa,f7aa8c544fa94601,lead,Benchmark Rich Functionalities Event 2024,Event,No Show,False,2025-04-08,False
10d4e5b69fca47b5,e2a2bc9203784e6f,contact,Evolve Extensible Deliverables Webinar 2023,Email,Sent,False,2024-05-28,False
8bb4b419fe714da5,34bc546cc797460c,lead,Unleash Ubiquitous Channels Event 2025,Email,Sent,False,2024-12-25,False
9d5375c49d9b43f8,94e6840f17144d20,contact,Target Collaborative Paradigms Social 2024,Email,Sent,False,2025-04-02,True
23df454d316d4f73,40cefd399eca43ec,lead,Re-Contextualize B2C Networks Social 2025,Social,Viewed,False,2023-06-10,False
23eeab70736845c6,34bc546cc797460c,lead,Monetize Front-End Web Services Webinar 2024,Email,Sent,False,2025-01-25,False
3af3dfe256474209,19ff62cb0162456c,lead,Generate Next-Generation Markets Event 2025,Event,Attended,True,2025-04-26,True
858dde7ba213460e,e8aa582e7f184380,contact,Streamline Distributed E-Markets Webinar 2023,Email,Sent,False,2025-04-15,False
33b762f6a5794b81,3d22eb58e4b84734,lead,Brand Visionary Models Advertisement 2024,Email,Sent,False,2024-12-07,True
2b63197753e54b1e,eeb7351d5d714452,lead,Envisioneer Holistic Web-Readiness Email 2024,Email,Sent,False,2024-12-19,False
979b7c6b79bd4cc6,58347b37ac194162,contact,Evolve E-Business Markets Webinar 2023,Webinar,Registered,False,2025-04-28,False
a4ab5f67f31d414a,185ab818f2a94f8b,contact,Streamline 24/7 Systems Advertisement 2024,Email,Sent,False,2024-11-12,True
10127ea4bfbc4490,87327822404145c3,lead,Target Mission-Critical Eyeballs Content Syndication 2025,Email,Sent,False,2025-03-30,True
0ea414be588b484e,851031771d1d475b,contact,Streamline 24/7 Systems Advertisement 2024,Advertisement,Clicked,True,2025-02-12,False
09ec3b20e0514c8b,d7aa9d22d1cb46db,contact,Brand End-To-End Info-Mediaries Advertisement 2024,Advertisement,Clicked,True,2025-02-26,False
639d9e958cbc4a27,f659b94c26a440d0,contact,Maximize Bleeding-Edge Convergence Webinar 2023,Webinar,No Show,False,2024-05-27,True
e316631b92a94539,64fd54a58d2a41ed,lead,Monetize Out-Of-The-Box Content Social 2023,Email,Sent,False,2024-11-24,False
2d453b91db8b4f37,708e08ffce2b4624,contact,Re-Intermediate B2B Interfaces Event 2023,Email,Sent,False,2025-01-01,True
8846a98042204f80,c94051b2ed99411c,lead,Generate B2B Eyeballs Webinar 2023,Webinar,Registered,False,2025-03-18,True
b3ef613ef7d24a6d,76814aef8eb041cb,contact,Deliver One-To-One Markets Email 2024,Email,Sent,False,2023-06-22,False
244e7521a2ec48dc,dedd62e20ccf48fc,lead,Extend Granular Schemas Email 2025,Email,Clicked,True,2025-04-17,True
e6dc70af2c91433a,cc5335067ae84b4f,lead,Orchestrate 24/7 Relationships Content Syndication 2024,Content Syndication,Responded,True,2025-04-22,False
35e2b52768864268,d30180a12faa4f21,lead,Extend Granular Schemas Email 2025,Email,Sent,False,2024-11-04,True
b74b87898abc4220,4a6509f4e3164200,lead,Utilize Back-End Action-Items Advertisement 2025,Advertisement,Clicked,True,2025-03-07,True
47355f4eb9634c8e,4d443dd8ecfc4380,lead,Drive Next-Generation Communities Telemarketing 2025,Email,Sent,False,2024-12-03,True
3d59face23854371,93a69db066904421,lead,Unleash Ubiquitous Channels Event 2025,Email,Sent,False,2024-12-19,True
527327e8b04141f5,f011ddc38abb4c86,lead,Iterate Transparent Initiatives Social 2023,Email,Sent,False,2023-08-28,True
5df9f3e3b704496f,32e961efb8e64d0a,contact,Monetize Clicks-And-Mortar Bandwidth Event 2023,Event,No Show,False,2025-04-28,True
d18d7ac920554e64,67979dd6ff284c89,lead,Streamline Distributed E-Markets Webinar 2023,Webinar,No Show,False,2024-03-10,True
71819fbdf1df4153,e6fe353aa34e40f1,contact,Monetize Front-End Web Services Webinar 2024,Webinar,No Show,False,2025-03-20,True
7088e17ee7bd4a0c,708e08ffce2b4624,contact,Architect Customized Partnerships Telemarketing 2024,Email,Sent,False,2024-12-11,True
91d263da18a84fc1,901399c9603a40b2,lead,Re-Contextualize B2C Networks Social 2025,Social,Clicked,True,2025-03-21,True
860642b7bd52442a,4069501f26784bb8,lead,Streamline 24/7 Systems Advertisement 2024,Advertisement,Clicked,True,2025-02-16,True
cc82362eb0f848b2,8fbea558b791444b,lead,Brand End-To-End Info-Mediaries Advertisement 2024,Advertisement,Viewed,False,2025-04-10,True
c2a418314b3d4916,53b148c040a34d51,lead,Disintermediate Wireless Applications Content Syndication 2024,Content Syndication,Responded,True,2025-02-19,False
c75c44613e2e4994,c80fe48b502c4043,contact,Strategize Seamless Vortals Telemarketing 2025,Email,Sent,False,2025-04-11,False
eb7c40aaafbb4986,9bd395cc2abb4996,lead,Maximize Bleeding-Edge Convergence Webinar 2023,Webinar,Registered,False,2025-04-16,True
ffb56d4fe4084aef,edaceec9b7ef4729,lead,Nurture Drip Sequence,Email,Sent,False,2025-01-29,True
2b22288192054f50,293082c6f08e48d3,contact,Drive Next-Generation Communities Telemarketing 2025,Telemarketing,Responded,True,2025-03-03,True
134ad418832742cd,dc55f2a8c7e740ca,lead,Engage Impactful Portals Webinar 2025,Webinar,Registered,False,2024-11-04,True
0c52b4d4263348fd,f238d76424b049a7,lead,Unleash Cutting-Edge E-Markets Content Syndication 2025,Content Syndication,Responded,True,2025-04-06,True
e1ed79d791094160,c9511151278a48c7,lead,Facilitate Granular Web-Readiness Telemarketing 2024,Email,Sent,False,2025-04-02,True
3cfe0090943b4f9b,945892b5c4114cf9,lead,Optimize Strategic Supply-Chains Webinar 2023,Webinar,Registered,False,2025-01-06,False
9499bfc713b146e8,3a562041231b4490,contact,Deliver One-To-One Markets Email 2024,Email,Sent,False,2025-01-23,True
755cff581d2e410e,26db812af63f4047,lead,Redefine Cross-Media Synergies Webinar 2023,Email,Sent,False,2025-02-17,True
646f9d700d234776,27d652b7a0984a3f,lead,Utilize Visionary Eyeballs Webinar 2023,Webinar,No Show,False,2025-03-30,True
bba4ae51fabe4429,583145a54d15465a,lead,E-Enable Seamless E-Commerce Event 2025,Event,Registered,False,2025-04-10,False
318612eaf10b4848,a5bda53840fc4022,lead,Unleash Ubiquitous Channels Event 2025,Event,Registered,False,2025-04-17,False
f2d5e7f3ca884f7d,b4afa2265893433c,contact,E-Enable Out-Of-The-Box Portals Social 2023,Social,Clicked,True,2025-04-10,False
de08deac35404dea,c94051b2ed99411c,lead,Envisioneer Holistic Web-Readiness Email 2024,Email,Sent,False,2024-10-15,True
197b6721ac654075,ce300319779040cb,lead,Extend Granular Schemas Email 2025,Email,Sent,False,2023-09-23,False
04c3ebb631224ba4,53096329d289478b,lead,Harness Dynamic Relationships Telemarketing 2023,Telemarketing,Responded,True,2024-10-10,True
d0a1597889824a81,d352d7ba77cc42bd,lead,Revolutionize Value-Added Deliverables Telemarketing 2023,Email,Sent,False,2025-04-11,False
9929fb32e944491d,5b8f29a617ee4c0c,contact,Drive End-To-End Deliverables Advertisement 2024,Advertisement,Clicked,True,2025-04-01,False
c98199df628d437d,ba9c502883e04267,contact,Evolve Extensible Deliverables Webinar 2023,Email,Sent,False,2025-04-25,True
a2930a0ff01a4e27,2dbed577e7ec4c09,lead,Architect Customized Partnerships Telemarketing 2024,Telemarketing,Sent,False,2024-11-02,False
d97d0070ac0f47cb,c5f31bf488a34883,contact,Engineer Robust Web Services Event 2024,Email,Sent,False,2025-04-19,True
90532a520cd14296,27d652b7a0984a3f,lead,Re-Intermediate Visionary Convergence Webinar 2025,Webinar,Attended,True,2025-04-10,False
ad225792ab094bbc,3de1ba830de74bc6,lead,Brand End-To-End Info-Mediaries Advertisement 2024,Email,Sent,False,2025-04-07,True
ef2bf54e8feb4df1,f0fddac0313d4f8c,lead,Grow Best-Of-Breed Users Event 2024,Email,Sent,False,2025-02-01,False
64b518476d7041e5,d8f43e8c77994c1f,contact,Re-Contextualize Extensible Technologies Email 2023,Email,Sent,False,2024-12-01,False
d5a5f2e835b84c90,31110214af114c2c,contact,Facilitate Granular Web-Readiness Telemarketing 2024,Email,Sent,False,2025-03-04,True
5bbf8b34d7c54389,08393fe814024e3b,contact,Revolutionize Value-Added Deliverables Telemarketing 2023,Telemarketing,Sent,False,2025-03-22,True
98fe5f8bb3ae4b79,09119d76e2094198,lead,Redefine Cross-Media Synergies Webinar 2023,Email,Sent,False,2025-02-20,True
b855df1031e54a94,706eb9c1e30b456b,lead,Transition Efficient Deliverables Email 2024,Email,Sent,False,2024-07-28,False
35929e3827d6462f,a4cc25373112444a,contact,Integrate Open-Source Architectures Webinar 2023,Email,Sent,False,2024-11-16,False
0fe4489a250346d9,6f700a51bf594b00,lead,Brand End-To-End Info-Mediaries Advertisement 2024,Advertisement,Viewed,False,2023-12-03,True
a66d75b3992e437b,29749fd8a29b4cc9,lead,Security Summit Webinar 2025,Webinar,Attended,True,2025-04-19,True
a44b50a82db8425e,382084a4874349f5,lead,Unleash Cutting-Edge E-Markets Content Syndication 2025,Email,Sent,False,2025-04-01,True
d8c0e8c5059d497e,90c6f58cf2144ff9,contact,Engage Impactful Portals Webinar 2025,Email,Sent,False,2025-04-26,False
796bf76563a94062,edaceec9b7ef4729,lead,Nurture Drip Sequence,Email,Sent,False,2024-12-04,True
8a816e5ebd044412,eeb7351d5d714452,lead,Architect Customized Partnerships Telemarketing 2024,Telemarketing,Responded,True,2025-04-01,False
5ccb7d7284724ca2,a5bda53840fc4022,lead,Revolutionize Value-Added Deliverables Telemarketing 2023,Telemarketing,Sent,False,2023-05-08,True
ded71234b9f84dab,19ff62cb0162456c,lead,Monetize Front-End Web Services Webinar 2024,Webinar,Attended,True,2024-11-11,True
406ba403680b4173,1b9ad624fcf947ad,contact,Envisioneer Revolutionary Deliverables Content Syndication 2024,Email,Sent,False,2024-11-25,True
71de8cf55e234870,4aac9ce850fb4171,lead,Facilitate Granular Web-Readiness Telemarketing 2024,Email,Sent,False,2023-08-05,True
05af46158a37496b,5a1a8de319284d1c,lead,Disintermediate 24/7 Metrics Telemarketing 2024,Email,Sent,False,2024-05-17,False
404a52b135814da2,45d0cf21efe2488b,contact,Utilize Back-End Action-Items Advertisement 2025,Email,Sent,False,2024-09-10,True
1448ce55acce4157,c1bbdc2f42804547,lead,Extend Granular Schemas Email 2025,Email,Opened,False,2024-11-08,False
a664db92086849b4,3de1ba830de74bc6,lead,Envisioneer Holistic Web-Readiness Email 2024,Email,Sent,False,2024-11-04,True
e54f7589408e4279,9080f6f09a954df3,contact,Embrace Out-Of-The-Box Networks Webinar 2023,Webinar,No Show,False,2024-11-10,True
6da9a1a16b9c4859,c3fde48d45c44d9b,lead,Re-Intermediate Visionary Convergence Webinar 2025,Webinar,Registered,False,2024-03-10,False
c91edc82ec724886,5842cd105f5e46b9,lead,Matrix Wireless Solutions Advertisement 2025,Advertisement,Clicked,True,2025-04-19,False
ca2533039b994c3d,81fc4372869b4d59,lead,Generate B2B Eyeballs Webinar 2023,Webinar,No Show,False,2025-01-15,True
907a9d5b9232497f,44b6509d6c7f4310,lead,Drive Next-Generation Communities Telemarketing 2025,Telemarketing,Responded,True,2025-02-05,True
ad2890f0acfb4770,66f3c7b60076469b,contact,Monetize Clicks-And-Mortar Bandwidth Event 2023,Event,Attended,True,2025-02-08,True
47f1c1e379b04421,17b7d153640749d7,lead,Benchmark Rich Functionalities Event 2024,Email,Sent,False,2025-01-15,False
cf238693cfbd466b,1e3b3a3e36184585,lead,Mesh Interactive Platforms Advertisement 2023,Advertisement,Viewed,False,2024-12-28,False
c8bc3fe279a0428e,bda770a739914610,contact,Monetize Front-End Web Services Webinar 2024,Email,Sent,False,2025-01-26,True
f29084f7778b4e24,69cb0873a73d4fbe,contact,Matrix Wireless Solutions Advertisement 2025,Advertisement,Clicked,True,2024-12-06,True
9bb86fe2be0a42dd,18008446d0694e6d,lead,Evolve E-Business Markets Webinar 2023,Webinar,Attended,True,2024-11-27,True
ef567b9d2e704b5e,fb0c3528914e4dd3,contact,Brand Visionary Models Advertisement 2024,Advertisement,Viewed,False,2024-11-07,True
62bd1e0fd5a94512,16bd3a8326c74630,lead,Streamline Distributed E-Markets Webinar 2023,Webinar,No Show,False,2025-01-29,True
3f63bf0cfad64968,708e08ffce2b4624,contact,Re-Contextualize B2C Networks Social 2025,Email,Sent,False,2024-06-05,False
3ad753ea930041c2,edaceec9b7ef4729,lead,Nurture Drip Sequence,Email,Sent,False,2025-03-09,True
15b7870e5a1047f6,f238d76424b049a7,lead,Evolve Extensible Deliverables Webinar 2023,Webinar,No Show,False,2023-08-06,True
6ab148fc3f28463b,811c5bb83bdb407a,lead,Harness Dynamic Relationships Telemarketing 2023,Telemarketing,Sent,False,2025-02-26,True
c7092bcb3aa64faa,e14a09ec7da74137,contact,Orchestrate End-To-End Models Event 2025,Event,Registered,False,2024-03-07,True
17d8ebe9d21c44d6,384291ce34534af3,lead,Re-Contextualize B2C Networks Social 2025,Social,Clicked,True,2023-07-03,True
1078cfac83424e5a,6d14a5c65466472b,lead,Target Collaborative Paradigms Social 2024,Social,Viewed,False,2023-09-12,True
f997abff6292433d,9642116fc89c4e04,lead,Embrace Out-Of-The-Box Networks Webinar 2023,Webinar,Registered,False,2024-11-22,False
ce651984a016400b,2fc1afec34144c60,contact,Architect Viral Models Webinar 2024,Webinar,Registered,False,2024-06-07,True
5520aab97e624eca,bf69f9a848264267,lead,Embrace Out-Of-The-Box Networks Webinar 2023,Email,Sent,False,2025-04-30,True
f8c5bf8228fc4b36,28d04c644bb94888,lead,Mesh Interactive Platforms Advertisement 2023,Email,Sent,False,2025-02-15,True
b0494d02c96e4ee1,8b3f30b35550489e,contact,Generate Global Architectures Content Syndication 2025,Content Syndication,Responded,True,2024-12-09,False
70f11783f3e64ef9,4aac9ce850fb4171,lead,Unleash 24/7 E-Tailers Event 2025,Email,Sent,False,2025-03-07,False
3f903aac6ca34dd5,69cb0873a73d4fbe,contact,Envisioneer Holistic Web-Readiness Email 2024,Email,Sent,False,2024-11-28,True
970e7989dbd24d25,18f66fedf13f408c,lead,Brand Visionary Models Advertisement 2024,Advertisement,Viewed,False,2025-04-01,True
89026da4de434b38,f0fddac0313d4f8c,lead,Generate Global Architectures Content Syndication 2025,Email,Sent,False,2025-04-06,False
16480f8673354662,38027b7773b444a2,contact,Harness Wireless Communities Content Syndication 2024,Email,Sent,False,2024-09-11,True
c2cd8d71aa7f4f92,ce300319779040cb,lead,Strategize Seamless Vortals Telemarketing 2025,Email,Sent,False,2023-11-30,True
8d383d765f5d4d3d,e14a09ec7da74137,contact,Transition Efficient Deliverables Email 2024,Email,Opened,False,2025-04-22,False
da59fab68abc41b3,d1d54aeec03447f1,contact,Engage Impactful Portals Webinar 2025,Email,Sent,False,2024-08-08,True
51ace4ce13274c70,a72d2167f475488f,lead,Generate Next-Generation Markets Event 2025,Email,Sent,False,2025-04-23,True
8c8eb825a2644c6e,9ac77f84f0734030,lead,Generate B2B Eyeballs Webinar 2023,Email,Sent,False,2024-12-03,True
ddcbe4160be04a03,64fd54a58d2a41ed,lead,Orchestrate End-To-End Models Event 2025,Email,Sent,False,2025-03-07,False
eace5d1f2a4341e5,56197bc9ef734e6f,contact,Monetize Front-End Web Services Webinar 2024,Webinar,Registered,False,2025-02-22,False
0bc63da16db54bd5,b157b34bc1b041d2,lead,Incubate Front-End E-Tailers Telemarketing 2025,Telemarketing,Sent,False,2025-02-28,True
6b2489db2177480d,878261dfb76c4fe8,contact,Brand Leading-Edge Interfaces Telemarketing 2025,Email,Sent,False,2025-04-29,True
5ab806c7868f45c6,b220a63ac8394403,lead,Incubate Front-End E-Tailers Telemarketing 2025,Email,Sent,False,2025-01-18,False
3d615009b69f4671,ce300319779040cb,lead,Orchestrate End-To-End Models Event 2025,Email,Sent,False,2023-09-04,True
9c3bf5acd485467c,9f8217a6752546b4,lead,Facilitate Web-Enabled Applications Email 2024,Email,Sent,False,2024-07-01,False
7e9f8d197f1d4787,3a07aefee2d74a30,lead,Brand End-To-End Info-Mediaries Advertisement 2024,Advertisement,Clicked,True,2025-04-30,False
d4edb421467e4882,2fd6518a5f314436,contact,Generate Global Architectures Content Syndication 2025,Email,Sent,False,2024-03-03,False
a97d5fa6ccc0403c,edaceec9b7ef4729,lead,Nurture Drip Sequence,Email,Sent,False,2025-01-16,True
67b19c28e2664a8d,21bb80e4008a47f4,lead,Utilize Visionary Eyeballs Webinar 2023,Email,Sent,False,2023-08-04,True
38c4ed5fa63a4165,10dc907c214a4d97,lead,Extend Granular Schemas Email 2025,Email,Opened,False,2025-04-11,True
27dd371dd8f849e1,e4d00aa7d627429f,lead,Iterate Transparent Initiatives Social 2023,Social,Viewed,False,2024-02-06,True
410ca528278c4de9,fd5df32368e240ef,lead,Generate B2B Eyeballs Webinar 2023,Email,Sent,False,2025-03-24,False
b385f2c0b18d46a5,d169b48a0b9b4d30,lead,Utilize Back-End Action-Items Advertisement 2025,Advertisement,Clicked,True,2025-03-21,True
cde335cf34e24a60,d352d7ba77cc42bd,lead,Harness Dynamic Relationships Telemarketing 2023,Email,Sent,False,2025-04-20,True
66ffa5ea858d4a99,a4a4341a54c846f6,lead,Orchestrate End-To-End Models Event 2025,Event,Registered,False,2025-04-30,True
db84c060f7664a42,d7aa9d22d1cb46db,contact,Iterate Transparent Initiatives Social 2023,Social,Viewed,False,2025-02-23,True
77dc08cfd57b4672,08393fe814024e3b,contact,Deliver One-To-One Markets Email 2024,Email,Opened,False,2024-11-10,True
7657ab1fa8ac4cd8,29749fd8a29b4cc9,lead,E-Enable Seamless E-Commerce Event 2025,Email,Sent,False,2025-04-02,True
8525491634714133,91b3ed7f6b8344d2,lead,Integrate Open-Source Architectures Webinar 2023,Webinar,Registered,False,2025-04-24,True
b84e711c5fb447bb,318abe96b4414192,contact,Deliver One-To-One Markets Email 2024,Email,Sent,False,2025-04-19,False
3b1f84e8d7a341c3,5b8f29a617ee4c0c,contact,Streamline Distributed E-Markets Webinar 2023,Webinar,Attended,True,2025-04-13,True
1812b4def47649ff,6f2101b471314300,contact,Envisioneer Holistic Web-Readiness Email 2024,Email,Sent,False,2023-05-15,True
413d8b4cd8984b74,b6cfaa06d2704505,contact,Embrace Out-Of-The-Box Networks Webinar 2023,Webinar,No Show,False,2024-02-12,True
94d0347c80c94580,64fd54a58d2a41ed,lead,Streamline 24/7 Systems Advertisement 2024,Email,Sent,False,2025-04-09,True
3c77b5bf20d64593,c3fde48d45c44d9b,lead,Revolutionize Value-Added Deliverables Telemarketing 2023,Telemarketing,Sent,False,2025-04-27,True
c3d9dc71c2454936,83437c510c1e456f,lead,Unleash Ubiquitous Channels Event 2025,Event,Attended,True,2025-03-29,True
17134c5ae99340ae,e0c14835e4144ac6,lead,Embrace Out-Of-The-Box Networks Webinar 2023,Email,Sent,False,2023-11-26,False
a3592755aa8d4fbb,9dd0cecced544ec3,lead,Benchmark Rich Functionalities Event 2024,Event,Registered,False,2025-03-08,True
b07ac43abef44230,a8a6d4d6a6874d47,contact,Target Collaborative Paradigms Social 2024,Social,Clicked,True,2025-04-04,True
730ee244bf844d60,7833119f50b24965,lead,Monetize Front-End Web Services Webinar 2024,Webinar,Registered,False,2025-04-05,True
411bd605cdeb4b83,57a6edd2b0744232,lead,Grow Best-Of-Breed Users Event 2024,Email,Sent,False,2024-12-28,False
9d8a3451a8ca48ad,9ad467fe6c6b428d,lead,Brand Leading-Edge Interfaces Telemarketing 2025,Telemarketing,Responded,True,2023-07-08,True
add936fed3774c98,bd63086e621b4ab8,contact,Re-Intermediate B2B Interfaces Event 2023,Event,No Show,False,2024-11-24,False
b59ef05d1d5b4b76,4aac9ce850fb4171,lead,Monetize Out-Of-The-Box Content Social 2023,Email,Sent,False,2025-04-21,False
509565e8332d4da5,e5e584ac6b91490c,lead,Facilitate Granular Web-Readiness Telemarketing 2024,Email,Sent,False,2023-12-23,True
3048e1034b014bfe,293082c6f08e48d3,contact,Facilitate Web-Enabled Applications Email 2024,Email,Opened,False,2025-01-10,True
cfb955e0ea3b4bc9,45934305f11e4b62,lead,Unleash 24/7 E-Tailers Event 2025,Event,No Show,False,2025-01-09,False
48ee0a64d8e24206,75697ac8f1844175,lead,Incubate Front-End E-Tailers Telemarketing 2025,Telemarketing,Sent,False,2024-12-25,True
b93bd8af6f4148f4,c0aef3d193d240c9,lead,Utilize Back-End Action-Items Advertisement 2025,Email,Sent,False,2024-11-08,True
62e5cabe6451421d,b1bf295cb6c74526,lead,Drive Next-Generation Communities Telemarketing 2025,Telemarketing,Sent,False,2025-04-25,True
0a53a75cb98e4e4f,c3e0be5d27eb4009,lead,Target Mission-Critical Eyeballs Content Syndication 2025,Content Syndication,Responded,True,2023-05-17,False
149bfaa005494b94,66793a8683834078,lead,Re-Contextualize Extensible Technologies Email 2023,Email,Sent,False,2025-04-30,False
0df0ccd2f6794cdc,6cd7995cd86b4321,lead,Harness Wireless Communities Content Syndication 2024,Content Syndication,Sent,False,2025-04-10,True
889ec56a88f64e3c,e5e584ac6b91490c,lead,Monetize Clicks-And-Mortar Bandwidth Event 2023,Email,Sent,False,2025-04-23,True
da3754b6ee704648,fb0c3528914e4dd3,contact,Brand Leading-Edge Interfaces Telemarketing 2025,Telemarketing,Responded,True,2025-04-25,True
7f30835df69747de,e5145b2f85524b1c,lead,Incubate Front-End E-Tailers Telemarketing 2025,Telemarketing,Responded,True,2023-12-09,True
bf5fbf4cf83d44af,a9b9beb598a64e0d,contact,Engage Impactful Portals Webinar 2025,Webinar,Attended,True,2023-06-13,True
a1ac5f8ecf5e49a2,f9ab7902fbfc4877,contact,Target Collaborative Paradigms Social 2024,Social,Viewed,False,2024-02-17,True
5d91fb58716a4328,674ea59eff4f4ec0,contact,Re-Intermediate B2B Interfaces Event 2023,Event,Attended,True,2024-12-25,False
ad580d9af6fa4f36,db686455f23d458b,contact,Target Collaborative Paradigms Social 2024,Social,Viewed,False,2025-02-05,True
318ba16c5fe14fe3,4d79333a26014686,contact,Unleash 24/7 E-Tailers Event 2025,Email,Sent,False,2024-05-08,False
83ea74ec958d4afa,f9ab7902fbfc4877,contact,Engineer Robust Web Services Event 2024,Event,Registered,False,2025-02-16,False
875eaf528f444624,2e4341b2975c41e9,contact,Redefine Cross-Media Synergies Webinar 2023,Webinar,Registered,False,2024-12-10,False
83e28ee2a6994028,0713c748e023489a,lead,Unleash Cutting-Edge E-Markets Content Syndication 2025,Content Syndication,Sent,False,2025-04-28,False
6da32cc78237416a,4a6509f4e3164200,lead,Embrace Out-Of-The-Box Networks Webinar 2023,Webinar,No Show,False,2025-03-13,False
14a26404eb704b76,17bb523cf8284b56,lead,Generate Global Architectures Content Syndication 2025,Content Syndication,Responded,True,2024-09-06,False
efbc2dd4bd204f2b,638283ed2b3b42ba,contact,Iterate Transparent Initiatives Social 2023,Email,Sent,False,2025-04-18,True
90b44d73526f4e9f,a6a63d45c242474c,contact,Incubate Front-End E-Tailers Telemarketing 2025,Telemarketing,Sent,False,2025-04-28,True
f0361d949d344e59,29749fd8a29b4cc9,lead,Architect Viral Models Webinar 2024,Email,Sent,False,2025-04-17,False
0cc12c91fe594484,5e61ac8e6648407c,contact,Streamline Distributed E-Markets Webinar 2023,Email,Sent,False,2023-06-03,True
647b7ff87cec45f9,4c041bd58f024b89,lead,Envisioneer Holistic Web-Readiness Email 2024,Email,Opened,False,2025-04-30,True
13245c9cb0d94507,800c6e0375524274,lead,Integrate Open-Source Architectures Webinar 2023,Email,Sent,False,2025-01-16,True
d0acdf628b0849e0,1043dd2b6102482a,contact,Unleash 24/7 E-Tailers Event 2025,Event,No Show,False,2023-08-19,False
5d964d05830b4f23,6467cbdb619f45de,contact,Generate B2B Eyeballs Webinar 2023,Webinar,No Show,False,2024-02-15,True
a4a03388c21d4945,708e08ffce2b4624,contact,Embrace Out-Of-The-Box Networks Webinar 2023,Email,Sent,False,2025-04-08,True
99a4397bbd844887,4468e32f8e444c94,contact,Orchestrate End-To-End Models Event 2025,Email,Sent,False,2025-03-09,True
c435965ec368495d,a4a4341a54c846f6,lead,Drive Next-Generation Communities Telemarketing 2025,Telemarketing,Responded,True,2025-04-16,False
3c385095c22e4df5,1b690874435840a4,lead,Brand End-To-End Info-Mediaries Advertisement 2024,Advertisement,Clicked,True,2024-03-18,False
1f6edbb5984448d2,384291ce34534af3,lead,E-Enable Seamless E-Commerce Event 2025,Event,Attended,True,2025-04-28,True
44fa153881484ef0,edaceec9b7ef4729,lead,Nurture Drip Sequence,Email,Sent,False,2025-01-23,True
b7b8911a32a04df0,d5d61c3a50e44043,contact,Envisioneer Revolutionary Deliverables Content Syndication 2024,Email,Sent,False,2025-04-21,False
b1e2c2358a974ffc,2d13a190df7f4473,contact,Generate Global Architectures Content Syndication 2025,Content Syndication,Sent,False,2024-11-03,True
4bae2051d69f470e,429413ad913f4749,lead,Re-Intermediate Visionary Convergence Webinar 2025,Webinar,No Show,False,2025-03-17,False
008f244850414d8e,9c20faaa55be4c53,lead,Streamline 24/7 Systems Advertisement 2024,Email,Sent,False,2025-02-24,False
66636cf7c83d4db4,bb531ce9ace14ee2,contact,Disintermediate Wireless Applications Content Syndication 2024,Email,Sent,False,2024-12-25,False
589181d3b4c24669,58347b37ac194162,contact,Drive Next-Generation Communities Telemarketing 2025,Telemarketing,Responded,True,2025-04-24,False
c2afd33404db4d5a,27d42a97bada439d,lead,Generate B2B Eyeballs Webinar 2023,Webinar,No Show,False,2025-04-15,True
f95f8def5c8b4e51,901399c9603a40b2,lead,Redefine Cross-Media Synergies Webinar 2023,Webinar,Registered,False,2025-04-30,True
9e55082e533b4853,9642116fc89c4e04,lead,Drive End-To-End Deliverables Advertisement 2024,Advertisement,Clicked,True,2025-01-14,True
0cf1ae3f42ec48d6,2eb104fc6a944a08,contact,Monetize Front-End Web Services Webinar 2024,Webinar,No Show,False,2023-11-05,True
76857ecc34f54aa0,01bb85c6fc114849,contact,Orchestrate End-To-End Models Event 2025,Event,No Show,False,2024-12-11,False
9a71e2771a484db6,53b148c040a34d51,lead,Optimize Strategic Supply-Chains Webinar 2023,Webinar,Registered,False,2025-02-20,True
395b4e3e133e46fd,811c5bb83bdb407a,lead,Drive End-To-End Deliverables Advertisement 2024,Advertisement,Clicked,True,2025-03-17,False
8b108c1175a04774,bda770a739914610,contact,Unleash Ubiquitous Channels Event 2025,Email,Sent,False,2023-12-09,True
ddbebe5e562b4055,09c9f0fe936e44bf,contact,Drive End-To-End Deliverables Advertisement 2024,Email,Sent,False,2025-04-01,True
7bab99cec84a41d0,9080f6f09a954df3,contact,Facilitate Granular Web-Readiness Telemarketing 2024,Telemarketing,Sent,False,2025-04-23,True
fe9617d3b3ad445c,ab0ce0dc0056419a,lead,Monetize Out-Of-The-Box Content Social 2023,Email,Sent,False,2024-07-30,False
b6a5422e24914820,2864e38fca2b4a35,lead,Incubate Front-End E-Tailers Telemarketing 2025,Telemarketing,Sent,False,2024-07-15,False
19e4c297dbf74a00,223b349cab564d8a,lead,Revolutionize Value-Added Deliverables Telemarketing 2023,Telemarketing,Responded,True,2023-06-28,True
62a6ff290d1244df,3a7bb8157db94bfa,lead,Architect Viral Models Webinar 2024,Webinar,Attended,True,2025-03-15,True
7ba60c26c1db465d,1127df2172c04f86,contact,E-Enable Seamless E-Commerce Event 2025,Event,Registered,False,2024-11-19,False
6ef76c70b8314a60,65f97209bb6943b6,contact,Disintermediate Wireless Applications Content Syndication 2024,Content Syndication,Responded,True,2025-02-01,False
b0c4991bef054e42,af8c8d7b450d4e9d,contact,Generate Global Architectures Content Syndication 2025,Content Syndication,Sent,False,2025-03-02,False
9ef369eff6be4ba3,2aef14af217d4baa,lead,Whiteboard Synergistic Initiatives Email 2025,Email,Opened,False,2025-03-10,True
0fd72ef7ad5c40ac,c8ba071217f14aef,contact,Brand End-To-End Info-Mediaries Advertisement 2024,Email,Sent,False,2025-04-22,False
0636b4ac41e54068,d6a893b59d0f483d,lead,Incubate Front-End E-Tailers Telemarketing 2025,Telemarketing,Sent,False,2024-09-15,True
b1629d088e2b4af6,ea3610f1901c46d6,lead,Drive Next-Generation Communities Telemarketing 2025,Telemarketing,Responded,True,2023-06-05,False
a8acd56b3ac24d20,ee5b8cc38ac84590,lead,Generate B2B Eyeballs Webinar 2023,Webinar,Registered,False,2024-10-03,True
822ae2e6359d41b5,5b4f1bee75d7423f,lead,Brand Leading-Edge Interfaces Telemarketing 2025,Telemarketing,Responded,True,2024-12-26,False
6179a242f97c4785,e79ae282252a44a9,contact,Whiteboard Synergistic Initiatives Email 2025,Email,Clicked,True,2025-04-09,True
0e32fe59aed6406d,8323bf2a154a4bdc,contact,Envisioneer Revolutionary Deliverables Content Syndication 2024,Email,Sent,False,2023-07-22,False
5bc86007828247a3,c3da9723707a430d,lead,Generate Next-Generation Markets Event 2025,Email,Sent,False,2025-03-12,False
7e0fbcbe568b4c04,a89dc838fb054355,lead,Facilitate Web-Enabled Applications Email 2024,Email,Sent,False,2024-12-16,False
d276e3bfdf0f4ef0,b395c3306ea140d5,contact,Generate B2B Eyeballs Webinar 2023,Webinar,Registered,False,2024-12-28,True
01f35a1a741b4bc7,7b8dae74c12a487f,lead,Iterate Transparent Initiatives Social 2023,Social,Clicked,True,2025-04-15,False
c697b29d8e3e4abb,8e330830f7ec44fd,lead,Drive End-To-End Deliverables Advertisement 2024,Email,Sent,False,2024-02-05,False
feac7950f6004f59,96e989da68254457,contact,Monetize Front-End Web Services Webinar 2024,Webinar,Attended,True,2023-10-12,True
365fdee0d73146ba,8b3f30b35550489e,contact,Strategize Seamless Vortals Telemarketing 2025,Telemarketing,Sent,False,2023-09-29,True
775cda89ee2e48c5,a8daf6d15e754092,lead,Integrate Open-Source Architectures Webinar 2023,Email,Sent,False,2024-12-14,True
e81c9b2713764d4b,384291ce34534af3,lead,Deliver One-To-One Markets Email 2024,Email,Clicked,True,2024-12-28,True
28f2ba7aabe14709,f9ab7902fbfc4877,contact,Re-Contextualize B2C Networks Social 2025,Social,Viewed,False,2025-04-27,True
d45d3f67e7ca442c,3e8ceabc6797494d,lead,Brand Leading-Edge Interfaces Telemarketing 2025,Telemarketing,Responded,True,2025-04-05,True
bc44ebdca8bd4d93,382084a4874349f5,lead,Embrace Out-Of-The-Box Networks Webinar 2023,Email,Sent,False,2025-04-16,True
b2d511b89a004c0f,c1658ce6e6a940eb,lead,Brand Visionary Models Advertisement 2024,Advertisement,Viewed,False,2023-05-13,False
589fb53b000747a3,e79ae282252a44a9,contact,Unleash 24/7 E-Tailers Event 2025,Event,Registered,False,2025-03-23,False
14de59783085442b,6dfca0b2a38a4081,contact,Brand Visionary Models Advertisement 2024,Advertisement,Viewed,False,2025-04-03,False
7c24d9f3a0ae4b0d,16bd3a8326c74630,lead,E-Enable Out-Of-The-Box Portals Social 2023,Social,Viewed,False,2025-04-21,True
9def23cd362443c2,317899368e174ef0,lead,Engage Impactful Portals Webinar 2025,Email,Sent,False,2025-02-26,True
c629321605024ffa,baa9e0a6e3e14390,lead,Monetize Clicks-And-Mortar Bandwidth Event 2023,Event,Attended,True,2023-05-04,True
a31b38fcebdb455a,09bc0e068421492d,lead,Utilize Visionary Eyeballs Webinar 2023,Webinar,Registered,False,2024-12-14,True
b1672b0cd8e84d85,8211bdcbacd142d7,lead,E-Enable Out-Of-The-Box Portals Social 2023,Social,Viewed,False,2025-04-16,False
3295bfc683874182,cae1c536432447b3,contact,Generate B2B Eyeballs Webinar 2023,Webinar,Registered,False,2025-01-04,True
e2d65a911e834580,72e2e2794c6f4d88,lead,Architect Customized Partnerships Telemarketing 2024,Telemarketing,Responded,True,2025-02-16,True
ba5c819d35df43e4,27d652b7a0984a3f,lead,Streamline Distributed E-Markets Webinar 2023,Webinar,Registered,False,2024-12-23,True
6782b0a1c44848d7,7ae7b272b9fa477f,contact,Benchmark Rich Functionalities Event 2024,Event,Registered,False,2025-04-01,True
c7191de64dcd4774,cdee4d4b7d564dc6,lead,Drive End-To-End Deliverables Advertisement 2024,Advertisement,Clicked,True,2023-12-14,False
92646770c3c64731,93f32af2016f44e9,lead,Monetize Out-Of-The-Box Content Social 2023,Social,Clicked,True,2025-04-01,True
f21b294e310445cb,08393fe814024e3b,contact,Target Mission-Critical Eyeballs Content Syndication 2025,Content Syndication,Sent,False,2025-04-23,True
677b6582282a4b07,35a1c227f91647b2,lead,Engage Impactful Portals Webinar 2025,Webinar,Attended,True,2025-04-29,True
5ad2d448a28d4efb,e2705999f42142c1,contact,Embrace Out-Of-The-Box Networks Webinar 2023,Email,Sent,False,2024-06-29,True
34bfb8ef1f034caf,dca06f07ba7b4ced,lead,Harness Wireless Communities Content Syndication 2024,Content Syndication,Responded,True,2025-04-16,True
b33061f77b064e07,9f8217a6752546b4,lead,Evolve Extensible Deliverables Webinar 2023,Email,Sent,False,2025-02-11,True
504ddcfee6214ef8,fdb47da1507049a0,lead,Facilitate Web-Enabled Applications Email 2024,Email,Sent,False,2024-12-11,False
3c268047487e4d91,63f55c754da84377,contact,Disintermediate Wireless Applications Content Syndication 2024,Email,Sent,False,2025-02-27,False
47700076f02249e3,f0fddac0313d4f8c,lead,Benchmark Rich Functionalities Event 2024,Email,Sent,False,2024-12-26,True
ade8be28d24943fb,abab5caf18864367,lead,Drive Next-Generation Communities Telemarketing 2025,Telemarketing,Sent,False,2024-11-29,False
b7a37e21e734446b,1ad8a9851479414c,lead,Architect Viral Models Webinar 2024,Webinar,Registered,False,2025-04-26,True
8c464cdd91d043e8,26db812af63f4047,lead,Target Collaborative Paradigms Social 2024,Email,Sent,False,2025-04-19,True
f7b4ac68ca564e39,af8c8d7b450d4e9d,contact,Engineer Robust Web Services Event 2024,Event,No Show,False,2024-12-22,True
b7e4d32bc62842e8,a4a4341a54c846f6,lead,Whiteboard Synergistic Initiatives Email 2025,Email,Clicked,True,2023-07-13,True
ef0a9aa77e574f58,8a4e20f67d2e4cf1,contact,Matrix Wireless Solutions Advertisement 2025,Advertisement,Viewed,False,2025-04-24,True
9c5d141efa5e425e,a055e41b7a2946e3,lead,Harness Wireless Communities Content Syndication 2024,Email,Sent,False,2025-04-18,True
7e444a7760ac41da,8249636dbb074a18,lead,Whiteboard Synergistic Initiatives Email 2025,Email,Sent,False,2025-03-31,True
175b6128f5d64f54,708e08ffce2b4624,contact,Matrix Seamless Infrastructures Social 2024,Email,Sent,False,2023-08-27,True
2472b1a93ee144f2,800c6e0375524274,lead,Disintermediate 24/7 Metrics Telemarketing 2024,Email,Sent,False,2025-04-09,True
7f872bd7711d41eb,d1d54aeec03447f1,contact,Brand End-To-End Info-Mediaries Advertisement 2024,Email,Sent,False,2025-01-19,True
69b3a0685a514d24,ab3adfe35cbf4fcf,lead,Architect Customized Partnerships Telemarketing 2024,Telemarketing,Sent,False,2025-04-01,True
2b8b8430aa3c429d,bc7ad1bc64c34569,lead,Monetize Clicks-And-Mortar Bandwidth Event 2023,Event,Attended,True,2024-04-29,False
4b7c8a7c69354278,5842cd105f5e46b9,lead,Brand Visionary Models Advertisement 2024,Advertisement,Clicked,True,2024-11-18,False
d1d553a9b1194fff,297bb252619c48fb,lead,Evolve E-Business Markets Webinar 2023,Email,Sent,False,2025-04-21,False
d11ccebba1dc4ea9,806831de6b94469e,contact,Monetize Out-Of-The-Box Content Social 2023,Social,Viewed,False,2025-04-17,False
0ef23f313a23407f,4f7a5f3abb19467d,contact,Mesh Interactive Platforms Advertisement 2023,Advertisement,Clicked,True,2025-04-07,False
6dabb027d117476c,293082c6f08e48d3,contact,Mesh Interactive Platforms Advertisement 2023,Advertisement,Viewed,False,2024-06-14,True
c109eba58fab4727,3a07aefee2d74a30,lead,Optimize Strategic Supply-Chains Webinar 2023,Webinar,Attended,True,2025-02-09,True
2c42fa9be4ed48af,50aa4e71898048be,contact,Architect Viral Models Webinar 2024,Webinar,Registered,False,2025-04-06,True
abee5499b74b4103,8a4e20f67d2e4cf1,contact,Generate B2B Eyeballs Webinar 2023,Webinar,Registered,False,2025-03-10,True
3c482f5f0a6943fa,df10a3379efc4cd8,contact,Unleash Ubiquitous Channels Event 2025,Event,No Show,False,2023-10-04,True
851b2b3ad12147e7,c562c53ac3804304,lead,Unleash 24/7 E-Tailers Event 2025,Event,Registered,False,2025-01-03,True
1fb52af1936e4cc6,0f94757f77ba49bf,contact,Evolve E-Business Markets Webinar 2023,Email,Sent,False,2025-04-30,True
2771492702854f8a,2dbed577e7ec4c09,lead,Brand End-To-End Info-Mediaries Advertisement 2024,Advertisement,Clicked,True,2025-03-17,True
31b5a0ccac144d33,9642116fc89c4e04,lead,Generate B2B Eyeballs Webinar 2023,Webinar,No Show,False,2023-06-23,True
742f150eda6b49d7,beccb173d5b34730,lead,Envisioneer Revolutionary Deliverables Content Syndication 2024,Content Syndication,Responded,True,2025-04-02,False
a462be8da7244949,6dfca0b2a38a4081,contact,Unleash 24/7 E-Tailers Event 2025,Event,No Show,False,2024-03-25,True
c24a6a33f8d94a84,9080f6f09a954df3,contact,Streamline 24/7 Systems Advertisement 2024,Advertisement,Viewed,False,2025-04-16,True
3143494171974fa9,3a7bb8157db94bfa,lead,Facilitate Granular Web-Readiness Telemarketing 2024,Telemarketing,Responded,True,2024-04-02,True
087d0de60c354e6f,3eaf6a3577694671,lead,Brand End-To-End Info-Mediaries Advertisement 2024,Advertisement,Clicked,True,2024-12-30,False
47ff5f4d97974ca3,f6f30f828d3b4e72,contact,Target Collaborative Paradigms Social 2024,Social,Viewed,False,2024-12-08,True
2866fbc396b4425b,3e751658cf3942e2,lead,Monetize Out-Of-The-Box Content Social 2023,Social,Viewed,False,2025-04-12,True
1dd3389ebe0d497c,c1bbdc2f42804547,lead,Monetize Front-End Web Services Webinar 2024,Webinar,No Show,False,2025-03-14,True
4a46039b7c4e4686,b1bf295cb6c74526,lead,Facilitate Web-Enabled Applications Email 2024,Email,Clicked,True,2025-04-17,True
f9815b8020b34599,fdb47da1507049a0,lead,Generate Next-Generation Markets Event 2025,Email,Sent,False,2024-12-23,True
2f245da9a7614731,c255c53028a14545,contact,Generate Next-Generation Markets Event 2025,Event,Registered,False,2025-04-02,True
61ce5ff9a6a24284,953dba724da64685,lead,Matrix Seamless Infrastructures Social 2024,Social,Viewed,False,2025-03-29,False
209a2ac4fc304459,2d13a190df7f4473,contact,Utilize Visionary Eyeballs Webinar 2023,Webinar,Registered,False,2025-01-26,False
c9c6fbaca3994fa7,317899368e174ef0,lead,Optimize Strategic Supply-Chains Webinar 2023,Email,Sent,False,2025-04-27,True
12bda52280e349ae,1e3b3a3e36184585,lead,Disintermediate 24/7 Metrics Telemarketing 2024,Telemarketing,Sent,False,2024-11-08,False
5f599c1f74504aa4,56051776ea3241db,lead,Whiteboard Synergistic Initiatives Email 2025,Email,Opened,False,2025-04-07,True
02c70f60110d4e15,0fe3d748143a4969,lead,Brand End-To-End Info-Mediaries Advertisement 2024,Advertisement,Clicked,True,2025-04-04,True
3f5579cb018d4a9f,53096329d289478b,lead,Streamline 24/7 Systems Advertisement 2024,Advertisement,Viewed,False,2025-01-27,True
5ba65769efda4ba8,177db71e8d224064,contact,Utilize Visionary Eyeballs Webinar 2023,Webinar,Registered,False,2025-03-17,False
cd7ba9b2311c4b5f,d62348854f144843,lead,Facilitate Web-Enabled Applications Email 2024,Email,Sent,False,2025-03-14,True
172c0bc2481c4222,ab0ce0dc0056419a,lead,E-Enable Out-Of-The-Box Portals Social 2023,Email,Sent,False,2025-03-28,True
56bfedf460eb405c,f669ca9a4acd434d,contact,Unleash Ubiquitous Channels Event 2025,Event,Attended,True,2025-04-18,True
c2dadcbdaabf496f,b174785c457a42d6,contact,Drive End-To-End Deliverables Advertisement 2024,Email,Sent,False,2024-10-23,False
5d80c2c17f884929,c65ca09a99d44d46,contact,Deliver One-To-One Markets Email 2024,Email,Sent,False,2025-02-27,True
2b09ed2168b548ac,f659b94c26a440d0,contact,Engineer Robust Web Services Event 2024,Event,Registered,False,2025-04-13,True
c4493decc7a94176,7e42afa216f549bd,contact,Revolutionize Value-Added Deliverables Telemarketing 2023,Telemarketing,Responded,True,2025-02-12,False
83201005bb7a4b9e,87327822404145c3,lead,Brand Visionary Models Advertisement 2024,Email,Sent,False,2025-02-17,True
a104411f45a8462b,945892b5c4114cf9,lead,Generate Global Architectures Content Syndication 2025,Content Syndication,Sent,False,2025-04-19,True
0ba8862867e843d8,9c20faaa55be4c53,lead,Generate Global Architectures Content Syndication 2025,Email,Sent,False,2024-07-16,True
6457b32943a4403d,01bb85c6fc114849,contact,Re-Intermediate Visionary Convergence Webinar 2025,Webinar,Attended,True,2024-04-02,True
89a738f917dd4d90,19ff62cb0162456c,lead,Drive Next-Generation Communities Telemarketing 2025,Telemarketing,Sent,False,2025-03-03,True
9534b3cda5374f5d,bb531ce9ace14ee2,contact,Streamline Distributed E-Markets Webinar 2023,Email,Sent,False,2024-08-14,True
f7efa7c408f9420e,65f97209bb6943b6,contact,Transition Efficient Deliverables Email 2024,Email,Clicked,True,2025-01-21,True
f928e0b632c842d8,800c6e0375524274,lead,Transition Efficient Deliverables Email 2024,Email,Sent,False,2024-12-08,True
e0b6ef0a2a974be6,9da2c8b1ac1143f9,lead,Benchmark Rich Functionalities Event 2024,Event,Registered,False,2024-11-28,True
d8ea11caa2b2427c,45d0cf21efe2488b,contact,E-Enable Seamless E-Commerce Event 2025,Email,Sent,False,2024-12-30,False
b1f2190f15474885,09c9f0fe936e44bf,contact,Architect Viral Models Webinar 2024,Email,Sent,False,2025-04-26,True
347ab1eceba14db1,8fbea558b791444b,lead,Deliver One-To-One Markets Email 2024,Email,Opened,False,2023-07-11,False
4e2034b83cd84250,188fb0d5560b4ef8,lead,Orchestrate 24/7 Relationships Content Syndication 2024,Email,Sent,False,2025-04-29,False
1567c5df30db4533,43580c79aa744c18,contact,Incubate Front-End E-Tailers Telemarketing 2025,Telemarketing,Sent,False,2025-01-21,True
53e6916677c74ac4,1bad641b07e74709,lead,Re-Contextualize B2C Networks Social 2025,Social,Viewed,False,2025-04-20,False
27a0fd6d91414555,a9b9beb598a64e0d,contact,Embrace Out-Of-The-Box Networks Webinar 2023,Webinar,Registered,False,2023-05-06,True
34de2d2372f34c83,ec53f881c37642e6,contact,Harness Wireless Communities Content Syndication 2024,Content Syndication,Sent,False,2024-07-19,True
7012bf8e356946ad,bb531ce9ace14ee2,contact,E-Enable Seamless E-Commerce Event 2025,Email,Sent,False,2023-11-02,False
4b882b89be964239,fbdf1bcc8b734f72,lead,Generate B2B Eyeballs Webinar 2023,Email,Sent,False,2025-04-27,True
5cf9216aa4b04aff,3a7bb8157db94bfa,lead,Transition Efficient Deliverables Email 2024,Email,Sent,False,2025-04-28,False
27eb9ad2b8b643e8,aa1d1b0d82c64927,lead,Embrace Out-Of-The-Box Networks Webinar 2023,Email,Sent,False,2025-01-25,True
3163d83db820445c,8e330830f7ec44fd,lead,Embrace Out-Of-The-Box Networks Webinar 2023,Email,Sent,False,2025-04-05,False
74d2f05a1cfd49f2,638283ed2b3b42ba,contact,Benchmark Rich Functionalities Event 2024,Email,Sent,False,2025-01-10,True
7211a65389b440cb,906c63dddd2041e3,contact,Evolve Extensible Deliverables Webinar 2023,Webinar,Registered,False,2023-08-12,False
6fe45cbf3fa545b3,e5145b2f85524b1c,lead,Engineer Robust Web Services Event 2024,Event,Attended,True,2024-11-14,True
4131d15b615d4ebe,8b3f30b35550489e,contact,Harness Dynamic Relationships Telemarketing 2023,Telemarketing,Responded,True,2024-11-05,True
e3905e20b5374c49,aa1d1b0d82c64927,lead,Transition Efficient Deliverables Email 2024,Email,Sent,False,2025-04-24,False
c78b31fdea9540c0,250ae1b20d1b4f6d,contact,Utilize Visionary Eyeballs Webinar 2023,Email,Sent,False,2025-02-25,False
7e3a7c3d2c4040cb,188fb0d5560b4ef8,lead,Re-Contextualize Extensible Technologies Email 2023,Email,Sent,False,2024-12-23,True
99ad4b6b672e4e35,5c9e16370a9e4239,lead,Streamline Distributed E-Markets Webinar 2023,Webinar,Attended,True,2025-04-27,False
e3869708bf7246f4,50aa4e71898048be,contact,Whiteboard Synergistic Initiatives Email 2025,Email,Opened,False,2025-04-14,True
30ce8f6492504aa9,eeb7351d5d714452,lead,Harness Dynamic Relationships Telemarketing 2023,Telemarketing,Responded,True,2025-04-24,True
ed1bdb50053f4834,f45c994a5a57444b,contact,Brand Visionary Models Advertisement 2024,Advertisement,Viewed,False,2025-04-22,True
6c272c4e72c14054,7b8dae74c12a487f,lead,Facilitate Web-Enabled Applications Email 2024,Email,Clicked,True,2025-04-19,True
c3e931d18aa14865,1e3b3a3e36184585,lead,Streamline Distributed E-Markets Webinar 2023,Webinar,Attended,True,2025-02-07,True
053d3048795d4411,75697ac8f1844175,lead,Extend Granular Schemas Email 2025,Email,Opened,False,2023-07-24,True
596c47c903ed46b6,e45a7fbd3e46418a,lead,Target Mission-Critical Eyeballs Content Syndication 2025,Email,Sent,False,2023-06-15,True
22309d6d73e94a4e,26a2f769e1904780,contact,Envisioneer Holistic Web-Readiness Email 2024,Email,Sent,False,2024-08-02,True
78fe863b4d3e4aed,4023c4102aed411a,contact,Re-Intermediate B2B Interfaces Event 2023,Email,Sent,False,2025-02-08,True
e70276e9469c4f05,ab0ce0dc0056419a,lead,Envisioneer Revolutionary Deliverables Content Syndication 2024,Email,Sent,False,2025-01-05,False
379ce450897842d9,fa4894007b794a2c,lead,Engineer Robust Web Services Event 2024,Event,No Show,False,2023-09-11,True
76a41f6178a846ce,8607ea8042cc4d4b,contact,Evolve Extensible Deliverables Webinar 2023,Webinar,Registered,False,2024-11-19,False
bbebeb52d94c432c,8260d17b57484d05,lead,Generate Global Architectures Content Syndication 2025,Content Syndication,Responded,True,2024-08-19,False
6ddd1519b8c2474e,b5628a11fc8c4ace,lead,Strategize Seamless Vortals Telemarketing 2025,Telemarketing,Sent,False,2024-12-24,False
7492586eb2c44c74,75697ac8f1844175,lead,Re-Contextualize B2C Networks Social 2025,Social,Clicked,True,2025-03-31,True
5265723a9fbe4f1f,e2a2bc9203784e6f,contact,Matrix Wireless Solutions Advertisement 2025,Email,Sent,False,2025-04-08,True
bf9e986c3e774558,2db7a24dd22e4d5a,contact,E-Enable Seamless E-Commerce Event 2025,Event,Attended,True,2023-10-25,True
53156cfcde2d4d2b,6f7318852c8b42cd,contact,Target Mission-Critical Eyeballs Content Syndication 2025,Content Syndication,Sent,False,2025-04-11,True
0fb29aa6a2974810,2195328c849a40e0,contact,Generate Next-Generation Markets Event 2025,Event,No Show,False,2025-04-07,True
dc034105384d44dc,b1bf295cb6c74526,lead,Deliver One-To-One Markets Email 2024,Email,Clicked,True,2024-06-13,True
3c43d127b17a45a5,26a2f769e1904780,contact,Disintermediate 24/7 Metrics Telemarketing 2024,Telemarketing,Responded,True,2023-08-31,True
77b224d08d444775,1b690874435840a4,lead,Transition Efficient Deliverables Email 2024,Email,Opened,False,2023-12-21,True
36edf7cf77ee4fac,9c20faaa55be4c53,lead,Re-Intermediate B2B Interfaces Event 2023,Email,Sent,False,2024-11-21,True
d778311cc7e54542,a4a4341a54c846f6,lead,Optimize Strategic Supply-Chains Webinar 2023,Webinar,Attended,True,2025-04-07,True
9cab3e42655949a4,88354bc79753474f,lead,Matrix Seamless Infrastructures Social 2024,Email,Sent,False,2025-04-06,True
c482816a5d354144,90a9cfd4d2034f22,lead,Facilitate Web-Enabled Applications Email 2024,Email,Opened,False,2025-04-02,False
a76301570dd34fc3,036deccc5cd94143,lead,Facilitate Web-Enabled Applications Email 2024,Email,Opened,False,2024-11-09,True
02d1c4278ca14e1a,81dec6d84c5545e1,contact,Drive Next-Generation Communities Telemarketing 2025,Email,Sent,False,2024-11-07,True
428e9022e87745c6,653ab12ad6a34e87,lead,Generate Next-Generation Markets Event 2025,Event,Attended,True,2025-04-03,True
14a317d7bceb4d63,3d22eb58e4b84734,lead,Unleash Cutting-Edge E-Markets Content Syndication 2025,Email,Sent,False,2025-03-18,True
3d9f5b2924f44284,40071fae516d4588,lead,Re-Intermediate Visionary Convergence Webinar 2025,Webinar,No Show,False,2025-04-03,True
467a227500ff4b7e,11615fb8701a40d1,lead,Redefine Cross-Media Synergies Webinar 2023,Webinar,Registered,False,2023-10-02,False
ce2390caeb134091,e5145b2f85524b1c,lead,Drive End-To-End Deliverables Advertisement 2024,Advertisement,Viewed,False,2024-05-25,False
a67cf59866b946ff,a4a4341a54c846f6,lead,Envisioneer Holistic Web-Readiness Email 2024,Email,Sent,False,2024-09-03,True
22d1e8b68c044813,7036597206384b9e,lead,Whiteboard Synergistic Initiatives Email 2025,Email,Sent,False,2025-03-08,False
d2f3141df1bf44b7,8211bdcbacd142d7,lead,Whiteboard Synergistic Initiatives Email 2025,Email,Sent,False,2025-04-07,False
91828727aa2f4422,aad116ab6444433e,lead,Generate Global Architectures Content Syndication 2025,Content Syndication,Responded,True,2025-03-18,True
885827b51d3c4418,baa9e0a6e3e14390,lead,Architect Viral Models Webinar 2024,Webinar,No Show,False,2025-04-03,True
4b8f70b027d14a54,108faca1020643bc,lead,Benchmark Rich Functionalities Event 2024,Event,No Show,False,2025-04-21,True
2605e7bd7e9148ef,998fd075957d42ba,lead,Drive Next-Generation Communities Telemarketing 2025,Telemarketing,Sent,False,2025-04-04,True
1b98a7271a7c497a,d470dfac3c6544d9,lead,Transition Efficient Deliverables Email 2024,Email,Opened,False,2025-04-20,False
5fe7b8d2c543450f,6eaf4b12c4244a35,contact,Streamline Distributed E-Markets Webinar 2023,Webinar,Registered,False,2023-06-12,False
f2c4d36d3bb845fb,f0c462c875404ad4,lead,CISO Forum 2023,Event,Attended,True,2023-06-01,False
25affa5c58494997,8b3f30b35550489e,contact,Brand Leading-Edge Interfaces Telemarketing 2025,Telemarketing,Responded,True,2023-08-17,False
805c1c290e704a53,419d033ac92c4732,lead,Extend Granular Schemas Email 2025,Email,Clicked,True,2025-03-13,False
5d7e980f767f402c,edaceec9b7ef4729,lead,Nurture Drip Sequence,Email,Sent,False,2025-01-16,True
27e9c402cb8d4a00,44b6509d6c7f4310,lead,Orchestrate 24/7 Relationships Content Syndication 2024,Content Syndication,Responded,True,2024-10-22,True
48e9ff8e3fcb41bf,820ceb3523964e88,contact,Architect Customized Partnerships Telemarketing 2024,Email,Sent,False,2024-11-25,True
afd2a364e9894ab6,384291ce34534af3,lead,Unleash 24/7 E-Tailers Event 2025,Event,Registered,False,2024-12-19,True
e68f64f8a5d24c66,d62348854f144843,lead,Orchestrate 24/7 Relationships Content Syndication 2024,Email,Sent,False,2025-02-26,False
d469bcb237c147fa,3a562041231b4490,contact,Generate Next-Generation Markets Event 2025,Event,No Show,False,2025-04-07,True
5e2363c166c34da6,93f32af2016f44e9,lead,Maximize Bleeding-Edge Convergence Webinar 2023,Webinar,Attended,True,2024-12-15,True
3cdc4d52ebaf46fa,1b690874435840a4,lead,Utilize Back-End Action-Items Advertisement 2025,Advertisement,Viewed,False,2024-12-14,True
f7df7d67bd8849df,c9f086f3e11043c8,contact,Mesh Interactive Platforms Advertisement 2023,Advertisement,Clicked,True,2025-03-18,False
a97f10d022094317,8607ea8042cc4d4b,contact,Matrix Seamless Infrastructures Social 2024,Social,Clicked,True,2025-04-28,False
29aa0465927f473e,9642116fc89c4e04,lead,Monetize Front-End Web Services Webinar 2024,Webinar,Attended,True,2025-04-23,True
fa4477462ef84c3f,08393fe814024e3b,contact,Orchestrate 24/7 Relationships Content Syndication 2024,Content Syndication,Sent,False,2024-08-10,True
3fe5955c887a4f52,dd6f44c6d6f14ec5,lead,Envisioneer Revolutionary Deliverables Content Syndication 2024,Email,Sent,False,2025-04-17,True
9b0b90388ec648ea,d602bebcbed441fa,lead,Embrace Out-Of-The-Box Networks Webinar 2023,Webinar,Registered,False,2024-12-21,False
3b2b8cf2fbaf401f,f0e96d76ce2349ee,contact,Unleash Cutting-Edge E-Markets Content Syndication 2025,Content Syndication,Responded,True,2023-12-21,True
81609eb41c5a4860,a83cf0a526a64743,contact,Drive End-To-End Deliverables Advertisement 2024,Advertisement,Viewed,False,2025-01-15,True
8e9ebab4c4b3477a,a9b9beb598a64e0d,contact,Deliver One-To-One Markets Email 2024,Email,Clicked,True,2024-01-29,True
108085f624864d3d,0aa4bc073e6d43e7,contact,Redefine Cross-Media Synergies Webinar 2023,Webinar,Attended,True,2025-04-08,False
1abad19090164e9c,6cd7995cd86b4321,lead,Engineer Robust Web Services Event 2024,Event,Attended,True,2024-12-21,True
f2edd705c6a6432c,9c20faaa55be4c53,lead,Whiteboard Synergistic Initiatives Email 2025,Email,Sent,False,2025-04-30,False
8cfbd43b7eeb4265,da3a787347a14c02,lead,Brand End-To-End Info-Mediaries Advertisement 2024,Advertisement,Clicked,True,2023-12-26,True
671ecac865284cad,e79ae282252a44a9,contact,Streamline 24/7 Systems Advertisement 2024,Advertisement,Clicked,True,2025-01-22,True
10e40c292ae94d69,9ac77f84f0734030,lead,Target Collaborative Paradigms Social 2024,Email,Sent,False,2025-02-19,False
ac1004e454de4080,44b6509d6c7f4310,lead,Generate Global Architectures Content Syndication 2025,Content Syndication,Responded,True,2025-04-22,True
9ce383e465d943d4,a72d2167f475488f,lead,Incubate Front-End E-Tailers Telemarketing 2025,Email,Sent,False,2025-04-30,True
8c70bb1b6f1742cf,7b8dae74c12a487f,lead,E-Enable Out-Of-The-Box Portals Social 2023,Social,Viewed,False,2025-03-26,False
4836edace0864220,3ba7041726a24413,lead,E-Enable Seamless E-Commerce Event 2025,Event,Attended,True,2023-05-09,True
50095433fbef45a0,153d63dc505f4cad,contact,E-Enable Out-Of-The-Box Portals Social 2023,Social,Clicked,True,2023-11-23,False
d2a819f9d5514fad,5a1a8de319284d1c,lead,Re-Contextualize B2C Networks Social 2025,Email,Sent,False,2025-04-09,False
b9c2e3f42e4d4510,28d04c644bb94888,lead,Target Mission-Critical Eyeballs Content Syndication 2025,Email,Sent,False,2025-04-14,True
31eea529a6ea473a,6df4a54be9ac41f1,lead,Evolve Extensible Deliverables Webinar 2023,Webinar,Attended,True,2025-04-29,True
f2bd387ab31345a1,920c7c32abb74f2e,contact,Monetize Clicks-And-Mortar Bandwidth Event 2023,Event,Registered,False,2024-03-09,True
e3eb431812984425,45934305f11e4b62,lead,Integrate Open-Source Architectures Webinar 2023,Webinar,Attended,True,2023-09-29,True
1bb1a5202f954574,1980a7068c854572,contact,E-Enable Out-Of-The-Box Portals Social 2023,Email,Sent,False,2025-03-06,False
e8d21344b33e470d,67979dd6ff284c89,lead,Mesh Interactive Platforms Advertisement 2023,Advertisement,Clicked,True,2024-06-16,False
03462e8b9bac44fe,36493755806947c9,contact,E-Enable Seamless E-Commerce Event 2025,Event,Registered,False,2024-06-22,False
125404a2305c48b5,d6a893b59d0f483d,lead,Unleash Cutting-Edge E-Markets Content Syndication 2025,Content Syndication,Responded,True,2024-11-10,True
dafa302d47814078,3e751658cf3942e2,lead,Extend Granular Schemas Email 2025,Email,Clicked,True,2025-03-23,True
24cc80feb2d946cd,91b3ed7f6b8344d2,lead,Brand Leading-Edge Interfaces Telemarketing 2025,Telemarketing,Responded,True,2024-12-24,False
2a88e733148b4f6d,26db812af63f4047,lead,Engineer Robust Web Services Event 2024,Email,Sent,False,2023-05-23,True
82e63ef432b34b39,4c46d61b70a040a7,lead,Harness Wireless Communities Content Syndication 2024,Content Syndication,Responded,True,2024-11-29,False
3e1e7fbcd63b4914,3a07aefee2d74a30,lead,Brand Visionary Models Advertisement 2024,Advertisement,Viewed,False,2025-04-28,True
9182b56c21664925,3a07aefee2d74a30,lead,Orchestrate 24/7 Relationships Content Syndication 2024,Content Syndication,Responded,True,2024-12-28,False
24ca5e6bf5524d3d,c80fe48b502c4043,contact,Grow Best-Of-Breed Users Event 2024,Email,Sent,False,2025-04-28,False
603ce83ba777457a,43e2fdd56a854f1c,contact,Matrix Seamless Infrastructures Social 2024,Social,Clicked,True,2025-04-18,False
89618b613b204ba9,90c6f58cf2144ff9,contact,Envisioneer Holistic Web-Readiness Email 2024,Email,Sent,False,2025-04-19,False
128bdc08c06945bf,d51df535d7f8447e,contact,Harness Wireless Communities Content Syndication 2024,Email,Sent,False,2025-03-22,True
599fdeb5e735450b,af8c8d7b450d4e9d,contact,Target Mission-Critical Eyeballs Content Syndication 2025,Content Syndication,Responded,True,2025-03-10,True
1ba65a3fb6f54f90,878261dfb76c4fe8,contact,Harness Wireless Communities Content Syndication 2024,Email,Sent,False,2025-04-22,True
a44f8031a59946bc,9080f6f09a954df3,contact,Monetize Front-End Web Services Webinar 2024,Webinar,Registered,False,2025-04-20,False
be1c554f12294fcf,adce8665be49405a,lead,Brand End-To-End Info-Mediaries Advertisement 2024,Advertisement,Clicked,True,2024-12-28,True
ffc800e6cafc4f9e,6d7279c67c4043c1,lead,Brand Leading-Edge Interfaces Telemarketing 2025,Telemarketing,Sent,False,2025-03-13,False
e9cc6e86bcc645af,99b4fd6a49d44b40,lead,Utilize Visionary Eyeballs Webinar 2023,Webinar,Attended,True,2025-03-08,True
47942bfef3d143ec,53b148c040a34d51,lead,Unleash 24/7 E-Tailers Event 2025,Event,Registered,False,2025-03-24,True
5c4f57214bb84525,1b9ad624fcf947ad,contact,Incubate Front-End E-Tailers Telemarketing 2025,Email,Sent,False,2025-04-16,False
7579d5edabc6486a,3b776019ded64c0a,contact,Streamline Distributed E-Markets Webinar 2023,Webinar,No Show,False,2024-11-21,True
ae8368207f9b4b60,698c4c31be40435d,lead,Whiteboard Synergistic Initiatives Email 2025,Email,Sent,False,2024-11-29,True
274d5858401d4235,704c0efef5ae4598,contact,Maximize Bleeding-Edge Convergence Webinar 2023,Email,Sent,False,2025-04-22,True
e18ef539c22f49d4,3ba7041726a24413,lead,Generate B2B Eyeballs Webinar 2023,Webinar,No Show,False,2024-12-07,True
7e2905db268542ea,93f32af2016f44e9,lead,Unleash 24/7 E-Tailers Event 2025,Event,Attended,True,2023-09-22,False
ed9a5cf71e194542,6f89ecf90a59414b,lead,Envisioneer Revolutionary Deliverables Content Syndication 2024,Content Syndication,Sent,False,2024-05-07,True
426a94e67fc344c1,18008446d0694e6d,lead,Brand Visionary Models Advertisement 2024,Advertisement,Clicked,True,2025-04-09,True
ebda7de347d24627,8a4e20f67d2e4cf1,contact,Utilize Visionary Eyeballs Webinar 2023,Webinar,Attended,True,2025-04-23,False
2e88ce9043ba4fcf,ec53f881c37642e6,contact,Facilitate Granular Web-Readiness Telemarketing 2024,Telemarketing,Responded,True,2025-01-10,False
67f2dd516f814e60,b3927f4c1415426c,lead,Grow Best-Of-Breed Users Event 2024,Event,Registered,False,2025-01-01,False
4fa12698eb3442c4,f669ca9a4acd434d,contact,Extend Granular Schemas Email 2025,Email,Sent,False,2024-11-14,True
44de07904274419f,edaceec9b7ef4729,lead,Nurture Drip Sequence,Email,Sent,False,2024-11-16,True
6d804046b9b946c1,f238d76424b049a7,lead,Drive End-To-End Deliverables Advertisement 2024,Advertisement,Viewed,False,2025-04-21,True
35615cf17abd42db,4564b8d497fd4198,contact,Engineer Robust Web Services Event 2024,Event,Attended,True,2025-02-15,False
fc5e49189cd949f7,18f66fedf13f408c,lead,Facilitate Web-Enabled Applications Email 2024,Email,Opened,False,2025-04-05,False
887c943f007c4668,b99257da63be4c54,lead,Brand End-To-End Info-Mediaries Advertisement 2024,Advertisement,Clicked,True,2025-04-03,False
b55a2ddfbcec438b,a4a4341a54c846f6,lead,Disintermediate 24/7 Metrics Telemarketing 2024,Telemarketing,Sent,False,2023-09-13,True
8cc7fde05b7e4203,b3927f4c1415426c,lead,Facilitate Granular Web-Readiness Telemarketing 2024,Telemarketing,Responded,True,2024-12-24,True
c7b82e12974142aa,297bb252619c48fb,lead,Utilize Back-End Action-Items Advertisement 2025,Email,Sent,False,2024-06-18,True
b48d3530dc144472,4023c4102aed411a,contact,Utilize Visionary Eyeballs Webinar 2023,Email,Sent,False,2025-04-03,False
09acae6d656b4743,e2efc031a92542c1,contact,Grow Best-Of-Breed Users Event 2024,Event,No Show,False,2024-12-01,False
ecb37f71702348f0,419d033ac92c4732,lead,Unleash Ubiquitous Channels Event 2025,Event,Attended,True,2025-02-24,False
c125f67557f74d29,bf69f9a848264267,lead,Matrix Wireless Solutions Advertisement 2025,Email,Sent,False,2025-04-02,True
11742493e90c4196,26fb5134d77a49a8,lead,Matrix Seamless Infrastructures Social 2024,Social,Viewed,False,2025-03-09,True
b142d64cf9364984,188fb0d5560b4ef8,lead,Engage Impactful Portals Webinar 2025,Email,Sent,False,2025-04-14,True
aac0d46d4c67414e,26fb5134d77a49a8,lead,Transition Efficient Deliverables Email 2024,Email,Sent,False,2024-11-23,True
5591b83022944037,0f94757f77ba49bf,contact,Evolve E-Business Markets Webinar 2023,Email,Sent,False,2024-11-09,True
14fd1dc8c0ad4d1a,1d03a14f406c4134,lead,Unleash Cutting-Edge E-Markets Content Syndication 2025,Content Syndication,Sent,False,2025-04-27,True
2e58cc3dfedf4212,5c9e16370a9e4239,lead,Facilitate Web-Enabled Applications Email 2024,Email,Clicked,True,2025-02-27,False
cd216e31b84e4dd3,806831de6b94469e,contact,Unleash 24/7 E-Tailers Event 2025,Event,Registered,False,2024-11-14,True
4623ce5d71c04a46,8323bf2a154a4bdc,contact,Embrace Out-Of-The-Box Networks Webinar 2023,Email,Sent,False,2025-04-14,True
0521feda233c4260,e6fe353aa34e40f1,contact,Utilize Visionary Eyeballs Webinar 2023,Webinar,Attended,True,2025-04-23,False
cb9cbc4f6e304796,b74c7bb8b86c4f39,contact,Brand Leading-Edge Interfaces Telemarketing 2025,Telemarketing,Sent,False,2025-01-15,False
43560403b3f24b6d,074f5cde86474c7b,lead,Re-Intermediate B2B Interfaces Event 2023,Email,Sent,False,2024-12-24,True
349411ce021c4eb2,384291ce34534af3,lead,Iterate Transparent Initiatives Social 2023,Social,Viewed,False,2024-10-28,True
4cbb27596bb14086,e79ae282252a44a9,contact,Target Collaborative Paradigms Social 2024,Social,Clicked,True,2025-01-30,False
14f3a88ba3fc4ebd,3a7bb8157db94bfa,lead,Monetize Clicks-And-Mortar Bandwidth Event 2023,Event,Attended,True,2025-03-27,False
99db50dca56c41b9,5b4f1bee75d7423f,lead,Optimize Strategic Supply-Chains Webinar 2023,Webinar,Attended,True,2025-02-27,True
0a2bddb5ab8840ff,08393fe814024e3b,contact,Benchmark Rich Functionalities Event 2024,Event,Registered,False,2024-12-27,True
023364dc902f4d7c,15c00063331c453b,lead,Disintermediate 24/7 Metrics Telemarketing 2024,Telemarketing,Responded,True,2024-04-07,True
f28d395b5d874ea6,9642116fc89c4e04,lead,Generate Global Architectures Content Syndication 2025,Content Syndication,Sent,False,2025-01-20,True
496e79005a1445a4,1178992d75f04fb8,contact,Monetize Out-Of-The-Box Content Social 2023,Social,Clicked,True,2025-04-18,False
45c9e5c5696a4b3f,3d22eb58e4b84734,lead,Integrate Open-Source Architectures Webinar 2023,Email,Sent,False,2024-12-15,False
8a8ac3e0645c4ade,1043dd2b6102482a,contact,Streamline Distributed E-Markets Webinar 2023,Webinar,No Show,False,2025-04-07,True
e88d3150aaaa4d7f,1ad8a9851479414c,lead,Unleash 24/7 E-Tailers Event 2025,Event,No Show,False,2025-03-06,True
ee1a8c9d67594cec,edaceec9b7ef4729,lead,Nurture Drip Sequence,Email,Sent,False,2024-11-20,True
8020022910774665,acd40379133144aa,lead,Maximize Bleeding-Edge Convergence Webinar 2023,Email,Sent,False,2024-11-10,True
b2cc3dce38d94ea0,685651ac361540d8,lead,Redefine Cross-Media Synergies Webinar 2023,Webinar,No Show,False,2025-04-24,True
07777b0c739147f4,6c1b9e7925f24b0b,contact,Disintermediate 24/7 Metrics Telemarketing 2024,Telemarketing,Responded,True,2025-04-21,True
e6f06abdac1c42ca,8323bf2a154a4bdc,contact,Orchestrate 24/7 Relationships Content Syndication 2024,Email,Sent,False,2025-04-10,True
bc302aafdadd4e6d,0fe3d748143a4969,lead,Generate Global Architectures Content Syndication 2025,Content Syndication,Sent,False,2023-06-29,True
a727ec362c8246fd,188fb0d5560b4ef8,lead,Drive End-To-End Deliverables Advertisement 2024,Email,Sent,False,2025-04-28,True
35c8259796034dbd,382084a4874349f5,lead,Unleash Ubiquitous Channels Event 2025,Email,Sent,False,2024-06-03,False
e788c36c291547fd,d5d61c3a50e44043,contact,Matrix Seamless Infrastructures Social 2024,Email,Sent,False,2024-03-20,False
82dacc7e03104adc,19ff62cb0162456c,lead,Whiteboard Synergistic Initiatives Email 2025,Email,Opened,False,2025-04-14,False
18f5cda4d6ad400b,ab0ce0dc0056419a,lead,Iterate Transparent Initiatives Social 2023,Email,Sent,False,2024-12-07,False
f61a057f4f24460d,eb345aeb9b474871,contact,Re-Intermediate Visionary Convergence Webinar 2025,Email,Sent,False,2024-09-17,True
98726e8bf27d4d0c,d5d61c3a50e44043,contact,Monetize Front-End Web Services Webinar 2024,Email,Sent,False,2024-11-26,False
64259e8d9b7b4253,ff5982f5b3f6458b,lead,Re-Intermediate Visionary Convergence Webinar 2025,Email,Sent,False,2024-05-11,True
efe38fe9627545af,5c9e16370a9e4239,lead,E-Enable Seamless E-Commerce Event 2025,Event,Attended,True,2023-09-15,False
b59e422d6bf043a9,f147d4ad69bd484e,lead,Brand End-To-End Info-Mediaries Advertisement 2024,Advertisement,Viewed,False,2025-04-01,False
875b9d05386e40fd,14c41452160d40f4,contact,Harness Wireless Communities Content Syndication 2024,Email,Sent,False,2025-01-08,False
8da7cdfb956146f3,69c0e99ab94645b7,lead,E-Enable Out-Of-The-Box Portals Social 2023,Social,Viewed,False,2024-01-18,False
aef592b06c8043c7,02101115a2bd45d1,contact,Deliver One-To-One Markets Email 2024,Email,Opened,False,2024-09-23,True
4552de31a7a74fe9,02101115a2bd45d1,contact,Architect Viral Models Webinar 2024,Webinar,Attended,True,2024-12-29,True
ddfe279184964871,87327822404145c3,lead,Transition Efficient Deliverables Email 2024,Email,Sent,False,2024-10-29,True
313b255f69244be4,3ba7041726a24413,lead,Benchmark Rich Functionalities Event 2024,Event,Registered,False,2024-03-30,True
b6f2eb9b8e2c4483,9c20faaa55be4c53,lead,Harness Wireless Communities Content Syndication 2024,Email,Sent,False,2025-04-03,True
bc7440a4adf84072,87327822404145c3,lead,Unleash Ubiquitous Channels Event 2025,Email,Sent,False,2024-12-15,False
4c7023482e124631,ac23f9a22f5a4d5a,lead,Drive End-To-End Deliverables Advertisement 2024,Advertisement,Viewed,False,2025-01-29,False
464656a344024ecd,e5e584ac6b91490c,lead,Generate B2B Eyeballs Webinar 2023,Email,Sent,False,2025-02-27,True
1a8214a289954db6,e14a09ec7da74137,contact,Optimize Strategic Supply-Chains Webinar 2023,Webinar,Attended,True,2025-04-10,False
783b27ac822d4da4,9080f6f09a954df3,contact,Orchestrate 24/7 Relationships Content Syndication 2024,Content Syndication,Responded,True,2025-04-19,True
c3d62c74706f456b,c98c38faccbc403f,lead,Matrix Seamless Infrastructures Social 2024,Social,Clicked,True,2025-04-05,False
76558e0a9d4547b1,031c58f430a14f3c,lead,Brand End-To-End Info-Mediaries Advertisement 2024,Email,Sent,False,2025-04-17,False
382e690231184909,1c9acc1c906d4523,lead,Re-Contextualize B2C Networks Social 2025,Social,Clicked,True,2025-01-20,False
d484d5423729488d,8db58b1b80cf4a3b,lead,Re-Contextualize Extensible Technologies Email 2023,Email,Opened,False,2025-01-28,True
504c4a17172a43e1,b5daae610cca458d,lead,Integrate Open-Source Architectures Webinar 2023,Webinar,Attended,True,2024-12-31,True
8585a040002746da,8a4e20f67d2e4cf1,contact,Brand Leading-Edge Interfaces Telemarketing 2025,Telemarketing,Responded,True,2025-02-17,False
dda33c1c3f364a8e,9bd395cc2abb4996,lead,Transition Efficient Deliverables Email 2024,Email,Clicked,True,2025-04-20,False
6181679c489a484f,c8e217ee392147cf,lead,Re-Intermediate Visionary Convergence Webinar 2025,Webinar,Attended,True,2025-04-26,False
27f0134929264b04,bda770a739914610,contact,Harness Dynamic Relationships Telemarketing 2023,Email,Sent,False,2024-12-22,True
2ef917296b834b10,414b6112183144bd,lead,Utilize Back-End Action-Items Advertisement 2025,Advertisement,Viewed,False,2023-06-24,True
e2a7c9291e094ed1,f711c644636f43f2,contact,Monetize Front-End Web Services Webinar 2024,Webinar,Registered,False,2024-08-20,False
0c6c90c616c2497d,2dbed577e7ec4c09,lead,Disintermediate Wireless Applications Content Syndication 2024,Content Syndication,Sent,False,2025-04-23,True
df2f7f3340e1443a,d62348854f144843,lead,Engineer Robust Web Services Event 2024,Email,Sent,False,2025-02-24,True
acb7717da4ae49ac,e6ebe9c1fb754f85,contact,Matrix Wireless Solutions Advertisement 2025,Advertisement,Viewed,False,2024-08-06,True
6fe62638a7744f8e,b220a63ac8394403,lead,Benchmark Rich Functionalities Event 2024,Email,Sent,False,2024-10-28,False
d60245202b824086,408cd0f47fdf4d3b,lead,Generate Global Architectures Content Syndication 2025,Content Syndication,Sent,False,2025-04-28,False
266b2de4a9334be3,e14a09ec7da74137,contact,Harness Dynamic Relationships Telemarketing 2023,Telemarketing,Sent,False,2025-01-30,False
0da8276719fb4096,f6f30f828d3b4e72,contact,Streamline Distributed E-Markets Webinar 2023,Webinar,No Show,False,2025-04-28,False
d55835b782504104,f659b94c26a440d0,contact,Target Mission-Critical Eyeballs Content Syndication 2025,Content Syndication,Sent,False,2025-03-20,False
eda4f1f38c5c4d0c,9da2c8b1ac1143f9,lead,Brand Leading-Edge Interfaces Telemarketing 2025,Telemarketing,Responded,True,2024-06-04,False
e9595beeb327481a,e2705999f42142c1,contact,Utilize Back-End Action-Items Advertisement 2025,Email,Sent,False,2024-11-26,True
1da68e5b04724711,d373575bfc004a77,lead,Harness Wireless Communities Content Syndication 2024,Content Syndication,Sent,False,2025-01-06,False
0513b5366d79438a,aad116ab6444433e,lead,Brand Leading-Edge Interfaces Telemarketing 2025,Telemarketing,Sent,False,2025-04-29,False
acc7f6ca56754022,69c3140a5b894d8b,lead,Engage Impactful Portals Webinar 2025,Webinar,No Show,False,2023-08-05,True
1b51e47cd310436a,185ab818f2a94f8b,contact,Architect Viral Models Webinar 2024,Email,Sent,False,2024-11-02,False
072707c2be784b78,41c0292714dd4caf,contact,Architect Viral Models Webinar 2024,Webinar,No Show,False,2024-07-13,False
f365959bce544a27,4aac9ce850fb4171,lead,Re-Intermediate Visionary Convergence Webinar 2025,Email,Sent,False,2023-05-17,True
4921b4f3bd544fa2,f669ca9a4acd434d,contact,Grow Best-Of-Breed Users Event 2024,Event,Attended,True,2024-11-22,False
eb15a629b8f04727,2e57f039f1704f86,lead,E-Enable Out-Of-The-Box Portals Social 2023,Social,Viewed,False,2025-04-15,True
17127b2dfc454660,dd6f44c6d6f14ec5,lead,Maximize Bleeding-Edge Convergence Webinar 2023,Email,Sent,False,2025-04-07,True
6c170366a41049f2,8b3f30b35550489e,contact,Target Collaborative Paradigms Social 2024,Social,Clicked,True,2025-03-23,False
4e18968105b44033,a32870e7977f408e,contact,Envisioneer Revolutionary Deliverables Content Syndication 2024,Email,Sent,False,2025-04-01,False
574fa8fe839b435f,a4a4341a54c846f6,lead,Iterate Transparent Initiatives Social 2023,Social,Viewed,False,2025-01-30,False
ce49e4d5949444fa,76814aef8eb041cb,contact,Monetize Out-Of-The-Box Content Social 2023,Social,Viewed,False,2025-04-24,False
dd425a2a60a24ca5,429413ad913f4749,lead,Embrace Out-Of-The-Box Networks Webinar 2023,Webinar,Attended,True,2025-01-28,True
6aacd12586f242c2,87b0e6b9f4394918,contact,Unleash Ubiquitous Channels Event 2025,Event,Registered,False,2025-04-12,True
f5008595083f4f94,c733f0d560e74552,lead,Brand Leading-Edge Interfaces Telemarketing 2025,Telemarketing,Responded,True,2025-03-03,True
6fb48f99dd234afc,4023c4102aed411a,contact,Disintermediate Wireless Applications Content Syndication 2024,Email,Sent,False,2023-12-10,False
83ec9cb94dd149c7,384291ce34534af3,lead,Benchmark Rich Functionalities Event 2024,Event,Attended,True,2025-04-03,False
d5db2483fe8948a4,a4d7f4a377374ad5,contact,Target Mission-Critical Eyeballs Content Syndication 2025,Content Syndication,Responded,True,2024-11-27,False
fad440bf0d124236,27d42a97bada439d,lead,Brand End-To-End Info-Mediaries Advertisement 2024,Advertisement,Clicked,True,2025-01-21,False
65c5e283380b4def,7833119f50b24965,lead,Architect Viral Models Webinar 2024,Webinar,Registered,False,2023-08-13,True
70062ccc4ebc4d22,6cd7995cd86b4321,lead,Benchmark Rich Functionalities Event 2024,Event,Registered,False,2025-04-03,True
04a6cf9d3a6a4add,97c325d1ea5f44f8,lead,Drive Next-Generation Communities Telemarketing 2025,Telemarketing,Responded,True,2025-04-27,True
a82c05e5c1844cf8,382084a4874349f5,lead,Drive Next-Generation Communities Telemarketing 2025,Email,Sent,False,2025-03-11,False
926b0e4668a24d41,f659b94c26a440d0,contact,Utilize Visionary Eyeballs Webinar 2023,Webinar,Attended,True,2025-04-06,True
02e6204001f94433,90d53475283f4f71,contact,Iterate Transparent Initiatives Social 2023,Email,Sent,False,2025-01-06,False
330225f39e3447ef,2e6f7ffc45884926,lead,Monetize Front-End Web Services Webinar 2024,Webinar,Registered,False,2024-11-16,True
ae04673952c94045,19ff62cb0162456c,lead,Matrix Seamless Infrastructures Social 2024,Social,Viewed,False,2025-04-12,True
95d3942170184e4d,91cfea350f644b72,contact,Redefine Cross-Media Synergies Webinar 2023,Webinar,No Show,False,2025-02-08,False
5c413f2f38d14ecd,f43799fb22e54bf5,lead,Incubate Front-End E-Tailers Telemarketing 2025,Email,Sent,False,2023-05-25,False
f8f26c8d2c3a417c,2e32eab771de4fd4,lead,Harness Wireless Communities Content Syndication 2024,Content Syndication,Responded,True,2025-04-30,True
6f96a3d6f64a421c,3a07aefee2d74a30,lead,Utilize Back-End Action-Items Advertisement 2025,Advertisement,Viewed,False,2024-03-08,False
0ebbd44caaa14982,4414acb563964586,lead,E-Enable Seamless E-Commerce Event 2025,Event,No Show,False,2024-12-21,True
e5ace6c455ae4e86,9ac77f84f0734030,lead,Matrix Wireless Solutions Advertisement 2025,Email,Sent,False,2023-06-04,False
cb31c81581354e59,76088e34bb284d7d,lead,Matrix Seamless Infrastructures Social 2024,Social,Viewed,False,2025-04-14,True
616164d7771e4349,5c9e16370a9e4239,lead,Re-Contextualize B2C Networks Social 2025,Social,Viewed,False,2025-04-09,True
63e9bfa7c14d4135,d8f43e8c77994c1f,contact,Whiteboard Synergistic Initiatives Email 2025,Email,Sent,False,2024-11-08,True
b2439e013fef463b,f0fddac0313d4f8c,lead,Transition Efficient Deliverables Email 2024,Email,Sent,False,2024-07-26,False
098c7d45431d4674,09119d76e2094198,lead,Generate B2B Eyeballs Webinar 2023,Email,Sent,False,2023-05-26,True
1ee790bffb164260,5d75ce2415644419,lead,Brand End-To-End Info-Mediaries Advertisement 2024,Email,Sent,False,2023-07-20,False
372d385635344bb3,a3ffc55f501e4c68,contact,Iterate Transparent Initiatives Social 2023,Email,Sent,False,2024-11-20,True
bbe5119198f84961,1541005f62fa435b,lead,Iterate Transparent Initiatives Social 2023,Social,Viewed,False,2024-11-09,True
af009087e2e84a0f,65f97209bb6943b6,contact,Whiteboard Synergistic Initiatives Email 2025,Email,Clicked,True,2025-04-27,False
94f250473f4c439f,384291ce34534af3,lead,Monetize Out-Of-The-Box Content Social 2023,Social,Clicked,True,2025-03-01,False
d464c58e532f4e49,e14a09ec7da74137,contact,Re-Contextualize B2C Networks Social 2025,Social,Clicked,True,2025-02-17,True
802b84ed50304396,5990d3905eb04b89,lead,Streamline 24/7 Systems Advertisement 2024,Advertisement,Clicked,True,2025-04-08,True
2df9a4f503194ce1,e5145b2f85524b1c,lead,Brand Visionary Models Advertisement 2024,Advertisement,Viewed,False,2024-01-19,True
7277d9b860164b33,7cd529b5a8f64595,contact,Unleash Ubiquitous Channels Event 2025,Event,Attended,True,2024-09-01,True
86a097ae11ad478a,820e3f38dbe146bb,lead,Re-Intermediate Visionary Convergence Webinar 2025,Email,Sent,False,2025-01-12,True
37ea555c48cc4d65,26db812af63f4047,lead,Integrate Open-Source Architectures Webinar 2023,Email,Sent,False,2024-01-29,True
61aa3b2935224092,dc55f2a8c7e740ca,lead,Drive End-To-End Deliverables Advertisement 2024,Advertisement,Viewed,False,2024-11-30,True
dec6546fd2074856,d62348854f144843,lead,Embrace Out-Of-The-Box Networks Webinar 2023,Email,Sent,False,2025-01-04,True
a4ee29255e054675,1b690874435840a4,lead,Mesh Interactive Platforms Advertisement 2023,Advertisement,Viewed,False,2024-01-13,True
709abbbdd6ea43f1,c5f31bf488a34883,contact,Drive Next-Generation Communities Telemarketing 2025,Email,Sent,False,2024-03-10,False
24ee8de89cf44364,f6f30f828d3b4e72,contact,Re-Contextualize B2C Networks Social 2025,Social,Clicked,True,2025-04-20,True
1f3e688631cb41e4,e14a09ec7da74137,contact,Architect Customized Partnerships Telemarketing 2024,Telemarketing,Sent,False,2025-04-26,False
3f38ac3e58e54b09,3a07aefee2d74a30,lead,Benchmark Rich Functionalities Event 2024,Event,Registered,False,2024-11-25,True
0016529856ad4af4,8c2c1549327b4f3a,contact,Integrate Open-Source Architectures Webinar 2023,Webinar,Registered,False,2025-04-12,False
04ef1705ddac4c96,6ed0a7ac6ad9494f,contact,Extend Granular Schemas Email 2025,Email,Opened,False,2025-04-07,True
e7a5d7da36ba4b47,f09b58cd266740c3,lead,Unleash 24/7 E-Tailers Event 2025,Email,Sent,False,2025-04-16,True
408d4a631cba483c,4a4be7646af64640,lead,Utilize Back-End Action-Items Advertisement 2025,Advertisement,Viewed,False,2025-04-16,True
b104103f2f044d40,2dbed577e7ec4c09,lead,Embrace Out-Of-The-Box Networks Webinar 2023,Webinar,Registered,False,2023-08-05,True
0985ae16e3e44d60,0f5539ac11034ddc,contact,Maximize Bleeding-Edge Convergence Webinar 2023,Webinar,No Show,False,2024-01-14,True
5c5b1bf40b3045cc,2d13a190df7f4473,contact,Engineer Robust Web Services Event 2024,Event,No Show,False,2024-11-21,True
e6ef9e699d744f8c,6f1a861e72f24fa7,lead,Streamline Distributed E-Markets Webinar 2023,Webinar,Attended,True,2025-02-13,True
6e25e5ffab414686,2e32eab771de4fd4,lead,Brand Leading-Edge Interfaces Telemarketing 2025,Telemarketing,Responded,True,2024-05-26,True
c489f228d25344f1,ab3adfe35cbf4fcf,lead,Harness Wireless Communities Content Syndication 2024,Content Syndication,Sent,False,2024-12-27,False
1a28c40e21b24df1,50aa4e71898048be,contact,Unleash Cutting-Edge E-Markets Content Syndication 2025,Content Syndication,Sent,False,2025-04-10,True
95327f5368324be1,bd9a0bc7ede54328,lead,Whiteboard Synergistic Initiatives Email 2025,Email,Clicked,True,2024-07-26,False
1b50990e5ab846fa,6f7318852c8b42cd,contact,E-Enable Seamless E-Commerce Event 2025,Event,Attended,True,2025-01-27,True
f555f5d47c1345d2,3de3b62bbd374572,contact,Revolutionize Value-Added Deliverables Telemarketing 2023,Telemarketing,Responded,True,2025-04-17,True
9a2d1237d6054e34,60ddffcea9ca4f85,contact,Brand Visionary Models Advertisement 2024,Email,Sent,False,2025-03-16,True
40a203845e2241a0,69cb0873a73d4fbe,contact,Target Mission-Critical Eyeballs Content Syndication 2025,Content Syndication,Responded,True,2025-04-02,False
21f7b9cdd7184416,0d97159d8b2c43d1,lead,Matrix Seamless Infrastructures Social 2024,Social,Clicked,True,2025-04-08,False
2706cc73023b4406,6b22af91cce6467a,contact,Monetize Out-Of-The-Box Content Social 2023,Email,Sent,False,2025-02-23,False
042e4a6807d5473a,6dfca0b2a38a4081,contact,Unleash Ubiquitous Channels Event 2025,Event,No Show,False,2025-04-04,True
90b804acc32f44d0,cbacc91fb18a4005,lead,Brand Leading-Edge Interfaces Telemarketing 2025,Email,Sent,False,2024-11-27,True
f6ae27552f7c4345,8cc61fe276634742,lead,Streamline 24/7 Systems Advertisement 2024,Advertisement,Clicked,True,2025-03-03,False
5d4a320621b245d0,55c9c9d5e237444c,lead,Generate Global Architectures Content Syndication 2025,Email,Sent,False,2025-04-02,True
1e1341c2d1124211,c4d63c4b69cb46f3,contact,Unleash Ubiquitous Channels Event 2025,Event,Attended,True,2023-08-23,False
500b9b10ecc54b53,878261dfb76c4fe8,contact,Brand Visionary Models Advertisement 2024,Email,Sent,False,2024-11-25,True
1ad6bbec4dc84cd0,6b9fe4129c9e4115,contact,Orchestrate 24/7 Relationships Content Syndication 2024,Content Syndication,Responded,True,2024-11-05,False
07b661bd2927469e,55c9c9d5e237444c,lead,Transition Efficient Deliverables Email 2024,Email,Sent,False,2024-06-30,False
6ff274d62245427b,6f551af0e6e64e0b,lead,Facilitate Web-Enabled Applications Email 2024,Email,Sent,False,2025-04-27,True
c1f1ae774a82426b,34bc546cc797460c,lead,Architect Viral Models Webinar 2024,Email,Sent,False,2024-10-06,False
fad9a5d091664ec2,56197bc9ef734e6f,contact,Architect Customized Partnerships Telemarketing 2024,Telemarketing,Sent,False,2025-01-16,True
39fd7ef066e24eca,e0c14835e4144ac6,lead,Brand Leading-Edge Interfaces Telemarketing 2025,Email,Sent,False,2025-01-17,False
ea33ec47d8d94ee7,074f5cde86474c7b,lead,Drive End-To-End Deliverables Advertisement 2024,Email,Sent,False,2025-04-01,True
27b30cc5f0e3400e,64fd54a58d2a41ed,lead,Iterate Transparent Initiatives Social 2023,Email,Sent,False,2025-04-19,True
a97755e71726490b,e874b3fef9f44a20,lead,Generate B2B Eyeballs Webinar 2023,Webinar,Registered,False,2025-04-22,True
dc6c435c04d144b8,5c9e16370a9e4239,lead,Disintermediate Wireless Applications Content Syndication 2024,Content Syndication,Sent,False,2024-04-01,True
cf625b2a44b34190,c63fc11748f14133,contact,Re-Contextualize B2C Networks Social 2025,Social,Clicked,True,2023-08-04,False
8100b94cd3174d2e,3d22eb58e4b84734,lead,Evolve Extensible Deliverables Webinar 2023,Email,Sent,False,2024-07-31,True
80caecabe2ad4d41,9080f6f09a954df3,contact,Disintermediate Wireless Applications Content Syndication 2024,Content Syndication,Responded,True,2024-05-22,True
dfad8dc7a7144981,c65ca09a99d44d46,contact,Brand Visionary Models Advertisement 2024,Email,Sent,False,2025-01-06,True
c5a3e191a0c24413,906c63dddd2041e3,contact,Embrace Out-Of-The-Box Networks Webinar 2023,Webinar,Attended,True,2024-03-09,True
407dba3ebf8f4feb,a89dc838fb054355,lead,Harness Wireless Communities Content Syndication 2024,Email,Sent,False,2025-01-19,False
0991a9fb3b554c2e,8249636dbb074a18,lead,Unleash Ubiquitous Channels Event 2025,Email,Sent,False,2025-02-25,False
aa33095119084d1c,7b8dae74c12a487f,lead,Transition Efficient Deliverables Email 2024,Email,Sent,False,2025-04-02,True
5a1b5de46b384d88,11615fb8701a40d1,lead,Engage Impactful Portals Webinar 2025,Webinar,No Show,False,2025-04-23,False
486fd0f7af3a43f3,f0fddac0313d4f8c,lead,Engage Impactful Portals Webinar 2025,Email,Sent,False,2025-01-04,False
8cc0ecd7e8ac46dc,f944f068d1b341c9,contact,Streamline 24/7 Systems Advertisement 2024,Advertisement,Clicked,True,2024-10-23,True
779b52c6486a435a,820ceb3523964e88,contact,Re-Contextualize B2C Networks Social 2025,Email,Sent,False,2024-12-30,True
624e3c7b8fd845ee,f65359da5b5641c0,lead,Whiteboard Synergistic Initiatives Email 2025,Email,Sent,False,2025-04-11,True
b5cfff5847154170,cb23f2ad6df04ed7,contact,Matrix Seamless Infrastructures Social 2024,Social,Viewed,False,2025-02-10,False
05a823d23bc24a58,eeb7351d5d714452,lead,Matrix Wireless Solutions Advertisement 2025,Advertisement,Clicked,True,2025-04-23,False
8b86aa3d2f134bfc,9da2c8b1ac1143f9,lead,Unleash Ubiquitous Channels Event 2025,Event,Registered,False,2024-07-18,False
1aee4269cc4d4d37,cc76e2431fcd482c,contact,Evolve Extensible Deliverables Webinar 2023,Webinar,Attended,True,2025-04-10,True
7ae19c0870364ddf,16bd3a8326c74630,lead,Strategize Seamless Vortals Telemarketing 2025,Telemarketing,Responded,True,2025-02-20,True
7155288d1f8f4420,1c9acc1c906d4523,lead,Benchmark Rich Functionalities Event 2024,Event,Registered,False,2025-02-15,True
9cefab99ab05496b,e6fe353aa34e40f1,contact,Mesh Interactive Platforms Advertisement 2023,Advertisement,Clicked,True,2025-04-10,True
bd67f7997edf465d,ac23f9a22f5a4d5a,lead,E-Enable Seamless E-Commerce Event 2025,Event,Registered,False,2023-11-20,True
d5bc18b68ad8422a,b9f8876d931449ff,lead,Evolve Extensible Deliverables Webinar 2023,Webinar,Attended,True,2025-04-20,True
2c70d181b0f04d1b,edaceec9b7ef4729,lead,Nurture Drip Sequence,Email,Sent,False,2025-02-14,True
ee07d91e587b446a,8e2dd02ec5794f61,contact,Revolutionize Value-Added Deliverables Telemarketing 2023,Email,Sent,False,2024-11-25,False
7e97c61c646d42b8,26db812af63f4047,lead,Re-Contextualize Extensible Technologies Email 2023,Email,Sent,False,2023-06-26,False
23f11fc466154fe6,40f9fa74e1f64eac,lead,Drive End-To-End Deliverables Advertisement 2024,Advertisement,Clicked,True,2025-04-08,False
f906cb4079814dfa,50aa4e71898048be,contact,Harness Dynamic Relationships Telemarketing 2023,Telemarketing,Sent,False,2025-01-11,False
174d5a38e3584bfc,26fb5134d77a49a8,lead,Optimize Strategic Supply-Chains Webinar 2023,Webinar,No Show,False,2025-02-02,True
8e5b35d9b21d40c5,4414acb563964586,lead,Facilitate Granular Web-Readiness Telemarketing 2024,Telemarketing,Sent,False,2024-08-26,True
46f555e4cceb481a,f7aa8c544fa94601,lead,Drive Next-Generation Communities Telemarketing 2025,Telemarketing,Responded,True,2025-03-12,False
1ff36b71f19e4f26,d5d61c3a50e44043,contact,Monetize Clicks-And-Mortar Bandwidth Event 2023,Email,Sent,False,2023-09-25,True
25da865ab861468c,c65ca09a99d44d46,contact,Deliver One-To-One Markets Email 2024,Email,Sent,False,2025-04-05,False
251eadf0d0d24fe6,91b3ed7f6b8344d2,lead,Drive Next-Generation Communities Telemarketing 2025,Telemarketing,Sent,False,2024-06-08,True
165d755f754342f8,28d04c644bb94888,lead,Re-Contextualize B2C Networks Social 2025,Email,Sent,False,2025-04-23,False
b81bde16b84840fc,901399c9603a40b2,lead,Facilitate Web-Enabled Applications Email 2024,Email,Clicked,True,2024-09-25,False
0a88d8c17ebf4997,a4d7f4a377374ad5,contact,Brand End-To-End Info-Mediaries Advertisement 2024,Advertisement,Viewed,False,2025-02-22,True
05f98351620a4ba8,8dfaee071d424e98,contact,Embrace Out-Of-The-Box Networks Webinar 2023,Webinar,No Show,False,2023-07-14,True
9adee1bc628d476e,09c9f0fe936e44bf,contact,E-Enable Seamless E-Commerce Event 2025,Email,Sent,False,2025-04-24,False
edcad21b06dd4662,a72d2167f475488f,lead,Generate Global Architectures Content Syndication 2025,Email,Sent,False,2025-04-21,True
33af43442aa641ff,074f5cde86474c7b,lead,Unleash Cutting-Edge E-Markets Content Syndication 2025,Email,Sent,False,2023-09-02,False
effad2e614a643e4,c75985c20800406f,lead,Drive End-To-End Deliverables Advertisement 2024,Advertisement,Clicked,True,2025-04-19,True
52750d3bd6214be6,f0e96d76ce2349ee,contact,Optimize Strategic Supply-Chains Webinar 2023,Webinar,No Show,False,2025-04-07,False
49a678b4605b452e,a4d7f4a377374ad5,contact,E-Enable Out-Of-The-Box Portals Social 2023,Social,Clicked,True,2024-07-07,True
c23f877c1b7e4053,2ac4b09da06a4d0e,contact,Re-Contextualize B2C Networks Social 2025,Social,Clicked,True,2025-03-24,True
7241d454b5a54770,90d53475283f4f71,contact,Evolve Extensible Deliverables Webinar 2023,Email,Sent,False,2025-04-30,False
098ec614f9ee4f17,0aa4bc073e6d43e7,contact,Facilitate Web-Enabled Applications Email 2024,Email,Sent,False,2024-07-29,True
678d6f69810544f5,f7aa8c544fa94601,lead,Facilitate Granular Web-Readiness Telemarketing 2024,Telemarketing,Sent,False,2024-04-21,True
a8284a1c4e5f4940,96e989da68254457,contact,Integrate Open-Source Architectures Webinar 2023,Webinar,Attended,True,2025-03-13,True
b0d4c39522c14068,6dfca0b2a38a4081,contact,Re-Intermediate B2B Interfaces Event 2023,Event,Registered,False,2024-10-10,True
db36e012f9da4e06,e5145b2f85524b1c,lead,Transition Efficient Deliverables Email 2024,Email,Opened,False,2024-11-04,False
6aa9d95062f449a1,aa1d1b0d82c64927,lead,Revolutionize Value-Added Deliverables Telemarketing 2023,Email,Sent,False,2024-12-22,True
e43e945fbeda447f,87b0e6b9f4394918,contact,Brand Visionary Models Advertisement 2024,Advertisement,Viewed,False,2023-07-08,True
0079bbaa9e084f0e,9da2c8b1ac1143f9,lead,Generate Next-Generation Markets Event 2025,Event,Attended,True,2024-04-08,True
c7b4ae2db8aa4183,cced2f11e3604477,contact,Re-Intermediate Visionary Convergence Webinar 2025,Email,Sent,False,2025-04-06,True
bf91f87bfb4041ea,2e32eab771de4fd4,lead,Re-Intermediate Visionary Convergence Webinar 2025,Webinar,Attended,True,2025-04-18,False
4c1f50a0cb664f22,7833119f50b24965,lead,Unleash 24/7 E-Tailers Event 2025,Event,No Show,False,2025-02-22,False
724a2de38e7a44d1,d6a893b59d0f483d,lead,Whiteboard Synergistic Initiatives Email 2025,Email,Opened,False,2025-04-17,True
ba82cda9f1e14710,0e265666c7f340da,lead,E-Enable Seamless E-Commerce Event 2025,Email,Sent,False,2023-09-01,True
1e11a952e93d480c,1980a7068c854572,contact,Integrate Open-Source Architectures Webinar 2023,Email,Sent,False,2025-04-27,False
d51bdeda57684f65,c94051b2ed99411c,lead,Unleash Cutting-Edge E-Markets Content Syndication 2025,Content Syndication,Sent,False,2025-03-12,False
a2b8c675f1064c6a,8dfaee071d424e98,contact,Unleash Ubiquitous Channels Event 2025,Event,No Show,False,2024-12-31,True
19d3a584aadf4104,7e42afa216f549bd,contact,Disintermediate 24/7 Metrics Telemarketing 2024,Telemarketing,Sent,False,2025-04-22,True
ff991258673d4e6f,53b148c040a34d51,lead,Incubate Front-End E-Tailers Telemarketing 2025,Telemarketing,Responded,True,2025-04-16,False
ec84408de0a24099,0b30ac08153448ce,lead,Deliver One-To-One Markets Email 2024,Email,Sent,False,2025-03-18,True
1b2a9067df6b466d,5842cd105f5e46b9,lead,Re-Intermediate B2B Interfaces Event 2023,Event,No Show,False,2025-03-20,True
e16fb66f33d24ca1,b4fb65d391a3419f,contact,Architect Customized Partnerships Telemarketing 2024,Email,Sent,False,2025-04-12,True
7839e49686504128,b9f8876d931449ff,lead,Facilitate Web-Enabled Applications Email 2024,Email,Sent,False,2025-01-16,False
c01f0ba3a08a46cc,4aac9ce850fb4171,lead,Brand End-To-End Info-Mediaries Advertisement 2024,Email,Sent,False,2025-04-07,False
05d019e67d494f62,65a3a630b270477a,lead,Facilitate Web-Enabled Applications Email 2024,Email,Sent,False,2025-02-23,False
f5827bb7df8b4236,b3927f4c1415426c,lead,Orchestrate 24/7 Relationships Content Syndication 2024,Content Syndication,Responded,True,2025-03-31,True
610b49c394464d53,c5f31bf488a34883,contact,Optimize Strategic Supply-Chains Webinar 2023,Email,Sent,False,2025-04-12,False
64f3172f64bf4a20,2bca12bf4b4744b1,lead,Engage Impactful Portals Webinar 2025,Webinar,No Show,False,2025-01-13,True
7c92b11dbb79437c,e2f0708081904733,contact,Generate Global Architectures Content Syndication 2025,Content Syndication,Sent,False,2023-11-23,True
b7245dd5711a40df,edaceec9b7ef4729,lead,Live Webinar Q2 2025,Webinar,Attended,True,2025-01-06,True
77c2b9ad51754a74,61fa38db82654ca5,lead,Brand End-To-End Info-Mediaries Advertisement 2024,Advertisement,Clicked,True,2023-08-23,True
b096d4505c144523,3dd986c8e3fe4891,lead,Monetize Out-Of-The-Box Content Social 2023,Social,Viewed,False,2025-04-05,True
654569fa05624ab2,8211bdcbacd142d7,lead,Unleash Ubiquitous Channels Event 2025,Event,Attended,True,2023-12-11,True
5af9803373154558,cc76e2431fcd482c,contact,Grow Best-Of-Breed Users Event 2024,Event,Registered,False,2025-03-15,True
5c21ee1747f84db4,18f66fedf13f408c,lead,Utilize Visionary Eyeballs Webinar 2023,Webinar,No Show,False,2025-04-04,False
0a20937581574071,b74c7bb8b86c4f39,contact,Strategize Seamless Vortals Telemarketing 2025,Telemarketing,Responded,True,2025-04-22,False
f79794a27d20498c,953dba724da64685,lead,Re-Contextualize B2C Networks Social 2025,Social,Clicked,True,2025-03-04,True
ed8b61c59d1c400d,c65ca09a99d44d46,contact,Incubate Front-End E-Tailers Telemarketing 2025,Email,Sent,False,2025-04-04,True
e37ea5259c9c43df,e2efc031a92542c1,contact,Unleash Ubiquitous Channels Event 2025,Event,Attended,True,2025-03-13,True
51510fdbf65148c9,af8c8d7b450d4e9d,contact,Maximize Bleeding-Edge Convergence Webinar 2023,Webinar,Registered,False,2025-03-16,True
9aec942608684ce0,10d3c9a79c2c4edc,lead,Engage Impactful Portals Webinar 2025,Webinar,Registered,False,2025-01-20,False
46d5ed806c79467e,08393fe814024e3b,contact,Facilitate Web-Enabled Applications Email 2024,Email,Clicked,True,2024-12-20,False
5b1a0cbf5d5c40ef,5e40f28a11be4bf8,lead,Mesh Interactive Platforms Advertisement 2023,Advertisement,Clicked,True,2024-12-07,False
4e73fb64ea744527,eeb7351d5d714452,lead,Brand Leading-Edge Interfaces Telemarketing 2025,Telemarketing,Sent,False,2025-04-26,True
50c6a254a36e433a,6cd7995cd86b4321,lead,Extend Granular Schemas Email 2025,Email,Clicked,True,2024-11-23,True
f39896964fb54c83,bc7ad1bc64c34569,lead,Embrace Out-Of-The-Box Networks Webinar 2023,Webinar,Attended,True,2025-04-05,True
6a8424230a5b4c4b,8e2dd02ec5794f61,contact,Envisioneer Revolutionary Deliverables Content Syndication 2024,Email,Sent,False,2024-08-28,True
f1ecec75085d4f0b,aad116ab6444433e,lead,E-Enable Out-Of-The-Box Portals Social 2023,Social,Viewed,False,2025-02-05,True
fdaf5f4aa177434e,81dec6d84c5545e1,contact,Utilize Back-End Action-Items Advertisement 2025,Email,Sent,False,2025-04-09,True
01a417ae0b12412b,223b349cab564d8a,lead,Facilitate Granular Web-Readiness Telemarketing 2024,Telemarketing,Sent,False,2024-12-28,False
bfb918a0ef064aff,27d652b7a0984a3f,lead,Engage Impactful Portals Webinar 2025,Webinar,Attended,True,2025-02-17,False
bcdf8f447aec4971,0aa4bc073e6d43e7,contact,Harness Wireless Communities Content Syndication 2024,Content Syndication,Responded,True,2025-02-28,True
ae9da6b7da4c4704,9968bb12a175448a,lead,Unleash Cutting-Edge E-Markets Content Syndication 2025,Email,Sent,False,2024-12-29,False
ddeaf6305a0b45d8,9dbe429836044ead,contact,Target Collaborative Paradigms Social 2024,Social,Viewed,False,2025-04-22,False
a702995d3fba4b99,73a96920b76144b9,lead,Re-Contextualize B2C Networks Social 2025,Social,Viewed,False,2024-09-24,True
019385f652144479,3a562041231b4490,contact,Monetize Out-Of-The-Box Content Social 2023,Social,Clicked,True,2025-04-13,True
bc35dc679e6940a1,6f2101b471314300,contact,Streamline Distributed E-Markets Webinar 2023,Email,Sent,False,2023-06-13,True
5faf24755be8400b,ea3610f1901c46d6,lead,Generate Global Architectures Content Syndication 2025,Content Syndication,Responded,True,2025-01-08,False
a2b63175da9c48a2,e5866106d9544a03,contact,Streamline Distributed E-Markets Webinar 2023,Email,Sent,False,2024-06-26,False
8be8f9225dff4f9a,708e08ffce2b4624,contact,Re-Contextualize B2C Networks Social 2025,Email,Sent,False,2023-10-12,False
74d2279f94044b23,10c979587b494efe,lead,Monetize Clicks-And-Mortar Bandwidth Event 2023,Email,Sent,False,2025-04-14,True
a301a3ea78b845a6,efdcb314b58f4714,lead,Grow Best-Of-Breed Users Event 2024,Event,Attended,True,2024-05-04,False
5d61271adc13455a,10dc907c214a4d97,lead,Mesh Interactive Platforms Advertisement 2023,Advertisement,Clicked,True,2025-04-17,False
6c40386618f74779,1127df2172c04f86,contact,Maximize Bleeding-Edge Convergence Webinar 2023,Webinar,No Show,False,2025-04-16,False
172c890df1564f66,1127df2172c04f86,contact,Drive Next-Generation Communities Telemarketing 2025,Telemarketing,Sent,False,2024-12-09,False
eb52d690ca984a43,c1c9b37b5b3a41af,lead,Security Deep Dive Series,Webinar,Attended,True,2025-04-21,True
eac75b54f92442d5,08393fe814024e3b,contact,Grow Best-Of-Breed Users Event 2024,Event,Registered,False,2025-02-07,True
c79d443f18464475,e8865e09409a440f,lead,E-Enable Seamless E-Commerce Event 2025,Email,Sent,False,2024-12-14,True
c90dcdd28a7f497a,4ad46524d9274d05,contact,Unleash 24/7 E-Tailers Event 2025,Event,Registered,False,2025-04-02,True
8f119e6cf4404ef6,6d7279c67c4043c1,lead,Transition Efficient Deliverables Email 2024,Email,Clicked,True,2025-03-14,True
dd9c9c226606468c,b9f8876d931449ff,lead,E-Enable Out-Of-The-Box Portals Social 2023,Social,Viewed,False,2025-04-06,True
0eb418dccbc94aa4,dccee8b900744391,lead,Strategize Seamless Vortals Telemarketing 2025,Telemarketing,Responded,True,2024-12-19,True
dce157c9b0974b06,6af7009d16b544a9,lead,Streamline Distributed E-Markets Webinar 2023,Webinar,Registered,False,2025-04-19,False
a201f7de15794adf,78f90616088a4ca4,lead,Unleash Cutting-Edge E-Markets Content Syndication 2025,Content Syndication,Responded,True,2025-02-01,True
d342a4b19d8c43b0,967c03efb2f64c58,lead,Monetize Clicks-And-Mortar Bandwidth Event 2023,Event,No Show,False,2025-04-30,False
e5841957d8f04c72,3e751658cf3942e2,lead,Unleash 24/7 E-Tailers Event 2025,Event,Attended,True,2025-04-16,True
90542304b0e14272,0fe3d748143a4969,lead,Brand Leading-Edge Interfaces Telemarketing 2025,Telemarketing,Sent,False,2025-01-04,False
05bda1523d424872,f944f068d1b341c9,contact,Harness Dynamic Relationships Telemarketing 2023,Telemarketing,Sent,False,2024-05-04,False
4ae4a221da4843cc,811c5bb83bdb407a,lead,Drive End-To-End Deliverables Advertisement 2024,Advertisement,Clicked,True,2024-11-23,True
a133363a156047d3,b9f8876d931449ff,lead,Monetize Out-Of-The-Box Content Social 2023,Social,Clicked,True,2025-04-18,True
a8a283dbd3a14caf,c5f31bf488a34883,contact,Streamline Distributed E-Markets Webinar 2023,Email,Sent,False,2024-11-12,False
c62e883218fa4b29,d62348854f144843,lead,Drive End-To-End Deliverables Advertisement 2024,Email,Sent,False,2024-07-12,True
01a53803b2c54d5a,c733f0d560e74552,lead,Orchestrate 24/7 Relationships Content Syndication 2024,Content Syndication,Responded,True,2025-03-10,True
85c4d67b513f4d48,58347b37ac194162,contact,Re-Contextualize Extensible Technologies Email 2023,Email,Clicked,True,2025-04-16,False
5d915d41c94641fe,87b0e6b9f4394918,contact,Architect Viral Models Webinar 2024,Webinar,Registered,False,2025-01-31,True
e784cdb3e83542f1,c3fde48d45c44d9b,lead,Optimize Strategic Supply-Chains Webinar 2023,Webinar,Registered,False,2025-02-03,True
e5f7375cf0e9462c,8cc61fe276634742,lead,Harness Dynamic Relationships Telemarketing 2023,Telemarketing,Sent,False,2025-03-29,False
4fbc82fc11ad455b,3a07aefee2d74a30,lead,Generate B2B Eyeballs Webinar 2023,Webinar,No Show,False,2025-04-12,False
d991b86def3649d7,e7674d9456794377,lead,Q4 2023 Security Webinar,Webinar,Registered,False,2024-05-16,False
81fb1ed164894d43,f6f30f828d3b4e72,contact,Engage Impactful Portals Webinar 2025,Webinar,No Show,False,2025-01-21,True
16c02df2bfd1435e,65f97209bb6943b6,contact,Engage Impactful Portals Webinar 2025,Webinar,Attended,True,2024-12-20,True
a61b97a9bfda4c98,dca06f07ba7b4ced,lead,Deliver One-To-One Markets Email 2024,Email,Clicked,True,2025-04-19,False
31eaa879aa9a413c,4e05b0b7d84e468e,lead,Benchmark Rich Functionalities Event 2024,Event,Attended,True,2024-12-18,False
53d0d2a1007b4333,c255c53028a14545,contact,Streamline 24/7 Systems Advertisement 2024,Advertisement,Clicked,True,2025-04-04,False
16e9df0358004e2a,a744724b2a644af4,contact,E-Enable Seamless E-Commerce Event 2025,Event,No Show,False,2023-10-30,True
4b50e480ab644152,382084a4874349f5,lead,Brand Visionary Models Advertisement 2024,Email,Sent,False,2025-03-06,True
343407f8cdad409e,c63fc11748f14133,contact,Streamline Distributed E-Markets Webinar 2023,Webinar,No Show,False,2025-04-26,True
c971f91f9be64265,0fe3d748143a4969,lead,Matrix Seamless Infrastructures Social 2024,Social,Clicked,True,2024-03-10,True
f08e9df2cc464ceb,c0da4e89ac0540cd,contact,Architect Viral Models Webinar 2024,Webinar,No Show,False,2025-04-19,True
5a6f9bfa861b4e80,2e32eab771de4fd4,lead,Envisioneer Holistic Web-Readiness Email 2024,Email,Sent,False,2024-05-15,True
8257296e2187419d,40071fae516d4588,lead,Unleash Ubiquitous Channels Event 2025,Event,No Show,False,2024-02-17,False
0a6ece04a75e4a6e,27d652b7a0984a3f,lead,Unleash 24/7 E-Tailers Event 2025,Event,Attended,True,2024-04-12,True
9e9897eacae34de5,0fe3d748143a4969,lead,Orchestrate 24/7 Relationships Content Syndication 2024,Content Syndication,Sent,False,2025-01-14,True
eb88b5ec7c0b4add,3de3b62bbd374572,contact,Monetize Front-End Web Services Webinar 2024,Webinar,Registered,False,2025-04-29,True
c98c90f344814866,08393fe814024e3b,contact,Orchestrate 24/7 Relationships Content Syndication 2024,Content Syndication,Responded,True,2025-02-17,True
87ab2e3e984c4595,38027b7773b444a2,contact,Utilize Visionary Eyeballs Webinar 2023,Email,Sent,False,2024-11-24,False
11b995437efc48d3,4c46d61b70a040a7,lead,Disintermediate Wireless Applications Content Syndication 2024,Content Syndication,Sent,False,2023-08-20,True
5a6884d063344095,e14a09ec7da74137,contact,Streamline Distributed E-Markets Webinar 2023,Webinar,Registered,False,2024-11-18,True
c0f21657ed144a4c,953dba724da64685,lead,Embrace Out-Of-The-Box Networks Webinar 2023,Webinar,Registered,False,2025-04-15,True
a5165bacd4834fed,fdaf1052efb94fdb,lead,Envisioneer Revolutionary Deliverables Content Syndication 2024,Email,Sent,False,2025-04-06,True
1fe4a11e580e4cb2,9ad1edab361b45a0,lead,Orchestrate 24/7 Relationships Content Syndication 2024,Content Syndication,Sent,False,2025-04-11,True
ff3a2542586744c5,0d97159d8b2c43d1,lead,Utilize Back-End Action-Items Advertisement 2025,Advertisement,Clicked,True,2024-06-30,True
a9d25d37c3ef4a45,586028badf994db9,lead,E-Enable Out-Of-The-Box Portals Social 2023,Email,Sent,False,2025-04-11,True
a92c6a24a27d4202,3a7bb8157db94bfa,lead,Target Collaborative Paradigms Social 2024,Social,Clicked,True,2025-04-13,False
097fc56ddfd14b38,414b6112183144bd,lead,Matrix Seamless Infrastructures Social 2024,Social,Clicked,True,2024-12-14,True
3a601f217d134ccb,f43799fb22e54bf5,lead,Maximize Bleeding-Edge Convergence Webinar 2023,Email,Sent,False,2025-04-20,False
c9fb1556d50a48d0,abc68d63cdce455d,contact,Monetize Out-Of-The-Box Content Social 2023,Social,Viewed,False,2025-01-03,False
233b6924ae9f4707,61fa38db82654ca5,lead,Harness Wireless Communities Content Syndication 2024,Content Syndication,Sent,False,2025-04-14,True
c9e9742e9c5248d4,3de1ba830de74bc6,lead,Orchestrate End-To-End Models Event 2025,Email,Sent,False,2025-04-21,True
d365419badc64070,325e681919624ea9,lead,Evolve Extensible Deliverables Webinar 2023,Webinar,No Show,False,2024-05-13,True
37743df2a98e463f,ff3588bc2062471d,lead,E-Enable Seamless E-Commerce Event 2025,Email,Sent,False,2025-01-11,False
cff952a5e0444b63,53b148c040a34d51,lead,Unleash Ubiquitous Channels Event 2025,Event,Registered,False,2025-04-10,True
bb8a8e4a982443a3,72e2e2794c6f4d88,lead,Grow Best-Of-Breed Users Event 2024,Event,No Show,False,2024-12-07,True
2f7b9fbb4434426e,aa1d1b0d82c64927,lead,Generate Global Architectures Content Syndication 2025,Email,Sent,False,2025-03-16,False
0e33eb604f1f492e,4aac9ce850fb4171,lead,E-Enable Out-Of-The-Box Portals Social 2023,Email,Sent,False,2023-06-07,True
24044d2b9ee04397,fd5df32368e240ef,lead,Matrix Seamless Infrastructures Social 2024,Email,Sent,False,2024-03-28,True
1c7a4cab181e46b7,3a562041231b4490,contact,Grow Best-Of-Breed Users Event 2024,Event,No Show,False,2025-03-10,True
58acd09d9d0c4f26,8c2c1549327b4f3a,contact,Architect Customized Partnerships Telemarketing 2024,Telemarketing,Sent,False,2023-11-05,True
e6920dfe4db84825,ba9c502883e04267,contact,Brand Visionary Models Advertisement 2024,Email,Sent,False,2025-04-15,True
3c6041525e3b450d,eeb7351d5d714452,lead,Utilize Back-End Action-Items Advertisement 2025,Advertisement,Viewed,False,2023-10-20,False
9523f52d8a60490a,81dec6d84c5545e1,contact,Engage Impactful Portals Webinar 2025,Email,Sent,False,2025-04-08,False
5f8e1cb7c6c141c0,40071fae516d4588,lead,Evolve E-Business Markets Webinar 2023,Webinar,No Show,False,2025-04-11,True
b2b7849e280d49cf,1b690874435840a4,lead,Orchestrate End-To-End Models Event 2025,Event,Attended,True,2025-04-05,True
6ed352da31e841c9,6f700a51bf594b00,lead,Re-Contextualize B2C Networks Social 2025,Social,Viewed,False,2025-04-24,True
4cc890845e574b80,3f61e90d70704b2c,lead,Target Collaborative Paradigms Social 2024,Email,Sent,False,2024-12-11,True
0ac0a93a87b2414b,297bb252619c48fb,lead,Extend Granular Schemas Email 2025,Email,Sent,False,2025-04-16,False
d963aa078cfb472e,5842cd105f5e46b9,lead,Unleash 24/7 E-Tailers Event 2025,Event,Attended,True,2025-04-21,False
58fab4517a7247d4,50aa4e71898048be,contact,Re-Contextualize Extensible Technologies Email 2023,Email,Sent,False,2023-05-13,False
d15131be7eeb4bbc,cb8ec59aaf3e46d3,lead,Revolutionize Value-Added Deliverables Telemarketing 2023,Telemarketing,Sent,False,2025-04-21,True
365fab22902840ac,fdeded0c7f814b39,contact,Engineer Robust Web Services Event 2024,Email,Sent,False,2023-10-20,False
3f5b37e120d94882,f43799fb22e54bf5,lead,Embrace Out-Of-The-Box Networks Webinar 2023,Email,Sent,False,2025-01-24,True
3ec5f478dec4454e,55c9c9d5e237444c,lead,Grow Best-Of-Breed Users Event 2024,Email,Sent,False,2025-04-01,True
8b4e3f8f31894419,5a1a8de319284d1c,lead,Architect Viral Models Webinar 2024,Email,Sent,False,2025-02-03,False
ec615df4d0ce4c16,384291ce34534af3,lead,E-Enable Out-Of-The-Box Portals Social 2023,Social,Viewed,False,2024-03-28,False
9dd87f891edc4e03,cbacc91fb18a4005,lead,E-Enable Seamless E-Commerce Event 2025,Email,Sent,False,2025-01-13,True
ae292a9305e04b60,708e08ffce2b4624,contact,Benchmark Rich Functionalities Event 2024,Email,Sent,False,2023-07-24,True
219a516f5abc4229,9f8217a6752546b4,lead,Re-Intermediate B2B Interfaces Event 2023,Email,Sent,False,2025-04-16,False
771ff53481ce41c8,293082c6f08e48d3,contact,Brand Visionary Models Advertisement 2024,Advertisement,Clicked,True,2024-11-03,True
062fc47d82064ce2,10d4d52fa7b64286,lead,Incubate Front-End E-Tailers Telemarketing 2025,Telemarketing,Sent,False,2025-01-12,True
1af52dd2c264486c,a75b4ef3236749f8,contact,Mesh Interactive Platforms Advertisement 2023,Advertisement,Viewed,False,2025-03-07,False
0a7b48c6fd384e3a,1a6ed02276474d50,contact,Re-Intermediate B2B Interfaces Event 2023,Email,Sent,False,2024-10-16,True
39fb97bee8394f3c,43e2fdd56a854f1c,contact,Integrate Open-Source Architectures Webinar 2023,Webinar,Registered,False,2025-01-15,True
6f7d94627036498e,8cc61fe276634742,lead,Whiteboard Synergistic Initiatives Email 2025,Email,Sent,False,2023-09-04,True
2d64bc1d2ab14931,2db7a24dd22e4d5a,contact,Integrate Open-Source Architectures Webinar 2023,Webinar,Attended,True,2023-12-29,False
fd510d91e5ba42f0,17bb523cf8284b56,lead,Brand Visionary Models Advertisement 2024,Advertisement,Viewed,False,2024-08-07,True
a8d2214e381a48f7,87327822404145c3,lead,Evolve E-Business Markets Webinar 2023,Email,Sent,False,2024-11-04,False
a0f88fa167034d8b,3f61e90d70704b2c,lead,Disintermediate 24/7 Metrics Telemarketing 2024,Email,Sent,False,2025-04-19,False
0c9b104e8ba64703,153d63dc505f4cad,contact,E-Enable Out-Of-The-Box Portals Social 2023,Social,Viewed,False,2025-02-12,False
f6101ce743e848b3,9642116fc89c4e04,lead,E-Enable Seamless E-Commerce Event 2025,Event,Registered,False,2024-09-21,False
86f80b7ff03d46bf,c3fde48d45c44d9b,lead,Generate Global Architectures Content Syndication 2025,Content Syndication,Sent,False,2023-11-23,False
53e3a1b798ad4947,cae1c536432447b3,contact,Revolutionize Value-Added Deliverables Telemarketing 2023,Telemarketing,Responded,True,2025-01-14,True
bc654277c8de48b5,76814aef8eb041cb,contact,Matrix Wireless Solutions Advertisement 2025,Advertisement,Viewed,False,2024-05-28,False
7817959b9ece4129,2aef14af217d4baa,lead,Generate Next-Generation Markets Event 2025,Event,No Show,False,2025-04-08,False
9b87a28bc502496f,41c0292714dd4caf,contact,Architect Viral Models Webinar 2024,Webinar,Attended,True,2024-07-08,True
4973a59ca3154886,02101115a2bd45d1,contact,Streamline 24/7 Systems Advertisement 2024,Advertisement,Clicked,True,2025-04-12,False
9e1bcb9e1a844994,a75b4ef3236749f8,contact,Target Collaborative Paradigms Social 2024,Social,Viewed,False,2025-04-27,True
af2ea6d465b842ec,a8795b37e8d549df,lead,Mesh Interactive Platforms Advertisement 2023,Advertisement,Clicked,True,2025-02-06,False
5083d9000f2041ce,153d63dc505f4cad,contact,Unleash 24/7 E-Tailers Event 2025,Event,No Show,False,2024-11-25,True
124c6139271c4b71,08dd399a64b6426d,contact,Incubate Front-End E-Tailers Telemarketing 2025,Telemarketing,Responded,True,2025-04-10,True
2efbdf36ea8a47c5,d4c9844a1c9f4ade,contact,Generate Global Architectures Content Syndication 2025,Content Syndication,Responded,True,2025-04-12,False
74089f1a723f4c2d,2eb104fc6a944a08,contact,Utilize Visionary Eyeballs Webinar 2023,Webinar,No Show,False,2024-04-18,True
2860be7cec9c4a79,d51df535d7f8447e,contact,Streamline Distributed E-Markets Webinar 2023,Email,Sent,False,2025-04-10,False
5fc561860b934c97,40cefd399eca43ec,lead,Target Collaborative Paradigms Social 2024,Social,Clicked,True,2024-09-06,False
633b8ab3e4204fa7,79caf699ab584fed,lead,E-Enable Out-Of-The-Box Portals Social 2023,Social,Viewed,False,2025-04-16,True
54e3deede8b84c0c,4069501f26784bb8,lead,Re-Intermediate B2B Interfaces Event 2023,Event,No Show,False,2025-04-04,True
8e4dc1ea939c4470,3a07aefee2d74a30,lead,Evolve Extensible Deliverables Webinar 2023,Webinar,Attended,True,2025-04-02,False
d525cc0ab82b4610,bd63086e621b4ab8,contact,Re-Contextualize Extensible Technologies Email 2023,Email,Sent,False,2025-04-19,True
f3aefe448fe74675,d470dfac3c6544d9,lead,Envisioneer Holistic Web-Readiness Email 2024,Email,Sent,False,2023-07-10,False
32dbddbd42b24a30,501f47ca096e4ea3,lead,Deliver One-To-One Markets Email 2024,Email,Sent,False,2025-04-16,True
a988936453b04773,90c6f58cf2144ff9,contact,Streamline 24/7 Systems Advertisement 2024,Email,Sent,False,2025-01-28,False
ce760b80c6414d20,4023c4102aed411a,contact,Unleash 24/7 E-Tailers Event 2025,Email,Sent,False,2025-04-12,False
732f43c8b20f427a,29a68e6027dc4cf3,lead,Streamline Distributed E-Markets Webinar 2023,Webinar,No Show,False,2024-01-22,True
c720ac5ee4aa4121,53b148c040a34d51,lead,Monetize Front-End Web Services Webinar 2024,Webinar,Registered,False,2025-04-19,True
da813c1c75f54d56,65f97209bb6943b6,contact,Optimize Strategic Supply-Chains Webinar 2023,Webinar,Registered,False,2025-04-11,False
3b18bcde7f324b79,44b6509d6c7f4310,lead,Mesh Interactive Platforms Advertisement 2023,Advertisement,Viewed,False,2023-09-24,True
dcae22888f504fad,18008446d0694e6d,lead,Unleash Cutting-Edge E-Markets Content Syndication 2025,Content Syndication,Sent,False,2025-04-25,True
bcd71ac0b7264342,edaceec9b7ef4729,lead,Nurture Drip Sequence,Email,Sent,False,2024-11-24,True
bfc972a4f7ef40cc,d5d61c3a50e44043,contact,Evolve Extensible Deliverables Webinar 2023,Email,Sent,False,2024-11-02,False
505e4a73b93b4290,b3927f4c1415426c,lead,Re-Intermediate B2B Interfaces Event 2023,Event,Registered,False,2025-02-26,True
00082f634edf4f75,96e989da68254457,contact,Architect Viral Models Webinar 2024,Webinar,No Show,False,2023-08-28,True
2144be06106042f5,c0b09f264b574fae,lead,Monetize Front-End Web Services Webinar 2024,Webinar,No Show,False,2025-04-21,True
293e16f3a2734a26,a5bda53840fc4022,lead,Matrix Seamless Infrastructures Social 2024,Social,Clicked,True,2025-04-12,True
8f698aba8ec34ebf,074f5cde86474c7b,lead,E-Enable Out-Of-The-Box Portals Social 2023,Email,Sent,False,2025-04-24,True
1c948647e121457e,09bc0e068421492d,lead,Drive End-To-End Deliverables Advertisement 2024,Advertisement,Viewed,False,2024-04-30,True
193bef310f884c32,d2157d96ad524a23,lead,Embrace Out-Of-The-Box Networks Webinar 2023,Email,Sent,False,2025-02-12,False
c00e0e5440c94c0d,b99257da63be4c54,lead,Brand Leading-Edge Interfaces Telemarketing 2025,Telemarketing,Sent,False,2024-02-09,True
4caf1d18fc114423,adce8665be49405a,lead,Evolve Extensible Deliverables Webinar 2023,Webinar,No Show,False,2025-04-29,True
2e9453d40fc34191,e99c38f305104f2f,lead,Facilitate Granular Web-Readiness Telemarketing 2024,Telemarketing,Sent,False,2023-08-01,True
2d0c6dc2a5b14cb5,c5f31bf488a34883,contact,Drive Next-Generation Communities Telemarketing 2025,Email,Sent,False,2024-12-10,True
b85e51f9ae3e402f,1170eb0c4d63453d,lead,Benchmark Rich Functionalities Event 2024,Email,Sent,False,2024-02-19,True
f6e1c20d40f74b7d,76bf69e3ae184839,contact,Streamline Distributed E-Markets Webinar 2023,Webinar,Attended,True,2025-04-14,False
558fcad879a24d1c,ffe683e2820a4899,lead,Brand Visionary Models Advertisement 2024,Advertisement,Viewed,False,2023-09-15,True
9a05871cd7db4aa8,431d46feda7f48eb,lead,Orchestrate End-To-End Models Event 2025,Event,Attended,True,2025-04-02,True
37b992aa0083438a,d470dfac3c6544d9,lead,Evolve Extensible Deliverables Webinar 2023,Webinar,No Show,False,2025-02-23,False
c7f0dd55d3954319,29749fd8a29b4cc9,lead,Disintermediate Wireless Applications Content Syndication 2024,Email,Sent,False,2025-04-03,True
f8946a6a09644202,b3927f4c1415426c,lead,E-Enable Out-Of-The-Box Portals Social 2023,Social,Viewed,False,2025-04-05,False
aece32c24a87401e,dccee8b900744391,lead,Envisioneer Revolutionary Deliverables Content Syndication 2024,Content Syndication,Responded,True,2023-07-17,True
96f7b364606a4f5e,45934305f11e4b62,lead,Generate Global Architectures Content Syndication 2025,Content Syndication,Responded,True,2023-11-08,False
1125f535416b4fab,185ab818f2a94f8b,contact,Matrix Wireless Solutions Advertisement 2025,Email,Sent,False,2023-11-29,True
67cd4ac6e68a42e1,ce300319779040cb,lead,Matrix Wireless Solutions Advertisement 2025,Email,Sent,False,2024-12-14,True
92e0d93f5cd54e5c,4069501f26784bb8,lead,Re-Intermediate Visionary Convergence Webinar 2025,Webinar,Attended,True,2024-09-06,False
c396ac0c6f0741f3,97c325d1ea5f44f8,lead,Optimize Strategic Supply-Chains Webinar 2023,Webinar,Attended,True,2023-10-08,True
99f4898dfd8a4fbf,e2f0708081904733,contact,Unleash Cutting-Edge E-Markets Content Syndication 2025,Content Syndication,Sent,False,2024-10-30,True
4bfc96e483364705,cbacc91fb18a4005,lead,Brand Leading-Edge Interfaces Telemarketing 2025,Email,Sent,False,2025-02-20,False
df30388af9dd46d6,c1bbdc2f42804547,lead,E-Enable Out-Of-The-Box Portals Social 2023,Social,Viewed,False,2025-04-25,True
e591c191fda744e7,afb27362d94744e3,contact,Streamline Distributed E-Markets Webinar 2023,Webinar,Registered,False,2025-01-20,True
9566ca81b5fd47d7,09c9f0fe936e44bf,contact,Extend Granular Schemas Email 2025,Email,Sent,False,2024-05-12,True
cc999f732edf415a,55c9c9d5e237444c,lead,Re-Intermediate B2B Interfaces Event 2023,Email,Sent,False,2025-04-10,False
4e826d2acd8a4bba,414b6112183144bd,lead,Embrace Out-Of-The-Box Networks Webinar 2023,Webinar,No Show,False,2024-06-23,False
9891738cd3e44c81,d470dfac3c6544d9,lead,Drive End-To-End Deliverables Advertisement 2024,Advertisement,Viewed,False,2025-04-25,True
c835ba963c734630,ee88dcaf0fd644e0,lead,Target Collaborative Paradigms Social 2024,Email,Sent,False,2025-02-02,False
a68219e802e547cc,bda770a739914610,contact,Brand Leading-Edge Interfaces Telemarketing 2025,Email,Sent,False,2024-10-03,True
7809f74b10fb4bb4,2aef14af217d4baa,lead,Target Collaborative Paradigms Social 2024,Social,Viewed,False,2023-07-16,True
b508e5c756c742c7,47e10e9023ab4e4d,contact,Unleash Ubiquitous Channels Event 2025,Email,Sent,False,2025-04-16,True
16d73e2699ea4f06,ec53f881c37642e6,contact,Matrix Wireless Solutions Advertisement 2025,Advertisement,Clicked,True,2024-12-30,True
54fe6ed249cc4795,9dd0cecced544ec3,lead,Monetize Front-End Web Services Webinar 2024,Webinar,Registered,False,2025-04-25,True
9392f91f315b4d1b,1b690874435840a4,lead,Harness Dynamic Relationships Telemarketing 2023,Telemarketing,Responded,True,2025-02-23,True
e0ad37c8bb4b4f1f,5a1a8de319284d1c,lead,Revolutionize Value-Added Deliverables Telemarketing 2023,Email,Sent,False,2024-12-19,False
4f28cb00f54a4ac5,1e3b3a3e36184585,lead,Unleash 24/7 E-Tailers Event 2025,Event,Attended,True,2025-04-08,False
505f1fc1b6fe4f5f,7833119f50b24965,lead,Generate Next-Generation Markets Event 2025,Event,Attended,True,2025-01-02,True
69a5f0a785e944ca,c94051b2ed99411c,lead,Brand Visionary Models Advertisement 2024,Advertisement,Viewed,False,2025-03-16,False
7bfba6844df44aca,87b0e6b9f4394918,contact,Deliver One-To-One Markets Email 2024,Email,Clicked,True,2023-06-05,False
f44cba5421d94562,f238d76424b049a7,lead,Re-Contextualize Extensible Technologies Email 2023,Email,Opened,False,2024-12-04,True
cf21fd025daa4f69,185ab818f2a94f8b,contact,Orchestrate End-To-End Models Event 2025,Email,Sent,False,2025-02-08,True
91ea162cbfb2498e,3a07aefee2d74a30,lead,Mesh Interactive Platforms Advertisement 2023,Advertisement,Viewed,False,2024-11-18,False
b955916bb91a4a71,26db812af63f4047,lead,Unleash 24/7 E-Tailers Event 2025,Email,Sent,False,2025-04-15,True
f09aea8918a04bf6,b5ed456940324d7b,lead,Drive Next-Generation Communities Telemarketing 2025,Telemarketing,Responded,True,2025-04-26,False
06073808f1154ac0,7b8dae74c12a487f,lead,Generate Next-Generation Markets Event 2025,Event,Attended,True,2025-04-16,False
fdd25e35fb554c78,87b0e6b9f4394918,contact,Optimize Strategic Supply-Chains Webinar 2023,Webinar,Attended,True,2024-11-30,False
25bf464aeda640b0,6f700a51bf594b00,lead,Monetize Out-Of-The-Box Content Social 2023,Social,Viewed,False,2025-04-09,True
4caca0824fb24b5c,1e3b3a3e36184585,lead,Orchestrate End-To-End Models Event 2025,Event,Attended,True,2024-01-30,False
dac4cefcfe004c07,408cd0f47fdf4d3b,lead,Harness Dynamic Relationships Telemarketing 2023,Telemarketing,Sent,False,2025-04-19,True
62f6c06c1d074ac5,2e32eab771de4fd4,lead,Disintermediate 24/7 Metrics Telemarketing 2024,Telemarketing,Sent,False,2025-04-20,True
d7e234e72d0a494b,e79ae282252a44a9,contact,Maximize Bleeding-Edge Convergence Webinar 2023,Webinar,Attended,True,2025-04-19,True
6e5f560e984f400b,6f89ecf90a59414b,lead,Harness Wireless Communities Content Syndication 2024,Content Syndication,Sent,False,2025-04-14,True
3fb92944f8964373,0fe3d748143a4969,lead,Re-Intermediate B2B Interfaces Event 2023,Event,No Show,False,2025-04-11,False
0c6b9bed95084935,3de1ba830de74bc6,lead,Orchestrate 24/7 Relationships Content Syndication 2024,Email,Sent,False,2025-04-09,True
5eb2424062c04a35,cf6c7be59e3e48ed,contact,Disintermediate Wireless Applications Content Syndication 2024,Content Syndication,Sent,False,2024-07-10,True
ea64fe7eb9114bfc,7344345ee68041bd,lead,Harness Wireless Communities Content Syndication 2024,Email,Sent,False,2025-01-23,False
352d3244b78d4a01,4aac9ce850fb4171,lead,Grow Best-Of-Breed Users Event 2024,Email,Sent,False,2024-12-12,True
0225302ceffb4686,cf6c7be59e3e48ed,contact,Mesh Interactive Platforms Advertisement 2023,Advertisement,Clicked,True,2025-04-08,True
6c6d37d46ffc42a0,b174785c457a42d6,contact,Monetize Out-Of-The-Box Content Social 2023,Email,Sent,False,2025-02-16,True
894e4914963d4b71,c5f31bf488a34883,contact,Facilitate Granular Web-Readiness Telemarketing 2024,Email,Sent,False,2025-02-21,False
162e0507cd594f51,5534e851b60b410d,lead,Re-Intermediate Visionary Convergence Webinar 2025,Webinar,Registered,False,2024-03-30,True
3f5ffa2148044177,c3fde48d45c44d9b,lead,Orchestrate End-To-End Models Event 2025,Event,Registered,False,2023-11-26,False
3e3e6a229d504bfe,14e4186a11ee4dfc,lead,Integrate Open-Source Architectures Webinar 2023,Email,Sent,False,2024-11-25,True
d080c9c6532046d7,2864e38fca2b4a35,lead,Re-Contextualize Extensible Technologies Email 2023,Email,Clicked,True,2023-06-22,False
88e5dfcc47a24747,40f9fa74e1f64eac,lead,Envisioneer Revolutionary Deliverables Content Syndication 2024,Content Syndication,Sent,False,2025-02-27,True
f918373983cc40b3,10c979587b494efe,lead,Harness Wireless Communities Content Syndication 2024,Email,Sent,False,2025-04-03,True
875e9f88a5c8435d,6dfca0b2a38a4081,contact,Engineer Robust Web Services Event 2024,Event,Attended,True,2024-06-07,False
581ad236af7247ed,f6f30f828d3b4e72,contact,Target Collaborative Paradigms Social 2024,Social,Clicked,True,2024-09-16,False
3802cdc5c1724bd3,79ae9be297ac4ed8,lead,Brand Leading-Edge Interfaces Telemarketing 2025,Telemarketing,Sent,False,2025-04-19,True
28751e06b6314291,3a7bb8157db94bfa,lead,Drive Next-Generation Communities Telemarketing 2025,Telemarketing,Responded,True,2023-10-18,False
41c7b0f326834e5b,ce8259b115c04b79,contact,Utilize Back-End Action-Items Advertisement 2025,Email,Sent,False,2024-11-09,True
a516b0a7bca447b3,250ae1b20d1b4f6d,contact,Monetize Front-End Web Services Webinar 2024,Email,Sent,False,2025-04-27,True
324aed5d9ca14ea8,8288ffdc45e44ba3,contact,Monetize Clicks-And-Mortar Bandwidth Event 2023,Event,Attended,True,2025-04-20,True
f209f8a3676c4b8b,43e2fdd56a854f1c,contact,Re-Intermediate Visionary Convergence Webinar 2025,Webinar,Registered,False,2025-04-04,True
2a264e9114f146a2,6cd7995cd86b4321,lead,Target Collaborative Paradigms Social 2024,Social,Clicked,True,2025-02-27,True
7bce18fd7e1849d0,3a562041231b4490,contact,Architect Viral Models Webinar 2024,Webinar,No Show,False,2025-03-28,True
c72a45eacdd04bbf,d5d61c3a50e44043,contact,Orchestrate End-To-End Models Event 2025,Email,Sent,False,2024-08-27,False
9ca78f3eaf0347fe,f108d9f379c3434c,lead,Revolutionize Value-Added Deliverables Telemarketing 2023,Telemarketing,Responded,True,2025-04-10,True
68553782c069426a,b4fb65d391a3419f,contact,Re-Contextualize B2C Networks Social 2025,Email,Sent,False,2023-06-25,False
bad4b1ab2f3b4e5b,9c20faaa55be4c53,lead,Envisioneer Holistic Web-Readiness Email 2024,Email,Sent,False,2024-05-17,False
9ab1d97149524079,1127df2172c04f86,contact,Generate Next-Generation Markets Event 2025,Event,Registered,False,2025-02-19,False
dc6d37a1c6644fe4,0fe3d748143a4969,lead,Revolutionize Value-Added Deliverables Telemarketing 2023,Telemarketing,Sent,False,2024-12-17,True
3477c438d5b64b69,eeb7351d5d714452,lead,E-Enable Out-Of-The-Box Portals Social 2023,Social,Viewed,False,2024-01-04,True
914871430c5545b6,382084a4874349f5,lead,Redefine Cross-Media Synergies Webinar 2023,Email,Sent,False,2025-04-22,True
7b8e3b8e18184eb1,c3e0be5d27eb4009,lead,Generate B2B Eyeballs Webinar 2023,Webinar,No Show,False,2025-04-12,False
c1745c40a1534fcb,250ae1b20d1b4f6d,contact,Embrace Out-Of-The-Box Networks Webinar 2023,Email,Sent,False,2024-10-08,False
1b2d85aa925e4603,7cd529b5a8f64595,contact,Matrix Wireless Solutions Advertisement 2025,Advertisement,Viewed,False,2025-01-01,True
15f4065fbaa04bc2,1d002fd3efd14e19,contact,Monetize Clicks-And-Mortar Bandwidth Event 2023,Event,Registered,False,2023-10-03,False
75533a819610491d,7d6f011f12664f23,contact,Streamline Distributed E-Markets Webinar 2023,Webinar,Registered,False,2024-12-21,True
f7f7d78f3a354b2e,c94051b2ed99411c,lead,Generate Next-Generation Markets Event 2025,Event,No Show,False,2025-04-27,False
a080957e42874acc,64fd54a58d2a41ed,lead,Engage Impactful Portals Webinar 2025,Email,Sent,False,2023-07-11,True
9ea4f4cc36194961,e6ebe9c1fb754f85,contact,Iterate Transparent Initiatives Social 2023,Social,Clicked,True,2023-10-31,False
34173e4aec12487d,e5866106d9544a03,contact,Generate Next-Generation Markets Event 2025,Email,Sent,False,2025-04-17,True
21dccbcd44694de7,02101115a2bd45d1,contact,Re-Contextualize B2C Networks Social 2025,Social,Clicked,True,2024-05-17,True
965f6806fa3d4a0e,2864e38fca2b4a35,lead,Target Collaborative Paradigms Social 2024,Social,Clicked,True,2025-04-30,True
a16aa65225bf477b,8ea8b95233b04730,contact,Revolutionize Value-Added Deliverables Telemarketing 2023,Email,Sent,False,2025-04-05,True
350daca4757d4877,10dc907c214a4d97,lead,Re-Contextualize Extensible Technologies Email 2023,Email,Clicked,True,2025-04-07,True
b3552691924e4cf4,a72d2167f475488f,lead,Orchestrate End-To-End Models Event 2025,Email,Sent,False,2025-04-03,True
80eb4108b3a349f7,685651ac361540d8,lead,Utilize Back-End Action-Items Advertisement 2025,Advertisement,Viewed,False,2024-12-19,True
f29c0838b2374118,7b8dae74c12a487f,lead,Extend Granular Schemas Email 2025,Email,Clicked,True,2025-04-07,True
f9f4fd8d5f8d4898,40071fae516d4588,lead,Re-Contextualize B2C Networks Social 2025,Social,Clicked,True,2025-04-11,True
cae892b8623a41e1,2fd6518a5f314436,contact,Orchestrate 24/7 Relationships Content Syndication 2024,Email,Sent,False,2025-04-07,False
b02d0f0683b74aa2,3a7bb8157db94bfa,lead,Drive Next-Generation Communities Telemarketing 2025,Telemarketing,Responded,True,2024-08-24,False
a91c836beb064ad1,cc76e2431fcd482c,contact,Embrace Out-Of-The-Box Networks Webinar 2023,Webinar,Attended,True,2025-04-28,False
b0c4bd5da4ea4385,9da2c8b1ac1143f9,lead,Unleash Ubiquitous Channels Event 2025,Event,No Show,False,2024-07-17,True
634a283653ad4d01,10dc907c214a4d97,lead,Maximize Bleeding-Edge Convergence Webinar 2023,Webinar,Attended,True,2025-02-14,False
d5c6ff0d253b41a1,0c80519f63164502,contact,Generate B2B Eyeballs Webinar 2023,Email,Sent,False,2025-02-07,True
a60bc98aa6d0432c,29749fd8a29b4cc9,lead,Monetize Clicks-And-Mortar Bandwidth Event 2023,Email,Sent,False,2023-08-04,True
28f60cdaecd74b06,ca3a7ab389184b2f,lead,Strategize Seamless Vortals Telemarketing 2025,Telemarketing,Responded,True,2025-04-01,True
131a387470704e55,3de3b62bbd374572,contact,Brand End-To-End Info-Mediaries Advertisement 2024,Advertisement,Viewed,False,2025-04-25,False
f4a96056918c4346,32e961efb8e64d0a,contact,Envisioneer Holistic Web-Readiness Email 2024,Email,Opened,False,2024-12-01,False
ab8754572d2c4934,55c9c9d5e237444c,lead,Optimize Strategic Supply-Chains Webinar 2023,Email,Sent,False,2023-08-30,True
23986ae195624a29,672d20b5dd8c4201,lead,E-Enable Out-Of-The-Box Portals Social 2023,Social,Clicked,True,2025-03-06,True
6278af2ce6d649a4,4e05b0b7d84e468e,lead,Embrace Out-Of-The-Box Networks Webinar 2023,Webinar,Registered,False,2023-05-11,False
69312781faa640e0,14e87529bf5443a7,contact,Target Mission-Critical Eyeballs Content Syndication 2025,Content Syndication,Responded,True,2024-12-13,False
52220342bfe6497c,bda770a739914610,contact,Maximize Bleeding-Edge Convergence Webinar 2023,Email,Sent,False,2024-07-31,False
33deca3c8c7442a2,811c5bb83bdb407a,lead,Grow Best-Of-Breed Users Event 2024,Event,Attended,True,2025-03-25,True
55e73d6f42514c40,ff5982f5b3f6458b,lead,Re-Contextualize Extensible Technologies Email 2023,Email,Sent,False,2025-01-07,True
218cecdb6507426f,20833a3166e9463c,lead,Utilize Back-End Action-Items Advertisement 2025,Advertisement,Clicked,True,2024-03-21,False
dcd0a18d14ce48e0,7d6f011f12664f23,contact,Revolutionize Value-Added Deliverables Telemarketing 2023,Telemarketing,Responded,True,2025-04-30,False
ceaf8247f8c04b39,8e330830f7ec44fd,lead,Matrix Wireless Solutions Advertisement 2025,Email,Sent,False,2024-06-25,True
25c56440724044ed,419d033ac92c4732,lead,Transition Efficient Deliverables Email 2024,Email,Clicked,True,2024-06-04,True
37949bfa29c8435b,edaceec9b7ef4729,lead,Nurture Drip Sequence,Email,Sent,False,2025-03-03,True
79526df59b1e4667,9dd0cecced544ec3,lead,Disintermediate 24/7 Metrics Telemarketing 2024,Telemarketing,Responded,True,2024-05-23,True
13722446aead49fa,5c9e16370a9e4239,lead,Monetize Out-Of-The-Box Content Social 2023,Social,Clicked,True,2024-12-14,False
9950ceca0d98443e,7e42afa216f549bd,contact,Generate Next-Generation Markets Event 2025,Event,Attended,True,2023-07-21,True
0b78c3c4e5aa472c,44b6509d6c7f4310,lead,Drive Next-Generation Communities Telemarketing 2025,Telemarketing,Responded,True,2025-04-22,True
db898d48cf824c27,907b17412ee84ec4,lead,Target Mission-Critical Eyeballs Content Syndication 2025,Content Syndication,Responded,True,2025-04-06,True
0999e3b761af4cf8,c255c53028a14545,contact,Whiteboard Synergistic Initiatives Email 2025,Email,Opened,False,2023-10-25,True
a374eb4d708248a4,eb345aeb9b474871,contact,Envisioneer Revolutionary Deliverables Content Syndication 2024,Email,Sent,False,2023-11-08,True
f3f6d4cb7072482f,90c6f58cf2144ff9,contact,Unleash Ubiquitous Channels Event 2025,Email,Sent,False,2024-01-04,True
b2be72681bc24df0,eeb7351d5d714452,lead,Brand Visionary Models Advertisement 2024,Advertisement,Clicked,True,2024-05-17,False
993be71074e04102,4023c4102aed411a,contact,Re-Intermediate B2B Interfaces Event 2023,Email,Sent,False,2025-04-13,False
0c98956a03f046d6,90c6f58cf2144ff9,contact,Utilize Visionary Eyeballs Webinar 2023,Email,Sent,False,2025-04-16,False
c175e6120fc54472,55c9c9d5e237444c,lead,Matrix Seamless Infrastructures Social 2024,Email,Sent,False,2025-04-30,True
e19a6b26f4f34b5f,382084a4874349f5,lead,Grow Best-Of-Breed Users Event 2024,Email,Sent,False,2024-05-15,False
8ed727a16339422b,09bc0e068421492d,lead,Monetize Out-Of-The-Box Content Social 2023,Social,Viewed,False,2025-04-04,True
08d32970b5d64907,a4a4341a54c846f6,lead,Harness Wireless Communities Content Syndication 2024,Content Syndication,Sent,False,2025-01-09,True
a984616c1c3d4622,02101115a2bd45d1,contact,Architect Viral Models Webinar 2024,Webinar,Attended,True,2025-02-09,False
f6e6380850884fb0,d62348854f144843,lead,Unleash Ubiquitous Channels Event 2025,Email,Sent,False,2024-12-16,False
9ee5e448d43547c5,9c20faaa55be4c53,lead,Generate B2B Eyeballs Webinar 2023,Email,Sent,False,2024-11-28,True
995b853e0d6c4489,652802bd91274e89,contact,Redefine Cross-Media Synergies Webinar 2023,Email,Sent,False,2025-04-24,False
ccda1228e9524b2c,cf6c7be59e3e48ed,contact,Matrix Wireless Solutions Advertisement 2025,Advertisement,Viewed,False,2024-03-28,True
507bfa3531934568,d4c9844a1c9f4ade,contact,Harness Wireless Communities Content Syndication 2024,Content Syndication,Sent,False,2023-06-17,True
4c4a3d5cbd6b43a0,beccb173d5b34730,lead,Monetize Out-Of-The-Box Content Social 2023,Social,Viewed,False,2024-07-19,True
351004ef03884907,d2157d96ad524a23,lead,Utilize Back-End Action-Items Advertisement 2025,Email,Sent,False,2025-04-20,True
5c58a822bb754127,93f32af2016f44e9,lead,Engineer Robust Web Services Event 2024,Event,Registered,False,2025-01-25,True
40422c44c01d4231,906c63dddd2041e3,contact,Unleash 24/7 E-Tailers Event 2025,Event,Registered,False,2025-03-27,False
9ba64ad856434dac,3f58a5ea7e034296,contact,Brand End-To-End Info-Mediaries Advertisement 2024,Advertisement,Viewed,False,2024-11-12,True
c4476f591e064f6d,26db812af63f4047,lead,Unleash Cutting-Edge E-Markets Content Syndication 2025,Email,Sent,False,2025-04-08,True
ea89ab6812984819,54b0ef4275f64277,contact,Redefine Cross-Media Synergies Webinar 2023,Webinar,Registered,False,2024-12-22,False
d05230b431b34729,b5628a11fc8c4ace,lead,Re-Intermediate B2B Interfaces Event 2023,Event,Attended,True,2025-02-20,True
f91a2d3922644bba,f0fddac0313d4f8c,lead,E-Enable Out-Of-The-Box Portals Social 2023,Email,Sent,False,2023-12-25,True
589dc836d3654031,dccee8b900744391,lead,Engage Impactful Portals Webinar 2025,Webinar,No Show,False,2023-11-26,False
6792719c853c4d6f,e5145b2f85524b1c,lead,Whiteboard Synergistic Initiatives Email 2025,Email,Sent,False,2024-05-27,False
0287c7c9d0c34b2c,f0e96d76ce2349ee,contact,Generate Global Architectures Content Syndication 2025,Content Syndication,Sent,False,2023-12-02,True
2e6ac55b345046dc,ab0ce0dc0056419a,lead,Whiteboard Synergistic Initiatives Email 2025,Email,Sent,False,2025-04-21,False
07ac88b13e7e4159,29c2dce0feb44357,contact,Architect Customized Partnerships Telemarketing 2024,Telemarketing,Responded,True,2025-04-13,True
ec2385cef9044755,811c5bb83bdb407a,lead,Grow Best-Of-Breed Users Event 2024,Event,Registered,False,2025-04-06,True
aa410d5a201941be,f86ff94df20244e5,contact,Matrix Wireless Solutions Advertisement 2025,Email,Sent,False,2023-09-02,True
274262957efc422e,7344345ee68041bd,lead,Target Mission-Critical Eyeballs Content Syndication 2025,Email,Sent,False,2024-05-01,False
79899533677f42ac,9ad1edab361b45a0,lead,Grow Best-Of-Breed Users Event 2024,Event,Registered,False,2025-04-20,True
7e8f678c8d184ecc,46f2f49e7f1b42b2,lead,Facilitate Granular Web-Readiness Telemarketing 2024,Telemarketing,Sent,False,2024-05-17,True
57fec76864474adb,800c6e0375524274,lead,Generate Next-Generation Markets Event 2025,Email,Sent,False,2025-01-25,True
8529a46da5cc4666,036deccc5cd94143,lead,Utilize Visionary Eyeballs Webinar 2023,Webinar,Attended,True,2025-04-21,True
63a2729f27734010,a72d2167f475488f,lead,Envisioneer Holistic Web-Readiness Email 2024,Email,Sent,False,2024-02-13,True
656a723d4dec4ac5,6b22af91cce6467a,contact,Unleash Ubiquitous Channels Event 2025,Email,Sent,False,2024-06-29,False
4488da21781b49dc,c80fe48b502c4043,contact,Monetize Front-End Web Services Webinar 2024,Email,Sent,False,2025-02-13,True
8ee988829bb542fe,0d1374740ae84ab6,lead,Optimize Strategic Supply-Chains Webinar 2023,Webinar,No Show,False,2025-02-25,False
731ca4c31a0846ec,3a07aefee2d74a30,lead,Drive End-To-End Deliverables Advertisement 2024,Advertisement,Viewed,False,2025-04-17,False
61842a681e204617,1d002fd3efd14e19,contact,Architect Customized Partnerships Telemarketing 2024,Telemarketing,Responded,True,2025-03-11,True
19956325e5da4798,3de1ba830de74bc6,lead,Evolve Extensible Deliverables Webinar 2023,Email,Sent,False,2025-03-24,True
445cb882253e4d24,58347b37ac194162,contact,Architect Customized Partnerships Telemarketing 2024,Telemarketing,Responded,True,2025-04-03,True
da92da1d84da406b,26db812af63f4047,lead,Whiteboard Synergistic Initiatives Email 2025,Email,Sent,False,2025-04-09,False
9b57ebe084e84220,031c58f430a14f3c,lead,E-Enable Seamless E-Commerce Event 2025,Email,Sent,False,2025-04-24,False
21c59572063b43db,4069501f26784bb8,lead,Evolve E-Business Markets Webinar 2023,Webinar,No Show,False,2025-01-15,True
22c03d08fbf841f4,6df4a54be9ac41f1,lead,Monetize Out-Of-The-Box Content Social 2023,Social,Viewed,False,2023-06-12,True
80a444e67e54476e,efdcb314b58f4714,lead,Harness Wireless Communities Content Syndication 2024,Content Syndication,Responded,True,2025-01-21,False
e894452fc20745ba,f45c994a5a57444b,contact,Brand Leading-Edge Interfaces Telemarketing 2025,Telemarketing,Sent,False,2023-08-04,False
283739f79e1c42a7,1fd354b2fcf94a52,lead,Generate Next-Generation Markets Event 2025,Event,Registered,False,2025-02-12,True
b970407b87114a17,aa1d1b0d82c64927,lead,Monetize Front-End Web Services Webinar 2024,Email,Sent,False,2024-10-03,False
bd3e0376d2e146f4,a73bdabac25543b8,lead,Facilitate Web-Enabled Applications Email 2024,Email,Opened,False,2024-12-22,True
77ec065ea7a04237,c3fde48d45c44d9b,lead,Target Mission-Critical Eyeballs Content Syndication 2025,Content Syndication,Responded,True,2025-02-27,False
600f4c52eae948ed,9642116fc89c4e04,lead,Deliver One-To-One Markets Email 2024,Email,Opened,False,2025-01-17,False
656d794097cb4952,0aae274798a140ce,lead,Unleash 24/7 E-Tailers Event 2025,Event,Registered,False,2025-02-19,True
f532856033e84b9d,a3377ad8c5bd40b4,lead,Unleash 24/7 E-Tailers Event 2025,Event,No Show,False,2025-01-01,False
ba1e378242174b99,29c2dce0feb44357,contact,Disintermediate 24/7 Metrics Telemarketing 2024,Telemarketing,Sent,False,2024-11-22,False
177bafc6717140a3,d169b48a0b9b4d30,lead,Incubate Front-End E-Tailers Telemarketing 2025,Telemarketing,Responded,True,2025-04-17,True
d6b4e4ca1f224996,419d033ac92c4732,lead,Re-Intermediate B2B Interfaces Event 2023,Event,Attended,True,2024-11-08,True
eca90fe26ebc44df,3a07aefee2d74a30,lead,Drive Next-Generation Communities Telemarketing 2025,Telemarketing,Sent,False,2025-03-02,True
a1896f92ffc24dfc,d2157d96ad524a23,lead,Envisioneer Revolutionary Deliverables Content Syndication 2024,Email,Sent,False,2023-09-05,False
83718513ca534440,9642116fc89c4e04,lead,Matrix Wireless Solutions Advertisement 2025,Advertisement,Viewed,False,2025-01-09,True
d88d14137cfa4162,e5866106d9544a03,contact,Re-Intermediate Visionary Convergence Webinar 2025,Email,Sent,False,2025-03-19,True
0057fc36fd864bea,e7674d9456794377,lead,Threat Intelligence Report,Content Syndication,Responded,True,2024-07-15,False
30024e2dd9924868,ab0ce0dc0056419a,lead,Disintermediate 24/7 Metrics Telemarketing 2024,Email,Sent,False,2024-12-13,True
6965b866eb454c8a,325e681919624ea9,lead,Embrace Out-Of-The-Box Networks Webinar 2023,Webinar,No Show,False,2025-01-22,True
a49dfbff38f94e30,6cd7995cd86b4321,lead,Deliver One-To-One Markets Email 2024,Email,Opened,False,2024-11-18,True
ef8904dc4c6a4de7,d352d7ba77cc42bd,lead,Integrate Open-Source Architectures Webinar 2023,Email,Sent,False,2025-04-30,True
96d94a774e2b4229,03ce5d081a7f4655,lead,Harness Dynamic Relationships Telemarketing 2023,Email,Sent,False,2025-01-13,True
5ca9a41f1dec4de0,2eb104fc6a944a08,contact,Target Mission-Critical Eyeballs Content Syndication 2025,Content Syndication,Responded,True,2024-12-17,True
5da4c38c18704214,53b148c040a34d51,lead,Evolve E-Business Markets Webinar 2023,Webinar,Attended,True,2024-12-26,True
5aeea6fb540d4a96,967c03efb2f64c58,lead,Utilize Visionary Eyeballs Webinar 2023,Webinar,Registered,False,2025-04-25,True
932bc47a9db04372,a83cf0a526a64743,contact,Harness Wireless Communities Content Syndication 2024,Content Syndication,Responded,True,2025-03-17,False
5f9acab84a564fbe,6af7009d16b544a9,lead,Engage Impactful Portals Webinar 2025,Webinar,No Show,False,2024-10-05,False
f49f29cc2f324133,c65ca09a99d44d46,contact,Disintermediate 24/7 Metrics Telemarketing 2024,Email,Sent,False,2025-02-28,True
a4bac9efb0ba4785,ec53f881c37642e6,contact,Optimize Strategic Supply-Chains Webinar 2023,Webinar,No Show,False,2025-04-28,True
492e900e639f4737,bd03e4829475454e,lead,Re-Intermediate Visionary Convergence Webinar 2025,Email,Sent,False,2025-04-23,True
6911117287f545d2,4bce0bbdb2114ad9,contact,Architect Viral Models Webinar 2024,Email,Sent,False,2024-03-26,False
a153d260e59a44de,81dec6d84c5545e1,contact,Optimize Strategic Supply-Chains Webinar 2023,Email,Sent,False,2024-11-30,True
9e17b6ee7e014efb,ab0ce0dc0056419a,lead,Incubate Front-End E-Tailers Telemarketing 2025,Email,Sent,False,2024-08-06,False
47fec2d6ac74438f,f901e483d8754602,lead,Brand End-To-End Info-Mediaries Advertisement 2024,Advertisement,Clicked,True,2025-03-04,True
d1c8fef6fa9242df,61fa38db82654ca5,lead,Incubate Front-End E-Tailers Telemarketing 2025,Telemarketing,Sent,False,2025-04-27,True
3e01c9a9b9984cd0,40a43438b8c14560,contact,Generate B2B Eyeballs Webinar 2023,Webinar,No Show,False,2025-02-12,True
0bcc30fae75745a9,a5bda53840fc4022,lead,Brand Leading-Edge Interfaces Telemarketing 2025,Telemarketing,Sent,False,2025-04-30,True
f16408b329e943ec,2f9aea08641848fe,lead,Iterate Transparent Initiatives Social 2023,Social,Clicked,True,2025-02-13,True
244d9b1927a04fc7,f0e96d76ce2349ee,contact,Re-Intermediate B2B Interfaces Event 2023,Event,Attended,True,2025-04-20,False
c92a0ceef76b430b,43e2fdd56a854f1c,contact,Unleash Ubiquitous Channels Event 2025,Event,Attended,True,2024-05-06,True
90dde26bffe34f6e,1043dd2b6102482a,contact,Unleash Cutting-Edge E-Markets Content Syndication 2025,Content Syndication,Sent,False,2025-01-13,False
d3db297f42754152,c3fde48d45c44d9b,lead,Deliver One-To-One Markets Email 2024,Email,Opened,False,2025-02-09,False
7b7a20515fe14e68,55c9c9d5e237444c,lead,Generate Global Architectures Content Syndication 2025,Email,Sent,False,2025-04-09,True
9e0f0b06b5994d23,1b690874435840a4,lead,Facilitate Granular Web-Readiness Telemarketing 2024,Telemarketing,Responded,True,2025-02-03,True
506abf2654be4ca2,57a6edd2b0744232,lead,Harness Dynamic Relationships Telemarketing 2023,Email,Sent,False,2025-04-18,False
48eb97cee820414a,fdaf1052efb94fdb,lead,Brand Visionary Models Advertisement 2024,Email,Sent,False,2023-07-07,False
deabfe1a002445a2,c5f31bf488a34883,contact,Revolutionize Value-Added Deliverables Telemarketing 2023,Email,Sent,False,2024-01-16,True
7cf956f58752492d,32e961efb8e64d0a,contact,Envisioneer Holistic Web-Readiness Email 2024,Email,Opened,False,2025-04-12,True
71a8376b91a448c7,532edeae240941fc,lead,Re-Intermediate B2B Interfaces Event 2023,Event,Attended,True,2025-04-25,False
550d436d38ee4804,9da2c8b1ac1143f9,lead,Unleash Cutting-Edge E-Markets Content Syndication 2025,Content Syndication,Sent,False,2024-11-03,True
f5ac745a03564d71,87327822404145c3,lead,Engineer Robust Web Services Event 2024,Email,Sent,False,2025-04-20,True
6223596b455f4d44,53b148c040a34d51,lead,Maximize Bleeding-Edge Convergence Webinar 2023,Webinar,Attended,True,2024-04-25,False
26064ecfd24e42d1,3f61e90d70704b2c,lead,Grow Best-Of-Breed Users Event 2024,Email,Sent,False,2023-06-13,True
a2e392a6ccb540f0,1541005f62fa435b,lead,Architect Customized Partnerships Telemarketing 2024,Telemarketing,Responded,True,2024-12-28,True
87a239968c124ab5,eb94d49498914306,contact,Optimize Strategic Supply-Chains Webinar 2023,Webinar,No Show,False,2025-04-18,True
0442566e8e1743cf,90d53475283f4f71,contact,Brand End-To-End Info-Mediaries Advertisement 2024,Email,Sent,False,2025-03-26,True
5951fcf6756441ae,4ae63509eec74beb,contact,Evolve E-Business Markets Webinar 2023,Webinar,Attended,True,2025-04-24,True
e8e88c7a6ad344b4,4aac9ce850fb4171,lead,Deliver One-To-One Markets Email 2024,Email,Sent,False,2025-03-07,False
494ea25289a74813,8e330830f7ec44fd,lead,Generate B2B Eyeballs Webinar 2023,Email,Sent,False,2025-03-12,True
755d072fce1f47b2,10d3c9a79c2c4edc,lead,Utilize Back-End Action-Items Advertisement 2025,Advertisement,Clicked,True,2023-09-20,True
631bd7cae9a440a1,40cefd399eca43ec,lead,Envisioneer Revolutionary Deliverables Content Syndication 2024,Content Syndication,Responded,True,2025-04-09,True
8fffb9852bbe40b6,10d3c9a79c2c4edc,lead,Target Mission-Critical Eyeballs Content Syndication 2025,Content Syndication,Sent,False,2025-04-05,True
2fca2add98b1499f,f147d4ad69bd484e,lead,Re-Contextualize B2C Networks Social 2025,Social,Clicked,True,2024-12-14,True
3fbd0dc5392d46aa,5534e851b60b410d,lead,Target Collaborative Paradigms Social 2024,Social,Viewed,False,2025-01-06,True
3f36aedb10ea49b2,820e3f38dbe146bb,lead,Drive Next-Generation Communities Telemarketing 2025,Email,Sent,False,2025-01-27,True
cb60c9926db64516,0377764b15bc4f45,contact,Target Mission-Critical Eyeballs Content Syndication 2025,Content Syndication,Responded,True,2025-04-21,True
cd7752cda6054ebf,edaceec9b7ef4729,lead,Nurture Drip Sequence,Email,Sent,False,2024-11-15,True
8787ebd380c34fa1,ee88dcaf0fd644e0,lead,Harness Wireless Communities Content Syndication 2024,Email,Sent,False,2025-03-12,False
f4ff2d5abb424f1f,f2777349935d4588,lead,Mesh Interactive Platforms Advertisement 2023,Advertisement,Clicked,True,2024-11-16,False
67c7676914504054,250ae1b20d1b4f6d,contact,Architect Customized Partnerships Telemarketing 2024,Email,Sent,False,2025-04-02,False
248b72fe88e84648,3a07aefee2d74a30,lead,Harness Wireless Communities Content Syndication 2024,Content Syndication,Sent,False,2025-04-20,False
3f41a07328a24293,3a562041231b4490,contact,Maximize Bleeding-Edge Convergence Webinar 2023,Webinar,Registered,False,2025-04-16,True
cd8a85471f5e431c,c3fde48d45c44d9b,lead,Transition Efficient Deliverables Email 2024,Email,Clicked,True,2024-11-25,True
7c15cc0e7e064f4d,9ad467fe6c6b428d,lead,Envisioneer Holistic Web-Readiness Email 2024,Email,Clicked,True,2025-04-05,True
d8060e2cf3cc4b40,9d38418f6c59493c,contact,Streamline Distributed E-Markets Webinar 2023,Webinar,Attended,True,2024-02-15,True
1c5d0e64cec04672,f669ca9a4acd434d,contact,Envisioneer Revolutionary Deliverables Content Syndication 2024,Content Syndication,Responded,True,2024-07-19,False
118ae91a245449a8,d7aa9d22d1cb46db,contact,Generate B2B Eyeballs Webinar 2023,Webinar,No Show,False,2025-04-21,True
aa30728f631d4f25,26db812af63f4047,lead,Brand Leading-Edge Interfaces Telemarketing 2025,Email,Sent,False,2024-05-11,True
b31c4475504349b6,8cc61fe276634742,lead,Drive End-To-End Deliverables Advertisement 2024,Advertisement,Viewed,False,2024-09-02,True
ddfa67cb51b04f9f,6f69f3a8b10d464c,contact,Brand End-To-End Info-Mediaries Advertisement 2024,Advertisement,Clicked,True,2025-04-30,False
f78f090e8d3244eb,ee88dcaf0fd644e0,lead,Architect Viral Models Webinar 2024,Email,Sent,False,2025-01-13,True
816c919afd354beb,a4cc25373112444a,contact,Mesh Interactive Platforms Advertisement 2023,Email,Sent,False,2024-02-04,True
439926c1d33449bb,c5f31bf488a34883,contact,Benchmark Rich Functionalities Event 2024,Email,Sent,False,2025-04-02,False
6156d551f8fa4ea0,f6f30f828d3b4e72,contact,Streamline Distributed E-Markets Webinar 2023,Webinar,Registered,False,2024-03-02,True
f3bdfb90cc4f415b,44622dae5b224bbd,contact,Engage Impactful Portals Webinar 2025,Webinar,Registered,False,2025-02-22,True
d84e40e5a9684ae2,3a07aefee2d74a30,lead,Drive Next-Generation Communities Telemarketing 2025,Telemarketing,Responded,True,2025-03-22,True
658c8a1eb82b47e1,1abf5af70fe94ec7,lead,Matrix Seamless Infrastructures Social 2024,Email,Sent,False,2023-09-09,False
a380e8a3851942c3,8e4bf0b2790a4b9d,lead,Maximize Bleeding-Edge Convergence Webinar 2023,Email,Sent,False,2023-08-14,False
f378d7407a664fbc,7833119f50b24965,lead,Re-Intermediate B2B Interfaces Event 2023,Event,Attended,True,2025-04-14,False
28e5b8544fe44ff0,c9f086f3e11043c8,contact,Architect Customized Partnerships Telemarketing 2024,Telemarketing,Sent,False,2024-05-23,True
3a78468ce7734ea9,e79ae282252a44a9,contact,Brand End-To-End Info-Mediaries Advertisement 2024,Advertisement,Viewed,False,2025-04-17,True
e65be77e19154369,5772fa9dfa394f5c,contact,Unleash 24/7 E-Tailers Event 2025,Email,Sent,False,2025-04-08,True
76e250aba7874f8e,153d63dc505f4cad,contact,Monetize Clicks-And-Mortar Bandwidth Event 2023,Event,Registered,False,2025-04-06,False
4c598d590cd24bbf,4a62ece44fb04af2,lead,Embrace Out-Of-The-Box Networks Webinar 2023,Email,Sent,False,2024-12-24,True
2b790fdd7dac44e1,87b0e6b9f4394918,contact,Mesh Interactive Platforms Advertisement 2023,Advertisement,Clicked,True,2025-02-16,True
82506b07f9ab455e,8c2c1549327b4f3a,contact,Iterate Transparent Initiatives Social 2023,Social,Clicked,True,2025-01-02,False
ad448bce64b44505,414b6112183144bd,lead,Envisioneer Holistic Web-Readiness Email 2024,Email,Clicked,True,2025-03-13,False
46f5660eb87248b7,74505e72ac204f2f,contact,Architect Viral Models Webinar 2024,Webinar,Attended,True,2025-04-30,False
50cd639aac8c43c2,c5f31bf488a34883,contact,E-Enable Seamless E-Commerce Event 2025,Email,Sent,False,2023-09-03,True
f9f880ecf0b7432f,2c411125e9e141fb,lead,Grow Best-Of-Breed Users Event 2024,Event,Attended,True,2025-01-08,False
2f1b16a49653428f,f108d9f379c3434c,lead,Monetize Clicks-And-Mortar Bandwidth Event 2023,Event,Attended,True,2025-04-16,True
66f719530d9a408b,25a7b8bffbda4b55,contact,Iterate Transparent Initiatives Social 2023,Email,Sent,False,2025-01-23,True
e453aa832a7e478b,16bd3a8326c74630,lead,Drive End-To-End Deliverables Advertisement 2024,Advertisement,Clicked,True,2024-02-27,True
c496d9a18b7741c9,3a07aefee2d74a30,lead,Re-Intermediate Visionary Convergence Webinar 2025,Webinar,No Show,False,2025-02-08,True
1052ece800ac409e,90d53475283f4f71,contact,Envisioneer Revolutionary Deliverables Content Syndication 2024,Email,Sent,False,2025-04-22,True
67a386256a6b4bdc,c949aa7c546d4342,lead,Evolve Extensible Deliverables Webinar 2023,Webinar,Registered,False,2025-01-09,True
91ad81eff3ce40c6,6dfca0b2a38a4081,contact,Maximize Bleeding-Edge Convergence Webinar 2023,Webinar,No Show,False,2025-04-13,True
b56c78f440c940d6,02e5a20854cd49f3,lead,Strategize Seamless Vortals Telemarketing 2025,Telemarketing,Sent,False,2024-09-10,True
bf53ea8b2f014d3d,e79ae282252a44a9,contact,Transition Efficient Deliverables Email 2024,Email,Sent,False,2024-08-28,True
a455144de42c4d0f,c63fc11748f14133,contact,Extend Granular Schemas Email 2025,Email,Clicked,True,2024-08-31,False
78c142af52cf431e,a4d7f4a377374ad5,contact,Brand Leading-Edge Interfaces Telemarketing 2025,Telemarketing,Responded,True,2025-04-26,True
64865a1d63bd4806,3a07aefee2d74a30,lead,Harness Wireless Communities Content Syndication 2024,Content Syndication,Responded,True,2025-04-05,True
4013dfea4fed4ac8,1980a7068c854572,contact,Extend Granular Schemas Email 2025,Email,Sent,False,2025-04-13,True
2e065aa19d57411f,b6cfaa06d2704505,contact,Unleash Cutting-Edge E-Markets Content Syndication 2025,Content Syndication,Responded,True,2025-04-03,True
b8f085e5cb4a4b4e,c3fde48d45c44d9b,lead,Envisioneer Holistic Web-Readiness Email 2024,Email,Opened,False,2024-11-02,True
57a90ae8ef104176,8dfaee071d424e98,contact,Incubate Front-End E-Tailers Telemarketing 2025,Telemarketing,Sent,False,2023-07-09,True
41ba94af8b83429e,d373575bfc004a77,lead,Unleash Cutting-Edge E-Markets Content Syndication 2025,Content Syndication,Sent,False,2024-05-17,False
abb7960968f7468f,6e5dd68a6abd44b2,contact,Streamline Distributed E-Markets Webinar 2023,Webinar,Registered,False,2025-04-10,True
4ea5e74e6be7484c,b3927f4c1415426c,lead,Facilitate Web-Enabled Applications Email 2024,Email,Sent,False,2025-04-03,True
192a4adfb3634084,edaceec9b7ef4729,lead,Nurture Drip Sequence,Email,Sent,False,2024-11-03,True
082c5e364553477b,10c979587b494efe,lead,Transition Efficient Deliverables Email 2024,Email,Sent,False,2025-01-08,True
b24da80928e2425f,d62348854f144843,lead,Evolve E-Business Markets Webinar 2023,Email,Sent,False,2024-04-25,False
d6c108e46ef64d5c,fbdf1bcc8b734f72,lead,Extend Granular Schemas Email 2025,Email,Sent,False,2025-02-23,True
e31c38eeed054329,50aa4e71898048be,contact,Re-Intermediate Visionary Convergence Webinar 2025,Webinar,Registered,False,2024-04-02,True
ff56acd206fc4f41,d8f43e8c77994c1f,contact,Target Collaborative Paradigms Social 2024,Email,Sent,False,2024-02-11,True
ac754040cf6c4eff,bf1bc71a92be4dfb,lead,Maximize Bleeding-Edge Convergence Webinar 2023,Email,Sent,False,2023-11-05,False
80954aae36b54007,90a9cfd4d2034f22,lead,Brand Leading-Edge Interfaces Telemarketing 2025,Telemarketing,Sent,False,2025-04-01,True
ddb6c4820e4b411b,7e42afa216f549bd,contact,Monetize Front-End Web Services Webinar 2024,Webinar,No Show,False,2024-06-01,True
488836f129d04f77,6af7009d16b544a9,lead,Envisioneer Revolutionary Deliverables Content Syndication 2024,Content Syndication,Responded,True,2025-03-18,True
e76d46f2a83c403a,8c9ff1b71100496d,lead,E-Enable Out-Of-The-Box Portals Social 2023,Social,Clicked,True,2025-04-27,True
80a545fcaf884fe1,638283ed2b3b42ba,contact,Extend Granular Schemas Email 2025,Email,Sent,False,2024-07-10,False
eb7353097e4f4a26,ab194ad3aa9c4794,lead,Revolutionize Value-Added Deliverables Telemarketing 2023,Email,Sent,False,2025-04-06,True
a21139ed80c64a17,55902f37a8924ff0,lead,Generate Global Architectures Content Syndication 2025,Email,Sent,False,2025-03-21,False
4c2bca9987534240,638283ed2b3b42ba,contact,Utilize Visionary Eyeballs Webinar 2023,Email,Sent,False,2025-04-26,True
20e7be733d184a1c,45934305f11e4b62,lead,Facilitate Granular Web-Readiness Telemarketing 2024,Telemarketing,Responded,True,2025-04-25,True
2605a447e2c4489e,672d20b5dd8c4201,lead,E-Enable Out-Of-The-Box Portals Social 2023,Social,Clicked,True,2024-11-04,True
6ab23b6c87574da1,81fc4372869b4d59,lead,Integrate Open-Source Architectures Webinar 2023,Webinar,Registered,False,2025-02-20,False
8d6c8fdc99bf4a93,a3ffc55f501e4c68,contact,Iterate Transparent Initiatives Social 2023,Email,Sent,False,2025-04-10,False
b5a0b10dce954e42,eeb7351d5d714452,lead,Orchestrate End-To-End Models Event 2025,Event,Attended,True,2025-04-18,True
fdbe5cd355e64cbb,7b8dae74c12a487f,lead,Evolve Extensible Deliverables Webinar 2023,Webinar,Registered,False,2025-04-14,False
cfc223f068cc48af,3de1ba830de74bc6,lead,Architect Customized Partnerships Telemarketing 2024,Email,Sent,False,2025-04-24,False
74242a9810db4c3b,c1658ce6e6a940eb,lead,RSA Conference 2025,Event,Attended,True,2025-04-26,True
353c01ed71284cc6,4a6509f4e3164200,lead,Architect Customized Partnerships Telemarketing 2024,Telemarketing,Sent,False,2025-04-29,True
ac22c7c08c6443a1,953dba724da64685,lead,Monetize Out-Of-The-Box Content Social 2023,Social,Clicked,True,2025-02-16,False
d10cb5f626304e2e,17b7d153640749d7,lead,Brand Leading-Edge Interfaces Telemarketing 2025,Email,Sent,False,2024-08-27,False
98c094287d14424a,6b9fe4129c9e4115,contact,Extend Granular Schemas Email 2025,Email,Opened,False,2025-04-02,False
68da0ebd19c642fb,aa1d1b0d82c64927,lead,Engage Impactful Portals Webinar 2025,Email,Sent,False,2024-12-07,True
58cd6d2cd04a4c79,abc68d63cdce455d,contact,Transition Efficient Deliverables Email 2024,Email,Opened,False,2024-12-02,True
94c1c5de6f7a4842,81dec6d84c5545e1,contact,Deliver One-To-One Markets Email 2024,Email,Sent,False,2024-12-15,True
8283bc284e2c4ed6,c63fc11748f14133,contact,Extend Granular Schemas Email 2025,Email,Opened,False,2025-01-03,True
6b57ee270579491c,0ef16dc55cac4a29,lead,Facilitate Web-Enabled Applications Email 2024,Email,Opened,False,2025-04-14,False
e23b157fdbdd4b69,c3da9723707a430d,lead,Embrace Out-Of-The-Box Networks Webinar 2023,Email,Sent,False,2025-04-12,True
5cd639c900bc40b9,edaceec9b7ef4729,lead,Nurture Drip Sequence,Email,Sent,False,2025-02-25,True
3ec21fddecfa4a05,820ceb3523964e88,contact,Unleash Ubiquitous Channels Event 2025,Email,Sent,False,2025-03-18,False
0fc2470bdf674ba0,5990d3905eb04b89,lead,Utilize Back-End Action-Items Advertisement 2025,Advertisement,Clicked,True,2023-09-25,True
fd6a4d6aad4c40ce,1b690874435840a4,lead,Utilize Visionary Eyeballs Webinar 2023,Webinar,Attended,True,2025-04-11,False
678f3f2d0ce0434d,26fb5134d77a49a8,lead,Embrace Out-Of-The-Box Networks Webinar 2023,Webinar,No Show,False,2025-02-01,True
53ffd6a32b8c4bf6,14e4186a11ee4dfc,lead,Generate Next-Generation Markets Event 2025,Email,Sent,False,2023-11-14,True
8013fcf1f9754086,eea952b2fd754b8c,contact,Target Mission-Critical Eyeballs Content Syndication 2025,Email,Sent,False,2024-10-14,False
03a3e68f98a34155,ea3610f1901c46d6,lead,Whiteboard Synergistic Initiatives Email 2025,Email,Clicked,True,2024-12-21,True
c80dc7edb9494eae,820e3f38dbe146bb,lead,Target Collaborative Paradigms Social 2024,Email,Sent,False,2024-11-19,True
0281ad33fa994f8f,b4afa2265893433c,contact,Unleash 24/7 E-Tailers Event 2025,Event,Registered,False,2023-09-30,True
1f83cf36b2d6453d,9da2c8b1ac1143f9,lead,Redefine Cross-Media Synergies Webinar 2023,Webinar,Attended,True,2025-04-23,True
e3c4f5f109254adc,a652d125a0604fb6,lead,Evolve Extensible Deliverables Webinar 2023,Webinar,Attended,True,2025-04-23,True
b6d33b00239044a2,325e681919624ea9,lead,Whiteboard Synergistic Initiatives Email 2025,Email,Opened,False,2025-04-24,False
9a433b857384498f,f6f30f828d3b4e72,contact,Re-Intermediate Visionary Convergence Webinar 2025,Webinar,Registered,False,2025-04-18,False
f0fba52f81ee41dd,96e989da68254457,contact,Engineer Robust Web Services Event 2024,Event,No Show,False,2024-12-13,False
1b9f5ada6b8f4b89,cc76e2431fcd482c,contact,Re-Contextualize B2C Networks Social 2025,Social,Viewed,False,2023-07-22,True
9c0620bac03348ce,f6203f5b97d34f97,contact,Envisioneer Holistic Web-Readiness Email 2024,Email,Clicked,True,2023-08-12,False
5e20dd46bfdf4bca,91cfea350f644b72,contact,Engineer Robust Web Services Event 2024,Event,No Show,False,2024-11-09,False
03ad3acdbd5a495b,9f8217a6752546b4,lead,Utilize Back-End Action-Items Advertisement 2025,Email,Sent,False,2025-04-20,False
1db5e23a683640e1,f86ff94df20244e5,contact,Drive End-To-End Deliverables Advertisement 2024,Email,Sent,False,2024-12-21,False
5e3338fa7620458e,14e4186a11ee4dfc,lead,Unleash Ubiquitous Channels Event 2025,Email,Sent,False,2023-06-25,True
f1f4bc4ef7a348d7,83fd2cc0929b4e83,contact,Brand Leading-Edge Interfaces Telemarketing 2025,Telemarketing,Responded,True,2025-02-05,True
d08c682626a84fdb,eeb7351d5d714452,lead,Strategize Seamless Vortals Telemarketing 2025,Telemarketing,Sent,False,2025-03-16,False
f9d5c77bc5cf4d9c,8e4bf0b2790a4b9d,lead,Disintermediate 24/7 Metrics Telemarketing 2024,Email,Sent,False,2024-11-15,True
ea118541c6b34619,4023c4102aed411a,contact,Unleash Cutting-Edge E-Markets Content Syndication 2025,Email,Sent,False,2025-04-18,False
6ba815b1253540a1,7b8dae74c12a487f,lead,Architect Customized Partnerships Telemarketing 2024,Telemarketing,Responded,True,2025-04-17,False
b6d0aca191304d06,a4a4341a54c846f6,lead,Drive Next-Generation Communities Telemarketing 2025,Telemarketing,Responded,True,2023-10-28,True
b96190a41ba448fe,ea3610f1901c46d6,lead,Evolve Extensible Deliverables Webinar 2023,Webinar,No Show,False,2024-10-13,True
28dc6bbf895943f0,8e4bf0b2790a4b9d,lead,Evolve Extensible Deliverables Webinar 2023,Email,Sent,False,2025-04-17,True
4d923aaa27a941ba,5842cd105f5e46b9,lead,Drive Next-Generation Communities Telemarketing 2025,Telemarketing,Responded,True,2025-03-10,False
7a16cceaff714719,fbdf1bcc8b734f72,lead,Incubate Front-End E-Tailers Telemarketing 2025,Email,Sent,False,2025-03-07,False
a07fc0845a444fad,81dec6d84c5545e1,contact,Re-Contextualize Extensible Technologies Email 2023,Email,Sent,False,2024-02-29,True
cec8360cc9764409,b5daae610cca458d,lead,Revolutionize Value-Added Deliverables Telemarketing 2023,Telemarketing,Responded,True,2025-03-06,True
2f51621539474bda,65f97209bb6943b6,contact,Streamline 24/7 Systems Advertisement 2024,Advertisement,Viewed,False,2024-11-08,True
0bf8d9c9e27f4271,a9b9beb598a64e0d,contact,Drive End-To-End Deliverables Advertisement 2024,Advertisement,Viewed,False,2023-10-11,True
f26f8b34c98a4617,28d04c644bb94888,lead,Benchmark Rich Functionalities Event 2024,Email,Sent,False,2025-04-06,False
7d6558d1f0cc481a,806831de6b94469e,contact,Brand End-To-End Info-Mediaries Advertisement 2024,Advertisement,Viewed,False,2025-04-19,True
06e7c98dc34f40ab,1ba7aa236b654adc,contact,Redefine Cross-Media Synergies Webinar 2023,Webinar,No Show,False,2025-04-15,False
1a29d0c674684b7d,8ea8b95233b04730,contact,Unleash Cutting-Edge E-Markets Content Syndication 2025,Email,Sent,False,2025-04-21,False
d905e80f9f6c4131,f669ca9a4acd434d,contact,Architect Customized Partnerships Telemarketing 2024,Telemarketing,Responded,True,2024-11-15,False
1d0dda7d470b4152,4a6509f4e3164200,lead,Target Mission-Critical Eyeballs Content Syndication 2025,Content Syndication,Sent,False,2025-04-09,True
3df02b340b5047d0,81dec6d84c5545e1,contact,Mesh Interactive Platforms Advertisement 2023,Email,Sent,False,2024-08-21,True
7c26164e37ab4b5c,9ac77f84f0734030,lead,Generate Next-Generation Markets Event 2025,Email,Sent,False,2024-11-14,True
bced86b9883f46df,1980a7068c854572,contact,Generate B2B Eyeballs Webinar 2023,Email,Sent,False,2025-04-28,True
444e413b12024fcd,0d97159d8b2c43d1,lead,Deliver One-To-One Markets Email 2024,Email,Clicked,True,2025-01-16,True
310f0a124de44720,185ab818f2a94f8b,contact,Streamline 24/7 Systems Advertisement 2024,Email,Sent,False,2023-11-30,True
47558b7b941c4eda,29749fd8a29b4cc9,lead,Monetize Clicks-And-Mortar Bandwidth Event 2023,Email,Sent,False,2024-10-11,True
62b7458e796f4194,b9f8876d931449ff,lead,Generate B2B Eyeballs Webinar 2023,Webinar,No Show,False,2025-04-17,True
4a97cd7ff0414ae5,43e2fdd56a854f1c,contact,Mesh Interactive Platforms Advertisement 2023,Advertisement,Viewed,False,2024-12-08,False
145013715f1d4dca,fd5df32368e240ef,lead,Engineer Robust Web Services Event 2024,Email,Sent,False,2025-04-08,True
af63ec0c9b3c45fe,8a4e20f67d2e4cf1,contact,Streamline 24/7 Systems Advertisement 2024,Advertisement,Viewed,False,2024-07-14,False
7815b2efae7544d9,c65ca09a99d44d46,contact,Utilize Visionary Eyeballs Webinar 2023,Email,Sent,False,2024-11-02,True
05704dff227e49a8,64fd54a58d2a41ed,lead,Architect Viral Models Webinar 2024,Email,Sent,False,2024-03-03,False
8aa84fea83e04b94,8c2c1549327b4f3a,contact,Target Collaborative Paradigms Social 2024,Social,Viewed,False,2025-02-01,True
78f4d92b1fad49b1,2eb104fc6a944a08,contact,Whiteboard Synergistic Initiatives Email 2025,Email,Opened,False,2025-03-17,True
bf71281f074942ab,76814aef8eb041cb,contact,Orchestrate End-To-End Models Event 2025,Event,No Show,False,2025-04-08,False
1f7c546106f04d2d,aa1d1b0d82c64927,lead,Unleash Cutting-Edge E-Markets Content Syndication 2025,Email,Sent,False,2025-04-05,True
02b29b69d5f1467c,708e08ffce2b4624,contact,Engage Impactful Portals Webinar 2025,Email,Sent,False,2025-02-10,True
ee6487972cb4491b,6467cbdb619f45de,contact,Re-Contextualize Extensible Technologies Email 2023,Email,Clicked,True,2025-04-28,False
81ad67b3ffef4e2d,672d20b5dd8c4201,lead,Architect Viral Models Webinar 2024,Webinar,Registered,False,2025-04-03,False
d7508185cfa5446a,953dba724da64685,lead,Optimize Strategic Supply-Chains Webinar 2023,Webinar,Attended,True,2024-12-04,True
a13196d245ff4a87,998fd075957d42ba,lead,Facilitate Granular Web-Readiness Telemarketing 2024,Telemarketing,Responded,True,2025-04-26,True
d6356a063da24fd6,250ae1b20d1b4f6d,contact,Drive Next-Generation Communities Telemarketing 2025,Email,Sent,False,2025-02-18,True
7f0adaeedb0c4dc0,0713c748e023489a,lead,Envisioneer Holistic Web-Readiness Email 2024,Email,Clicked,True,2025-04-22,False
a55cf93d836840b4,27d652b7a0984a3f,lead,Evolve E-Business Markets Webinar 2023,Webinar,Attended,True,2025-04-07,False
84d1affa36984622,41c0292714dd4caf,contact,Generate B2B Eyeballs Webinar 2023,Webinar,Registered,False,2024-12-15,True
99d27dfba8da4c59,edaceec9b7ef4729,lead,Nurture Drip Sequence,Email,Sent,False,2024-12-19,True
d76eb36d3f174b9f,f108d9f379c3434c,lead,Optimize Strategic Supply-Chains Webinar 2023,Webinar,No Show,False,2025-04-21,False
d7e13aa5918e4f49,0e98a4323b7e417c,lead,Target Mission-Critical Eyeballs Content Syndication 2025,Content Syndication,Responded,True,2025-01-08,True
42fb1b868f6e4518,7e42afa216f549bd,contact,Generate Next-Generation Markets Event 2025,Event,Registered,False,2024-05-11,True
34a0d5547cf44bcb,b9f8876d931449ff,lead,Utilize Visionary Eyeballs Webinar 2023,Webinar,Registered,False,2025-04-04,True
fdd9982970314522,6e5dd68a6abd44b2,contact,Drive Next-Generation Communities Telemarketing 2025,Telemarketing,Sent,False,2025-04-25,False
2be753274e5c45de,9080f6f09a954df3,contact,Disintermediate 24/7 Metrics Telemarketing 2024,Telemarketing,Sent,False,2024-11-15,False
d6aee42ff55b4690,00793bf367644a9b,contact,Benchmark Rich Functionalities Event 2024,Email,Sent,False,2025-04-19,True
d7afd4df55c04d6e,2de6277bf5974cb8,lead,Incubate Front-End E-Tailers Telemarketing 2025,Telemarketing,Sent,False,2024-11-27,True
00b485ce02474050,a4a4341a54c846f6,lead,Mesh Interactive Platforms Advertisement 2023,Advertisement,Viewed,False,2025-04-16,True
527009e2360240c2,f238d76424b049a7,lead,Utilize Back-End Action-Items Advertisement 2025,Advertisement,Viewed,False,2025-04-14,False
ef89ed37612c4c54,eeb7351d5d714452,lead,Re-Contextualize Extensible Technologies Email 2023,Email,Sent,False,2024-11-27,True
8ea2d2a72a3f4b50,3a07aefee2d74a30,lead,Envisioneer Revolutionary Deliverables Content Syndication 2024,Content Syndication,Responded,True,2025-04-12,True
9c9c5ed573ef42f0,e2efc031a92542c1,contact,Architect Viral Models Webinar 2024,Webinar,Attended,True,2024-05-19,True
ba0e9312ae35480f,40f9fa74e1f64eac,lead,Facilitate Web-Enabled Applications Email 2024,Email,Clicked,True,2024-03-19,False
19df935b077840aa,cf6c7be59e3e48ed,contact,Utilize Back-End Action-Items Advertisement 2025,Advertisement,Viewed,False,2025-04-10,False
878189cf242c452e,1c9acc1c906d4523,lead,Disintermediate Wireless Applications Content Syndication 2024,Content Syndication,Responded,True,2025-04-10,True
cbc6a516a919446d,c9f086f3e11043c8,contact,Integrate Open-Source Architectures Webinar 2023,Webinar,Attended,True,2024-11-28,False
358bbd19a459401e,b9f8876d931449ff,lead,Evolve Extensible Deliverables Webinar 2023,Webinar,Registered,False,2025-04-20,False
4bb21d6533914938,414b6112183144bd,lead,E-Enable Out-Of-The-Box Portals Social 2023,Social,Viewed,False,2023-05-18,True
b1cebcd03c984315,7e42afa216f549bd,contact,Brand Visionary Models Advertisement 2024,Advertisement,Clicked,True,2023-06-19,True
c020340a41064a2d,29749fd8a29b4cc9,lead,Mesh Interactive Platforms Advertisement 2023,Email,Sent,False,2025-02-23,True
e62d8667ea3748f7,3d22eb58e4b84734,lead,Target Collaborative Paradigms Social 2024,Email,Sent,False,2024-06-16,False
aa812b91263a4682,bd22c6b4689249c7,contact,Strategize Seamless Vortals Telemarketing 2025,Telemarketing,Sent,False,2025-04-23,True
a28182022d3f41c5,ca3a7ab389184b2f,lead,Drive Next-Generation Communities Telemarketing 2025,Telemarketing,Sent,False,2024-12-27,True
1a710ce0afcc48e5,bb531ce9ace14ee2,contact,Monetize Front-End Web Services Webinar 2024,Email,Sent,False,2025-03-25,False
b635db1b626140db,3de1ba830de74bc6,lead,Unleash Cutting-Edge E-Markets Content Syndication 2025,Email,Sent,False,2025-01-08,False
b0e2d2fcb10549c1,bd63086e621b4ab8,contact,Unleash 24/7 E-Tailers Event 2025,Event,Attended,True,2025-04-06,True
a262b033023a4070,40071fae516d4588,lead,Integrate Open-Source Architectures Webinar 2023,Webinar,Registered,False,2025-04-03,True
cdb1239c29f5488e,f0fddac0313d4f8c,lead,Target Collaborative Paradigms Social 2024,Email,Sent,False,2024-11-09,True
d35d3502053d4613,811c5bb83bdb407a,lead,Extend Granular Schemas Email 2025,Email,Sent,False,2025-04-17,False
8b7f3103367b40f8,58347b37ac194162,contact,Matrix Wireless Solutions Advertisement 2025,Advertisement,Viewed,False,2023-09-17,True
fa03aa9f89af429d,1b690874435840a4,lead,Brand End-To-End Info-Mediaries Advertisement 2024,Advertisement,Viewed,False,2024-12-25,True
49a85f54d0564b8c,e5e584ac6b91490c,lead,Transition Efficient Deliverables Email 2024,Email,Sent,False,2024-06-25,False
9b661521613e4dbe,5062506d9932456a,contact,Matrix Seamless Infrastructures Social 2024,Email,Sent,False,2025-01-25,False
f17e0795485b4314,ab0ce0dc0056419a,lead,Disintermediate Wireless Applications Content Syndication 2024,Email,Sent,False,2024-12-30,True
a4645ec4e55d4f3f,c1c9b37b5b3a41af,lead,Security Deep Dive Series,Webinar,Attended,True,2025-04-21,True
b6eea0e2439c452d,8e330830f7ec44fd,lead,Orchestrate End-To-End Models Event 2025,Email,Sent,False,2024-12-13,False
15265ef45ff947f5,6f551af0e6e64e0b,lead,Target Mission-Critical Eyeballs Content Syndication 2025,Content Syndication,Responded,True,2025-04-16,True
b6407512e3094f1c,05a3804142f546ea,lead,Architect Customized Partnerships Telemarketing 2024,Email,Sent,False,2025-03-23,True
782d9fb09b834c5c,c65ca09a99d44d46,contact,Disintermediate 24/7 Metrics Telemarketing 2024,Email,Sent,False,2025-01-25,False
cf9c4650c5a54479,e6fe353aa34e40f1,contact,Benchmark Rich Functionalities Event 2024,Event,Registered,False,2025-01-15,False
59be3c2197b941f4,583145a54d15465a,lead,Brand Leading-Edge Interfaces Telemarketing 2025,Telemarketing,Responded,True,2024-11-10,False
abb02964f5b74409,8323bf2a154a4bdc,contact,Benchmark Rich Functionalities Event 2024,Email,Sent,False,2025-03-22,True
d3ecc2b8189e4615,384291ce34534af3,lead,E-Enable Seamless E-Commerce Event 2025,Event,Registered,False,2024-06-02,True
5606f19813564dc6,abc68d63cdce455d,contact,Drive End-To-End Deliverables Advertisement 2024,Advertisement,Clicked,True,2025-04-19,False
14d6e4b9624b4b48,901399c9603a40b2,lead,Harness Dynamic Relationships Telemarketing 2023,Telemarketing,Sent,False,2025-03-14,True
17a720c2769a4dc5,4ab2ef10c0914af2,lead,Matrix Wireless Solutions Advertisement 2025,Email,Sent,False,2024-12-12,True
51c30ba404394694,2d13a190df7f4473,contact,Unleash Ubiquitous Channels Event 2025,Event,Attended,True,2025-01-04,False
36742e3be73946a9,a4d7f4a377374ad5,contact,Evolve E-Business Markets Webinar 2023,Webinar,Registered,False,2025-01-03,True
fffb4acb7c594e4a,02101115a2bd45d1,contact,Disintermediate 24/7 Metrics Telemarketing 2024,Telemarketing,Responded,True,2024-12-08,True
d43e0c3feef4452e,61fa38db82654ca5,lead,Benchmark Rich Functionalities Event 2024,Event,Attended,True,2025-04-16,True
6c1e7aeffbbc4abc,21cec14d20404ed1,lead,Monetize Front-End Web Services Webinar 2024,Webinar,Registered,False,2025-02-06,False
43d8de41d46c4366,b3927f4c1415426c,lead,E-Enable Out-Of-The-Box Portals Social 2023,Social,Viewed,False,2024-11-30,True
0581fb7bb741463d,7cd529b5a8f64595,contact,Unleash Ubiquitous Channels Event 2025,Event,Registered,False,2025-03-29,True
89e4472818d94ed6,cfdb1ecd6e6c437c,contact,Deliver One-To-One Markets Email 2024,Email,Sent,False,2024-12-12,True
6f39f6129fd04150,f238d76424b049a7,lead,Matrix Seamless Infrastructures Social 2024,Social,Viewed,False,2025-04-17,False
a3557befffff45ca,40071fae516d4588,lead,Maximize Bleeding-Edge Convergence Webinar 2023,Webinar,Registered,False,2025-04-18,True
25c9accccc574d40,c5f31bf488a34883,contact,E-Enable Out-Of-The-Box Portals Social 2023,Email,Sent,False,2023-12-17,False
2214b07421a24ddd,6cd7995cd86b4321,lead,Incubate Front-End E-Tailers Telemarketing 2025,Telemarketing,Responded,True,2024-04-09,False
207e70fd358d47be,da3a787347a14c02,lead,Harness Wireless Communities Content Syndication 2024,Content Syndication,Sent,False,2025-04-06,False
bf03507be18b490c,2eb104fc6a944a08,contact,Evolve Extensible Deliverables Webinar 2023,Webinar,No Show,False,2025-04-21,False
11fb709fddea4069,3d22eb58e4b84734,lead,Generate Next-Generation Markets Event 2025,Email,Sent,False,2025-04-13,True
3b7c1c5b283f4817,57a6edd2b0744232,lead,E-Enable Seamless E-Commerce Event 2025,Email,Sent,False,2025-04-22,True
925e117a3aaf4876,1e3b3a3e36184585,lead,Monetize Front-End Web Services Webinar 2024,Webinar,Attended,True,2025-04-11,False
3d37426e63cc4bc8,d4c9844a1c9f4ade,contact,Orchestrate 24/7 Relationships Content Syndication 2024,Content Syndication,Sent,False,2025-02-15,True
315efc158702428c,811c5bb83bdb407a,lead,Unleash Ubiquitous Channels Event 2025,Event,Registered,False,2025-01-24,False
2789ea4d09fb4564,b0fcfbb61c9747b4,contact,Mesh Interactive Platforms Advertisement 2023,Email,Sent,False,2024-05-28,True
ee06b562107a4f53,87b0e6b9f4394918,contact,Streamline Distributed E-Markets Webinar 2023,Webinar,Attended,True,2025-03-26,True
d5bfa24028b34b5f,01bb85c6fc114849,contact,Engineer Robust Web Services Event 2024,Event,Attended,True,2025-02-10,True
9d72605d311542f3,9d38418f6c59493c,contact,Brand Leading-Edge Interfaces Telemarketing 2025,Telemarketing,Sent,False,2025-02-04,True
e810c34252e54710,851031771d1d475b,contact,Generate Next-Generation Markets Event 2025,Event,No Show,False,2025-04-18,True
85425a16946d40d3,d5d61c3a50e44043,contact,Brand Visionary Models Advertisement 2024,Email,Sent,False,2025-04-30,True
a26aae3dd5e24105,a4a4341a54c846f6,lead,Matrix Seamless Infrastructures Social 2024,Social,Clicked,True,2024-04-26,False
3348b48abe614308,96e989da68254457,contact,Re-Contextualize Extensible Technologies Email 2023,Email,Opened,False,2024-05-08,True
34c6590b507f403b,7d6f011f12664f23,contact,Unleash Cutting-Edge E-Markets Content Syndication 2025,Content Syndication,Sent,False,2024-09-08,False
86cb707a3fe34ea4,8db58b1b80cf4a3b,lead,E-Enable Seamless E-Commerce Event 2025,Event,Attended,True,2025-03-22,True
affbbe6338ec4456,a2905cc575794775,contact,Evolve E-Business Markets Webinar 2023,Webinar,No Show,False,2025-04-12,True
189e1ab04d204cb9,42597707939c484c,contact,Orchestrate 24/7 Relationships Content Syndication 2024,Content Syndication,Sent,False,2025-01-14,True
e6563094df514020,f71a85c305c5476e,lead,Orchestrate End-To-End Models Event 2025,Event,Registered,False,2023-08-13,True
b255f59b37d54b16,fbdf1bcc8b734f72,lead,Architect Customized Partnerships Telemarketing 2024,Email,Sent,False,2023-10-02,True
2b6f55804e5445ba,b688fbf38d6b4705,lead,Revolutionize Value-Added Deliverables Telemarketing 2023,Telemarketing,Responded,True,2023-06-03,True
8aad9474165f44fc,a412f436ee5e4dc0,contact,Disintermediate 24/7 Metrics Telemarketing 2024,Telemarketing,Responded,True,2025-04-08,True
fc6ab45b70db4184,c4d63c4b69cb46f3,contact,Maximize Bleeding-Edge Convergence Webinar 2023,Webinar,Registered,False,2024-07-09,False
b67e31bb998a49e6,65f97209bb6943b6,contact,Architect Viral Models Webinar 2024,Webinar,No Show,False,2025-04-12,True
9306b0ab497e47d7,34bc546cc797460c,lead,Re-Intermediate B2B Interfaces Event 2023,Email,Sent,False,2024-10-20,True
8f420b01185a4b1d,3f61e90d70704b2c,lead,Generate Global Architectures Content Syndication 2025,Email,Sent,False,2025-01-19,True
9b1f18ec34394af3,ef82df930bb8410a,contact,Streamline Distributed E-Markets Webinar 2023,Webinar,Registered,False,2025-01-08,True
8e9c2ba682f04c9f,998fd075957d42ba,lead,Disintermediate Wireless Applications Content Syndication 2024,Content Syndication,Responded,True,2025-04-19,True
027e7a17da6f499f,93f32af2016f44e9,lead,Re-Intermediate Visionary Convergence Webinar 2025,Webinar,Registered,False,2025-04-12,False
336737906b7f4842,c65ca09a99d44d46,contact,Streamline 24/7 Systems Advertisement 2024,Email,Sent,False,2025-04-21,True
cd569d8c7d6248ae,63f55c754da84377,contact,Target Mission-Critical Eyeballs Content Syndication 2025,Email,Sent,False,2025-01-28,True
f4256a5c02a64804,2db7a24dd22e4d5a,contact,Grow Best-Of-Breed Users Event 2024,Event,Attended,True,2025-04-20,True
82fb2dbefb6f4421,0f5539ac11034ddc,contact,E-Enable Out-Of-The-Box Portals Social 2023,Social,Viewed,False,2025-04-16,True
d19f87c42e57496c,e2a2bc9203784e6f,contact,Streamline Distributed E-Markets Webinar 2023,Email,Sent,False,2025-04-30,True
4b158eb4e7c74b2c,8fbea558b791444b,lead,Envisioneer Holistic Web-Readiness Email 2024,Email,Sent,False,2024-12-14,False
217c8051287e44f1,f147d4ad69bd484e,lead,Matrix Seamless Infrastructures Social 2024,Social,Viewed,False,2024-03-24,False
ca7c2cb66b3f451c,293082c6f08e48d3,contact,Utilize Back-End Action-Items Advertisement 2025,Advertisement,Clicked,True,2024-08-11,False
012d26dc832d47c7,ac23f9a22f5a4d5a,lead,E-Enable Out-Of-The-Box Portals Social 2023,Social,Clicked,True,2025-04-07,True
a3aedebc1ee84979,429413ad913f4749,lead,Optimize Strategic Supply-Chains Webinar 2023,Webinar,No Show,False,2024-10-19,False
329b201af7274302,6f6934d17dd84da2,contact,Matrix Wireless Solutions Advertisement 2025,Advertisement,Viewed,False,2025-03-13,False
84cf1b5831584a76,74505e72ac204f2f,contact,Harness Wireless Communities Content Syndication 2024,Content Syndication,Responded,True,2025-04-08,False
1d085b8ef0d0476f,4023c4102aed411a,contact,Monetize Clicks-And-Mortar Bandwidth Event 2023,Email,Sent,False,2024-11-05,False
2f6b67ec927c45ec,2eb104fc6a944a08,contact,Deliver One-To-One Markets Email 2024,Email,Sent,False,2025-04-22,True
03f32a9b27d14364,a4a4341a54c846f6,lead,Re-Contextualize Extensible Technologies Email 2023,Email,Clicked,True,2025-04-07,False
13f2ecc0d31e4dc0,26db812af63f4047,lead,Re-Contextualize Extensible Technologies Email 2023,Email,Sent,False,2024-11-24,True
3667cba2bf2e4a28,c64455e48bf64610,lead,Drive Next-Generation Communities Telemarketing 2025,Telemarketing,Responded,True,2024-10-27,True
62df0baeeac6480a,4564b8d497fd4198,contact,Streamline Distributed E-Markets Webinar 2023,Webinar,Registered,False,2025-02-15,False
9da304be6d0a41c5,a3b23cca871f4815,lead,Evolve E-Business Markets Webinar 2023,Email,Sent,False,2025-04-09,False
27f0bf49d4484007,26db812af63f4047,lead,Embrace Out-Of-The-Box Networks Webinar 2023,Email,Sent,False,2025-04-25,True
52bb2c44eae7443e,e2a2bc9203784e6f,contact,Embrace Out-Of-The-Box Networks Webinar 2023,Email,Sent,False,2025-03-19,False
5ba46110fbc34b1e,6bf7588780a74c43,lead,Extend Granular Schemas Email 2025,Email,Opened,False,2023-09-01,True
f43701be2563418c,ab3adfe35cbf4fcf,lead,Orchestrate 24/7 Relationships Content Syndication 2024,Content Syndication,Sent,False,2024-11-09,True
ad1e460a8b0a41db,87327822404145c3,lead,Brand Leading-Edge Interfaces Telemarketing 2025,Email,Sent,False,2025-03-08,False
9ea641ad82b2468a,c80fe48b502c4043,contact,E-Enable Seamless E-Commerce Event 2025,Email,Sent,False,2023-07-24,True
cc186c075bd04624,414b6112183144bd,lead,Matrix Wireless Solutions Advertisement 2025,Advertisement,Clicked,True,2024-11-13,False
42e346be8e654e3c,bd22c6b4689249c7,contact,Brand Visionary Models Advertisement 2024,Advertisement,Clicked,True,2025-04-28,False
95551ea1cdcf40be,d470dfac3c6544d9,lead,Maximize Bleeding-Edge Convergence Webinar 2023,Webinar,Registered,False,2025-01-30,True
47c806760b5a4829,e548daa6ea064625,lead,Disintermediate Wireless Applications Content Syndication 2024,Content Syndication,Sent,False,2025-04-22,False
1a70bf650d0f43d6,d373575bfc004a77,lead,Facilitate Web-Enabled Applications Email 2024,Email,Clicked,True,2025-04-05,False
07e3ba08361b4027,1980a7068c854572,contact,Grow Best-Of-Breed Users Event 2024,Email,Sent,False,2025-03-17,True
f266813c8a4f4a22,7e4b25ad9b6d4ef7,lead,Embrace Out-Of-The-Box Networks Webinar 2023,Webinar,Attended,True,2025-04-10,False
6ac3ef0524844ea5,dca06f07ba7b4ced,lead,Unleash Cutting-Edge E-Markets Content Syndication 2025,Content Syndication,Responded,True,2024-12-12,True
308d53c174444e53,abc68d63cdce455d,contact,Utilize Visionary Eyeballs Webinar 2023,Webinar,Registered,False,2025-03-12,True
4b3cf7ff04ad4571,ce300319779040cb,lead,Drive End-To-End Deliverables Advertisement 2024,Email,Sent,False,2024-12-16,True
bc5e7438cd134b77,02101115a2bd45d1,contact,Re-Intermediate B2B Interfaces Event 2023,Event,Registered,False,2025-04-16,True
0fd3fe04d67b4839,45cbfb294ddc47f6,lead,Mesh Interactive Platforms Advertisement 2023,Advertisement,Clicked,True,2025-04-02,False
fb9d81dadd9544af,953dba724da64685,lead,Streamline 24/7 Systems Advertisement 2024,Advertisement,Clicked,True,2025-03-28,True
61c9679abd0e4f7f,0d97159d8b2c43d1,lead,Disintermediate 24/7 Metrics Telemarketing 2024,Telemarketing,Sent,False,2024-09-01,True
29296cf77fd94124,708e08ffce2b4624,contact,Target Mission-Critical Eyeballs Content Syndication 2025,Email,Sent,False,2023-10-15,True
08d823162d134f48,ab0ce0dc0056419a,lead,Embrace Out-Of-The-Box Networks Webinar 2023,Email,Sent,False,2025-04-21,False
36d3696cda7e4108,9dd0cecced544ec3,lead,Unleash Ubiquitous Channels Event 2025,Event,Registered,False,2024-11-17,False
eb35f18932ed49c4,dbec762b4fbb49d7,lead,Harness Dynamic Relationships Telemarketing 2023,Telemarketing,Sent,False,2024-11-03,True
70c42c7d8bdb4f69,bd63086e621b4ab8,contact,Integrate Open-Source Architectures Webinar 2023,Webinar,Attended,True,2025-04-12,True
156c097916ce446c,55c9c9d5e237444c,lead,Optimize Strategic Supply-Chains Webinar 2023,Email,Sent,False,2023-09-18,True
02315ff62bd94110,6f551af0e6e64e0b,lead,Benchmark Rich Functionalities Event 2024,Event,Registered,False,2025-04-01,True
83ae8c96f0614f39,e874b3fef9f44a20,lead,Orchestrate End-To-End Models Event 2025,Event,Attended,True,2025-04-27,False
828e113f41264b1f,188fb0d5560b4ef8,lead,Envisioneer Holistic Web-Readiness Email 2024,Email,Sent,False,2025-04-30,True
2717e0874cc54ff8,4023c4102aed411a,contact,Benchmark Rich Functionalities Event 2024,Email,Sent,False,2023-08-04,False
110b01746bd946d3,45934305f11e4b62,lead,Envisioneer Holistic Web-Readiness Email 2024,Email,Clicked,True,2024-09-06,False
d18d56bb6c94497d,7833119f50b24965,lead,Unleash Ubiquitous Channels Event 2025,Event,No Show,False,2024-07-29,True
a7f88a4fd1f64382,9ac77f84f0734030,lead,Envisioneer Revolutionary Deliverables Content Syndication 2024,Email,Sent,False,2024-11-25,False
4c45d267606649c8,325e681919624ea9,lead,Unleash 24/7 E-Tailers Event 2025,Event,No Show,False,2025-04-28,True
7d2039ecc2fb4377,8211bdcbacd142d7,lead,Brand Visionary Models Advertisement 2024,Advertisement,Clicked,True,2025-04-02,True
3a40f6be6f084f44,0bf8b4cd1cdd45c9,contact,Orchestrate End-To-End Models Event 2025,Email,Sent,False,2025-01-16,False
fc702e6f3a5946de,e5145b2f85524b1c,lead,Maximize Bleeding-Edge Convergence Webinar 2023,Webinar,Attended,True,2024-11-14,False
b510ec2b30224a46,a73bdabac25543b8,lead,Architect Viral Models Webinar 2024,Webinar,Attended,True,2023-05-19,False
16ee111badb7422e,7e42afa216f549bd,contact,Monetize Out-Of-The-Box Content Social 2023,Social,Viewed,False,2025-04-15,False
4bea5fbf716344bf,3a2b32da2b974b36,lead,E-Enable Seamless E-Commerce Event 2025,Event,No Show,False,2024-11-25,True
25674b6a39a74296,a055e41b7a2946e3,lead,Envisioneer Holistic Web-Readiness Email 2024,Email,Sent,False,2025-04-11,True
816dfe3e97054f0e,1b690874435840a4,lead,Generate Global Architectures Content Syndication 2025,Content Syndication,Responded,True,2025-04-16,False
adf9780d50034b8f,40a43438b8c14560,contact,Utilize Back-End Action-Items Advertisement 2025,Advertisement,Clicked,True,2023-05-14,False
5a40bc7ebd8e47f5,d470dfac3c6544d9,lead,Matrix Seamless Infrastructures Social 2024,Social,Viewed,False,2025-04-15,True
c6d5d1b6116848ed,50aa4e71898048be,contact,Engage Impactful Portals Webinar 2025,Webinar,No Show,False,2025-01-25,True
ceca09c553f54b6b,3e8ceabc6797494d,lead,Streamline Distributed E-Markets Webinar 2023,Webinar,No Show,False,2023-05-18,True
6189d364ff7a404e,811c5bb83bdb407a,lead,Whiteboard Synergistic Initiatives Email 2025,Email,Clicked,True,2025-02-04,True
798134c6ff0f4c2a,b4afa2265893433c,contact,E-Enable Out-Of-The-Box Portals Social 2023,Social,Viewed,False,2024-12-05,False
7109fded2dc14444,1b690874435840a4,lead,Envisioneer Holistic Web-Readiness Email 2024,Email,Clicked,True,2023-07-27,False
31bfbc7a276647ef,f6f30f828d3b4e72,contact,Target Collaborative Paradigms Social 2024,Social,Viewed,False,2025-03-03,True
8bd5d58476c34a73,811c5bb83bdb407a,lead,Optimize Strategic Supply-Chains Webinar 2023,Webinar,No Show,False,2024-12-11,True
ab7131b1fccc448b,63f55c754da84377,contact,Unleash Ubiquitous Channels Event 2025,Email,Sent,False,2023-06-15,False
33f9f44d58a0490a,40071fae516d4588,lead,Brand End-To-End Info-Mediaries Advertisement 2024,Advertisement,Clicked,True,2025-04-03,False
779cdbe6d0f0459d,1e3b3a3e36184585,lead,Drive Next-Generation Communities Telemarketing 2025,Telemarketing,Sent,False,2025-04-21,False
9a9c9e67a6bb4105,e4d00aa7d627429f,lead,Evolve E-Business Markets Webinar 2023,Webinar,Attended,True,2025-02-10,False
b6156e38fda74a26,c5f31bf488a34883,contact,Facilitate Granular Web-Readiness Telemarketing 2024,Email,Sent,False,2023-06-25,False
ce9386a02f184852,bd22c6b4689249c7,contact,Streamline 24/7 Systems Advertisement 2024,Advertisement,Clicked,True,2024-08-17,True
633af7a6e0f94c32,1127df2172c04f86,contact,Whiteboard Synergistic Initiatives Email 2025,Email,Opened,False,2025-04-05,True
ad82905a8b114e0d,09c9f0fe936e44bf,contact,Facilitate Granular Web-Readiness Telemarketing 2024,Email,Sent,False,2025-01-25,True
b0a760d2aaff4f84,ff5982f5b3f6458b,lead,Harness Dynamic Relationships Telemarketing 2023,Email,Sent,False,2025-04-02,True
a965bff1cc414a98,55c9c9d5e237444c,lead,Target Collaborative Paradigms Social 2024,Email,Sent,False,2025-04-20,True
193773d9e5004a85,a1d5ebe937ac4e8a,contact,Strategize Seamless Vortals Telemarketing 2025,Telemarketing,Responded,True,2025-02-15,True
a494a2de951a4a1f,0bf8b4cd1cdd45c9,contact,Harness Dynamic Relationships Telemarketing 2023,Email,Sent,False,2025-04-17,False
bf77a23dabdf4e56,e6fe353aa34e40f1,contact,Streamline Distributed E-Markets Webinar 2023,Webinar,Attended,True,2024-12-21,False
57a6473029044ce5,672d20b5dd8c4201,lead,Iterate Transparent Initiatives Social 2023,Social,Clicked,True,2024-07-31,False
e34835073e594292,0aa4bc073e6d43e7,contact,Generate Global Architectures Content Syndication 2025,Content Syndication,Sent,False,2025-04-21,True
be7cbdb7d907429f,90c6f58cf2144ff9,contact,Architect Customized Partnerships Telemarketing 2024,Email,Sent,False,2025-04-24,True
c75b3603fb364a6a,672d20b5dd8c4201,lead,Transition Efficient Deliverables Email 2024,Email,Opened,False,2023-12-11,True
912d2fc1da834e62,97c325d1ea5f44f8,lead,Matrix Seamless Infrastructures Social 2024,Social,Clicked,True,2025-03-24,True
2cec26c459e84c53,d4c9844a1c9f4ade,contact,Redefine Cross-Media Synergies Webinar 2023,Webinar,Attended,True,2024-11-06,True
2dc7d3b4634643c7,0ef16dc55cac4a29,lead,Re-Intermediate B2B Interfaces Event 2023,Event,Attended,True,2025-02-17,False
89a4449887ec49c3,e79ae282252a44a9,contact,Orchestrate End-To-End Models Event 2025,Event,Attended,True,2025-01-10,False
5d99d2c32abf4b13,0b30ac08153448ce,lead,Harness Dynamic Relationships Telemarketing 2023,Email,Sent,False,2025-04-18,True
908c75ccdef645ed,a72d2167f475488f,lead,Unleash Ubiquitous Channels Event 2025,Email,Sent,False,2025-04-06,True
ff649b711d23497b,5a1a8de319284d1c,lead,E-Enable Out-Of-The-Box Portals Social 2023,Email,Sent,False,2025-04-22,True
e0821347d0254db1,4a62ece44fb04af2,lead,Harness Dynamic Relationships Telemarketing 2023,Email,Sent,False,2024-04-09,True
196c2fc644504711,c80fe48b502c4043,contact,Drive Next-Generation Communities Telemarketing 2025,Email,Sent,False,2025-04-30,True
94e4cb722ba94bef,7e42afa216f549bd,contact,E-Enable Seamless E-Commerce Event 2025,Event,No Show,False,2025-04-07,False
4865037752084065,4468e32f8e444c94,contact,Matrix Wireless Solutions Advertisement 2025,Email,Sent,False,2025-04-15,True
46904d8808254563,e6fe353aa34e40f1,contact,Disintermediate 24/7 Metrics Telemarketing 2024,Telemarketing,Sent,False,2025-03-06,False
f65477ed784b43f2,f669ca9a4acd434d,contact,Strategize Seamless Vortals Telemarketing 2025,Telemarketing,Sent,False,2025-02-06,False
e96cbf9a72da4df7,9c20faaa55be4c53,lead,Streamline 24/7 Systems Advertisement 2024,Email,Sent,False,2024-05-14,True
ecee8f37d426416b,cdee4d4b7d564dc6,lead,Facilitate Granular Web-Readiness Telemarketing 2024,Telemarketing,Sent,False,2024-11-30,True
4724d49ce2f04e80,726558d5a3be4593,contact,Unleash Ubiquitous Channels Event 2025,Event,No Show,False,2024-05-11,False
e62151b29fab4398,44b6509d6c7f4310,lead,Brand Leading-Edge Interfaces Telemarketing 2025,Telemarketing,Sent,False,2024-11-09,True
3e33e98ef9a04b3a,3ba7041726a24413,lead,Streamline Distributed E-Markets Webinar 2023,Webinar,No Show,False,2023-10-26,False
ada38f50bc8a4106,eb345aeb9b474871,contact,Re-Contextualize B2C Networks Social 2025,Email,Sent,False,2024-11-07,True
54630552c0314245,29c2dce0feb44357,contact,Matrix Seamless Infrastructures Social 2024,Social,Clicked,True,2025-04-17,True
3b5502212be0444f,96e989da68254457,contact,Orchestrate End-To-End Models Event 2025,Event,No Show,False,2025-04-25,False
844bbd3eca5b438c,806831de6b94469e,contact,Redefine Cross-Media Synergies Webinar 2023,Webinar,Attended,True,2025-04-27,True
7264760955094e6d,64fd54a58d2a41ed,lead,Re-Intermediate B2B Interfaces Event 2023,Email,Sent,False,2025-04-16,True
897efa7997df4f7c,8ea8b95233b04730,contact,Engineer Robust Web Services Event 2024,Email,Sent,False,2025-01-28,True
58327849a57f4ac0,9080f6f09a954df3,contact,Evolve Extensible Deliverables Webinar 2023,Webinar,Registered,False,2025-04-25,False
06dd2c82bb494347,15708db845724f5b,contact,Monetize Clicks-And-Mortar Bandwidth Event 2023,Event,Registered,False,2025-04-05,True
6b8962b49f1042c2,cc76e2431fcd482c,contact,Monetize Out-Of-The-Box Content Social 2023,Social,Clicked,True,2025-04-25,True
172ec88a65db4c38,8c9ff1b71100496d,lead,Brand End-To-End Info-Mediaries Advertisement 2024,Advertisement,Clicked,True,2024-09-06,False
cb606cde0e9d4428,76814aef8eb041cb,contact,Grow Best-Of-Breed Users Event 2024,Event,Attended,True,2025-01-28,True
f1248da66ccf4ced,81dec6d84c5545e1,contact,Re-Contextualize B2C Networks Social 2025,Email,Sent,False,2025-04-08,True
aa22978c67e64709,3f61e90d70704b2c,lead,Engineer Robust Web Services Event 2024,Email,Sent,False,2024-08-26,False
4777c396eb4f43bd,3de1ba830de74bc6,lead,Incubate Front-End E-Tailers Telemarketing 2025,Email,Sent,False,2025-02-26,True
396e14d25bb649bb,14e4186a11ee4dfc,lead,Optimize Strategic Supply-Chains Webinar 2023,Email,Sent,False,2025-02-04,True
c92e7f2f03a84fef,7e4b25ad9b6d4ef7,lead,Drive Next-Generation Communities Telemarketing 2025,Telemarketing,Sent,False,2025-01-11,False
d7a87b0c736347a0,03ce5d081a7f4655,lead,Facilitate Web-Enabled Applications Email 2024,Email,Sent,False,2023-05-30,False
8bbf60a23aa540a7,00793bf367644a9b,contact,Brand Leading-Edge Interfaces Telemarketing 2025,Email,Sent,False,2025-04-17,False
a9fbaa5daa2247b1,d2f6106c8ec1478f,contact,Matrix Wireless Solutions Advertisement 2025,Advertisement,Clicked,True,2025-04-03,False
4cae703d566f4a02,998fd075957d42ba,lead,Integrate Open-Source Architectures Webinar 2023,Webinar,No Show,False,2025-01-04,True
35d0b84203d6475f,9e05e006f76f453a,lead,Architect Customized Partnerships Telemarketing 2024,Telemarketing,Responded,True,2023-09-18,False
2442d0ad7da84af4,a15cf34c6c994d76,lead,Harness Wireless Communities Content Syndication 2024,Content Syndication,Responded,True,2025-04-08,True
5f7b2da209b94cef,90c6f58cf2144ff9,contact,Mesh Interactive Platforms Advertisement 2023,Email,Sent,False,2025-04-13,True
ee2ad3a0c22f4a9b,4aac9ce850fb4171,lead,Matrix Wireless Solutions Advertisement 2025,Email,Sent,False,2025-04-25,True
573676d1edf94053,851031771d1d475b,contact,Transition Efficient Deliverables Email 2024,Email,Opened,False,2023-11-21,True
8eb64ebdef91466c,a3b23cca871f4815,lead,Monetize Out-Of-The-Box Content Social 2023,Email,Sent,False,2025-04-16,True
b613ff1cb6a04fc6,a4a4341a54c846f6,lead,Whiteboard Synergistic Initiatives Email 2025,Email,Sent,False,2024-02-06,True
ee77f5f56e00411f,d373575bfc004a77,lead,Evolve Extensible Deliverables Webinar 2023,Webinar,Attended,True,2025-03-02,False
936190ce1b294a01,1127df2172c04f86,contact,Embrace Out-Of-The-Box Networks Webinar 2023,Webinar,No Show,False,2025-04-02,True
b6e1e6a744ff4557,e548daa6ea064625,lead,Architect Customized Partnerships Telemarketing 2024,Telemarketing,Responded,True,2024-12-03,False
b671216e45994591,e14a09ec7da74137,contact,Drive Next-Generation Communities Telemarketing 2025,Telemarketing,Sent,False,2025-04-29,True
741c840554fe4e91,297bb252619c48fb,lead,Target Mission-Critical Eyeballs Content Syndication 2025,Email,Sent,False,2024-04-08,False
4c520506211244a4,0e265666c7f340da,lead,Embrace Out-Of-The-Box Networks Webinar 2023,Email,Sent,False,2025-02-23,False
19cf7bc4308b4ced,d4c9844a1c9f4ade,contact,Re-Intermediate B2B Interfaces Event 2023,Event,No Show,False,2024-07-07,True
ed745c6e2aae4cd4,414b6112183144bd,lead,Embrace Out-Of-The-Box Networks Webinar 2023,Webinar,Attended,True,2025-04-09,False
5c7deac0d5bb4765,1d002fd3efd14e19,contact,Envisioneer Holistic Web-Readiness Email 2024,Email,Sent,False,2024-05-01,True
26e70fe1d1254e0b,c80fe48b502c4043,contact,Transition Efficient Deliverables Email 2024,Email,Sent,False,2025-02-12,True
c83bc25aae3f4a45,cae1c536432447b3,contact,Strategize Seamless Vortals Telemarketing 2025,Telemarketing,Responded,True,2025-04-12,False
11b4db4c762740af,ce300319779040cb,lead,Generate Global Architectures Content Syndication 2025,Email,Sent,False,2024-09-29,True
d473aa5cf0ae46d2,d8f43e8c77994c1f,contact,Redefine Cross-Media Synergies Webinar 2023,Email,Sent,False,2024-07-05,True
6dd6f49348d74b8c,d470dfac3c6544d9,lead,Unleash Cutting-Edge E-Markets Content Syndication 2025,Content Syndication,Sent,False,2024-07-01,True
33d0706b0f5441c7,f0fddac0313d4f8c,lead,Envisioneer Holistic Web-Readiness Email 2024,Email,Sent,False,2024-12-26,False
a7434394691f4dee,57a6edd2b0744232,lead,Engage Impactful Portals Webinar 2025,Email,Sent,False,2024-12-05,True
7b8b1ef89b8548ca,fa4894007b794a2c,lead,Envisioneer Revolutionary Deliverables Content Syndication 2024,Content Syndication,Responded,True,2025-04-25,True
c44b6e69797f41cc,250ae1b20d1b4f6d,contact,Generate Next-Generation Markets Event 2025,Email,Sent,False,2025-04-01,False
f583e88f460a4229,f43799fb22e54bf5,lead,Unleash Cutting-Edge E-Markets Content Syndication 2025,Email,Sent,False,2025-04-05,True
9080f8d1b5c54f10,ec53f881c37642e6,contact,Redefine Cross-Media Synergies Webinar 2023,Webinar,No Show,False,2025-02-16,False
81a7693810614b6d,e6fe353aa34e40f1,contact,Embrace Out-Of-The-Box Networks Webinar 2023,Webinar,Registered,False,2025-04-14,False
7c664522365d4450,63f55c754da84377,contact,Unleash Cutting-Edge E-Markets Content Syndication 2025,Email,Sent,False,2024-09-10,False
0026a967af1e4202,26fb5134d77a49a8,lead,Evolve Extensible Deliverables Webinar 2023,Webinar,Attended,True,2024-12-12,True
57534dbfbb3d433d,6731d3aa45a44078,lead,Benchmark Rich Functionalities Event 2024,Email,Sent,False,2025-04-01,True
e612ec0b941c47b8,8c2c1549327b4f3a,contact,Utilize Back-End Action-Items Advertisement 2025,Advertisement,Viewed,False,2024-05-10,False
c6d90ec7ecaf4112,6c1b9e7925f24b0b,contact,Target Collaborative Paradigms Social 2024,Social,Viewed,False,2023-06-21,True
0552b5d52a67407f,ba9c502883e04267,contact,Optimize Strategic Supply-Chains Webinar 2023,Email,Sent,False,2024-11-20,False
d679422f65304356,93f32af2016f44e9,lead,Mesh Interactive Platforms Advertisement 2023,Advertisement,Clicked,True,2025-02-10,True
ce4360c5ea64449a,9d38418f6c59493c,contact,Iterate Transparent Initiatives Social 2023,Social,Clicked,True,2025-04-05,True
6492847942414b9f,9d38418f6c59493c,contact,Utilize Back-End Action-Items Advertisement 2025,Advertisement,Clicked,True,2024-11-12,False
e82008a9e66c4c66,1f31c41e9afc4345,lead,Engage Impactful Portals Webinar 2025,Email,Sent,False,2024-11-20,True
da16307729264ae2,a744724b2a644af4,contact,Orchestrate End-To-End Models Event 2025,Event,Attended,True,2024-12-22,True
236c6e1b56104027,811c5bb83bdb407a,lead,Brand Visionary Models Advertisement 2024,Advertisement,Clicked,True,2025-01-14,True
35009fd51a944a48,185ab818f2a94f8b,contact,Re-Intermediate B2B Interfaces Event 2023,Email,Sent,False,2023-11-13,True
b36c4aae88a640e2,01acd90b17d64780,lead,Facilitate Web-Enabled Applications Email 2024,Email,Sent,False,2025-04-04,True
2506bb2592f9489f,26db812af63f4047,lead,Generate B2B Eyeballs Webinar 2023,Email,Sent,False,2024-06-08,False
ea398ce68bb24508,9da2c8b1ac1143f9,lead,Mesh Interactive Platforms Advertisement 2023,Advertisement,Viewed,False,2025-01-16,True
3228acaf7ec04f14,c8ba071217f14aef,contact,Orchestrate End-To-End Models Event 2025,Email,Sent,False,2024-01-26,True
53666b93efad42c4,27d652b7a0984a3f,lead,Monetize Clicks-And-Mortar Bandwidth Event 2023,Event,No Show,False,2024-10-28,False
ebd8c0d223ba4664,d6a893b59d0f483d,lead,Unleash 24/7 E-Tailers Event 2025,Event,Attended,True,2025-04-05,False
8e3241cd061e4c54,811c5bb83bdb407a,lead,Re-Contextualize Extensible Technologies Email 2023,Email,Clicked,True,2025-03-15,True
c6dc2618f4534cea,9d38418f6c59493c,contact,Facilitate Granular Web-Readiness Telemarketing 2024,Telemarketing,Responded,True,2025-04-16,False
fda2416aaf634976,501f47ca096e4ea3,lead,Re-Intermediate Visionary Convergence Webinar 2025,Webinar,Attended,True,2024-11-25,False
20f787500ba34525,1b690874435840a4,lead,Disintermediate 24/7 Metrics Telemarketing 2024,Telemarketing,Responded,True,2024-11-25,False
140f6d64f90541fe,b688fbf38d6b4705,lead,Architect Customized Partnerships Telemarketing 2024,Telemarketing,Sent,False,2024-11-04,True
b53831c5532345ea,49d617844ed945da,lead,Streamline 24/7 Systems Advertisement 2024,Advertisement,Clicked,True,2023-05-20,False
8281399ca72b4898,6b22af91cce6467a,contact,Unleash Ubiquitous Channels Event 2025,Email,Sent,False,2025-04-01,False
e7913cae998245ec,d7aa9d22d1cb46db,contact,Re-Contextualize Extensible Technologies Email 2023,Email,Opened,False,2024-12-16,True
f913c8c264144b55,d169b48a0b9b4d30,lead,E-Enable Seamless E-Commerce Event 2025,Event,Attended,True,2025-02-24,True
1c788ba5100d4162,f6f30f828d3b4e72,contact,Streamline Distributed E-Markets Webinar 2023,Webinar,Attended,True,2025-04-15,True
d27892b47a4443f8,4564b8d497fd4198,contact,Re-Contextualize Extensible Technologies Email 2023,Email,Opened,False,2025-04-22,False
6fb87b4a891449e2,dac1fb0ef8c24e17,lead,Disintermediate 24/7 Metrics Telemarketing 2024,Email,Sent,False,2025-01-24,False
b0fed4b0ddf3449e,e5e584ac6b91490c,lead,Integrate Open-Source Architectures Webinar 2023,Email,Sent,False,2024-12-19,False
6778b4d540664280,45cbfb294ddc47f6,lead,Brand Leading-Edge Interfaces Telemarketing 2025,Telemarketing,Sent,False,2025-04-03,True
df6cd158b6c142b7,75a95879804e4fbc,lead,Disintermediate 24/7 Metrics Telemarketing 2024,Email,Sent,False,2025-03-17,False
6e7ff68246a24ab0,ab0ce0dc0056419a,lead,Generate B2B Eyeballs Webinar 2023,Email,Sent,False,2025-01-25,False
39cf01b819d143ac,e5e584ac6b91490c,lead,Re-Contextualize B2C Networks Social 2025,Email,Sent,False,2024-04-15,True
5bbff691508c47d0,e6ebe9c1fb754f85,contact,Evolve Extensible Deliverables Webinar 2023,Webinar,Attended,True,2025-04-18,True
3753ac445bbf442b,d801501544064e42,lead,Deliver One-To-One Markets Email 2024,Email,Opened,False,2024-07-18,True
2bcd0189b7fb47cf,7833119f50b24965,lead,Utilize Visionary Eyeballs Webinar 2023,Webinar,Registered,False,2025-02-14,True
83cfe3d0c8314256,c562c53ac3804304,lead,Architect Customized Partnerships Telemarketing 2024,Telemarketing,Sent,False,2024-12-23,True
324121398a194b7c,1043dd2b6102482a,contact,Optimize Strategic Supply-Chains Webinar 2023,Webinar,Registered,False,2025-04-25,True
728099f384854761,40071fae516d4588,lead,Brand Visionary Models Advertisement 2024,Advertisement,Clicked,True,2024-12-20,True
da1aca0c8f854a60,6d14a5c65466472b,lead,Re-Intermediate B2B Interfaces Event 2023,Event,Attended,True,2025-04-15,False
d083eefe20b14fff,698c4c31be40435d,lead,Iterate Transparent Initiatives Social 2023,Email,Sent,False,2025-04-27,True
7c542c805fd44d37,708e08ffce2b4624,contact,Brand End-To-End Info-Mediaries Advertisement 2024,Email,Sent,False,2025-01-24,True
a4c8b1119bed4938,811c5bb83bdb407a,lead,Maximize Bleeding-Edge Convergence Webinar 2023,Webinar,Registered,False,2024-03-22,True
4b1f5c07404448d4,7833119f50b24965,lead,Optimize Strategic Supply-Chains Webinar 2023,Webinar,Attended,True,2025-03-09,True
c2035d1b77f34ae5,726558d5a3be4593,contact,Generate Next-Generation Markets Event 2025,Event,Registered,False,2023-12-23,True
91e9bb64849e4ffb,d373575bfc004a77,lead,Whiteboard Synergistic Initiatives Email 2025,Email,Opened,False,2025-04-18,True
7e90767034fa485f,abc68d63cdce455d,contact,Generate Global Architectures Content Syndication 2025,Content Syndication,Responded,True,2025-03-08,True
6968d7347376488b,3cf2ede0ad1a48e4,lead,Monetize Clicks-And-Mortar Bandwidth Event 2023,Event,No Show,False,2025-04-01,False
0218842cd7694ca4,15708db845724f5b,contact,Deliver One-To-One Markets Email 2024,Email,Opened,False,2024-09-05,False
1af9df0969f549df,08393fe814024e3b,contact,Architect Viral Models Webinar 2024,Webinar,No Show,False,2024-09-05,True
bf2bfdec80c64f0d,96e989da68254457,contact,Drive End-To-End Deliverables Advertisement 2024,Advertisement,Viewed,False,2025-04-16,True
1036898c9701418f,293082c6f08e48d3,contact,Whiteboard Synergistic Initiatives Email 2025,Email,Clicked,True,2025-04-27,True
eec187e749ae496b,abab5caf18864367,lead,Drive Next-Generation Communities Telemarketing 2025,Telemarketing,Sent,False,2025-04-23,True
0c8e323a41834b00,ea3610f1901c46d6,lead,Drive Next-Generation Communities Telemarketing 2025,Telemarketing,Responded,True,2023-09-04,True
f7bdc2727ced49a6,64f98b7dcefe4ed0,contact,Mesh Interactive Platforms Advertisement 2023,Advertisement,Viewed,False,2025-02-14,True
70ad5d29ac1c403f,341602abd5d14d35,lead,Orchestrate End-To-End Models Event 2025,Email,Sent,False,2024-03-03,True
a3587c481aa240ba,d5d61c3a50e44043,contact,Orchestrate End-To-End Models Event 2025,Email,Sent,False,2025-04-17,True
7ea705203841419d,3ba7041726a24413,lead,Drive End-To-End Deliverables Advertisement 2024,Advertisement,Clicked,True,2023-07-13,True
d98caf7c766e4805,d62348854f144843,lead,Unleash Cutting-Edge E-Markets Content Syndication 2025,Email,Sent,False,2023-12-19,False
dc8e407be7cb4fdc,d5d61c3a50e44043,contact,Unleash Ubiquitous Channels Event 2025,Email,Sent,False,2023-11-29,True
18be02150b614193,820e3f38dbe146bb,lead,Integrate Open-Source Architectures Webinar 2023,Email,Sent,False,2024-12-12,True
f5bee6f0f87a4f71,cdee4d4b7d564dc6,lead,Target Collaborative Paradigms Social 2024,Social,Viewed,False,2025-01-22,False
d8ed15770c1b4b3c,5b8f29a617ee4c0c,contact,Harness Dynamic Relationships Telemarketing 2023,Telemarketing,Sent,False,2025-04-19,True
7eb40a34acc54f6f,f0fddac0313d4f8c,lead,Embrace Out-Of-The-Box Networks Webinar 2023,Email,Sent,False,2025-04-15,True
6fac7ac21790484d,1bad641b07e74709,lead,Strategize Seamless Vortals Telemarketing 2025,Telemarketing,Responded,True,2025-03-23,False
0d1e042fa89a453e,a8615e69154d464b,lead,Utilize Back-End Action-Items Advertisement 2025,Advertisement,Clicked,True,2025-04-26,True
41000ba5f92b4ca0,8a4e20f67d2e4cf1,contact,Architect Viral Models Webinar 2024,Webinar,Attended,True,2024-12-31,False
a88cd2475c0f4662,1c9acc1c906d4523,lead,Revolutionize Value-Added Deliverables Telemarketing 2023,Telemarketing,Sent,False,2024-12-23,False
14659cc9600942e1,1127df2172c04f86,contact,Facilitate Web-Enabled Applications Email 2024,Email,Opened,False,2025-04-01,False
36996d687b8b4707,7e42afa216f549bd,contact,Mesh Interactive Platforms Advertisement 2023,Advertisement,Clicked,True,2025-02-01,False
2218e67c0fc943b6,5c5a0f6030384288,lead,Embrace Out-Of-The-Box Networks Webinar 2023,Webinar,No Show,False,2025-04-14,False
10ee4e5d57e140a2,5990d3905eb04b89,lead,Orchestrate 24/7 Relationships Content Syndication 2024,Content Syndication,Responded,True,2025-01-27,False
5d6b2e8a94be45a3,bb531ce9ace14ee2,contact,Drive Next-Generation Communities Telemarketing 2025,Email,Sent,False,2024-07-09,True
7c14c95049244129,08bb87b38c4e40d3,lead,Unleash Cutting-Edge E-Markets Content Syndication 2025,Content Syndication,Sent,False,2025-04-11,False
0d3a16f5341d4c6e,f43799fb22e54bf5,lead,Orchestrate 24/7 Relationships Content Syndication 2024,Email,Sent,False,2025-03-13,True
911b53b39fef4d05,96e989da68254457,contact,Orchestrate End-To-End Models Event 2025,Event,Registered,False,2023-08-29,True
508828bbc89d4775,ca3a7ab389184b2f,lead,Engage Impactful Portals Webinar 2025,Webinar,No Show,False,2025-02-03,False
26cfb2b4b3b54cc3,69cb0873a73d4fbe,contact,Integrate Open-Source Architectures Webinar 2023,Webinar,Registered,False,2024-09-02,False
8c9a7c19d8724ed2,b1bf295cb6c74526,lead,Deliver One-To-One Markets Email 2024,Email,Opened,False,2025-04-24,True
c8d437ec90e04df1,185ab818f2a94f8b,contact,Deliver One-To-One Markets Email 2024,Email,Sent,False,2025-03-27,False
f1b8636281cc44c5,0fe3d748143a4969,lead,Harness Dynamic Relationships Telemarketing 2023,Telemarketing,Sent,False,2025-04-16,True
533e2e8d849e4af7,ab3adfe35cbf4fcf,lead,Grow Best-Of-Breed Users Event 2024,Event,Registered,False,2025-04-10,True
59d5ae46597040bd,fdeded0c7f814b39,contact,Utilize Visionary Eyeballs Webinar 2023,Email,Sent,False,2023-06-30,False
bdc95c5fb26b4ada,2d13a190df7f4473,contact,Grow Best-Of-Breed Users Event 2024,Event,Attended,True,2025-04-18,False
7170d4f473c34260,45d0cf21efe2488b,contact,Monetize Clicks-And-Mortar Bandwidth Event 2023,Email,Sent,False,2025-01-01,True
f0144a4c5d564d75,28d04c644bb94888,lead,E-Enable Seamless E-Commerce Event 2025,Email,Sent,False,2024-04-26,True
eac3e90126494c65,57aaba60db474461,lead,Benchmark Rich Functionalities Event 2024,Event,No Show,False,2025-04-13,True
2753f8f1e22a43af,384291ce34534af3,lead,Unleash Ubiquitous Channels Event 2025,Event,Registered,False,2024-12-26,True
4fe358c3cc0c4899,1541005f62fa435b,lead,Re-Contextualize B2C Networks Social 2025,Social,Viewed,False,2025-04-22,True
f385da0c557a4981,25a7b8bffbda4b55,contact,Optimize Strategic Supply-Chains Webinar 2023,Email,Sent,False,2024-11-17,False
77b6014f22f743e4,26db812af63f4047,lead,Unleash Ubiquitous Channels Event 2025,Email,Sent,False,2025-04-27,False
298499bdc2ab4585,3d22eb58e4b84734,lead,Harness Wireless Communities Content Syndication 2024,Email,Sent,False,2025-04-08,True
e7baede36e92448a,1b690874435840a4,lead,Iterate Transparent Initiatives Social 2023,Social,Viewed,False,2025-04-13,True
2eaabf5fb6324a48,f901e483d8754602,lead,Deliver One-To-One Markets Email 2024,Email,Clicked,True,2025-03-13,False
098df87631cb44fb,2d13a190df7f4473,contact,Evolve E-Business Markets Webinar 2023,Webinar,Registered,False,2023-07-31,True
e121f9b5ace842a4,e4d00aa7d627429f,lead,Architect Viral Models Webinar 2024,Webinar,No Show,False,2023-10-08,False
f31a46b854eb4848,44b6509d6c7f4310,lead,Revolutionize Value-Added Deliverables Telemarketing 2023,Telemarketing,Responded,True,2023-06-16,False
b2f0ab4251ea4277,bd63086e621b4ab8,contact,Strategize Seamless Vortals Telemarketing 2025,Telemarketing,Sent,False,2024-11-24,False
7bd9e0da8f5c4e8c,34bc546cc797460c,lead,Orchestrate End-To-End Models Event 2025,Email,Sent,False,2023-08-19,True
227c1e46190f4a46,69c0e99ab94645b7,lead,Evolve Extensible Deliverables Webinar 2023,Webinar,No Show,False,2023-12-17,False
70afa5d52c3d467c,26fb5134d77a49a8,lead,Re-Contextualize B2C Networks Social 2025,Social,Viewed,False,2024-11-30,False
bc25c40962c34797,08393fe814024e3b,contact,Architect Customized Partnerships Telemarketing 2024,Telemarketing,Responded,True,2025-02-02,False
3643b2d671974062,2f7c6d7dc8934500,lead,Incubate Front-End E-Tailers Telemarketing 2025,Telemarketing,Responded,True,2025-04-26,True
554c6d51fd054471,74505e72ac204f2f,contact,Matrix Seamless Infrastructures Social 2024,Social,Clicked,True,2023-12-26,True
bf1451a1b8234ac1,d62348854f144843,lead,Brand End-To-End Info-Mediaries Advertisement 2024,Email,Sent,False,2025-04-30,False
058646d728af41f8,ab194ad3aa9c4794,lead,Disintermediate Wireless Applications Content Syndication 2024,Email,Sent,False,2025-03-16,True
12401ea937b14791,9ac77f84f0734030,lead,Grow Best-Of-Breed Users Event 2024,Email,Sent,False,2025-04-25,True
0f9da1cb2a8e46be,2f9aea08641848fe,lead,Facilitate Web-Enabled Applications Email 2024,Email,Clicked,True,2024-12-15,True
c9c84c3265b34cbc,2dbed577e7ec4c09,lead,Re-Intermediate Visionary Convergence Webinar 2025,Webinar,Registered,False,2025-04-27,True
3929acf75dc44dc5,44b6509d6c7f4310,lead,Unleash 24/7 E-Tailers Event 2025,Event,Attended,True,2023-06-07,True
4cafce5fac5e43e3,a4d7f4a377374ad5,contact,Target Mission-Critical Eyeballs Content Syndication 2025,Content Syndication,Responded,True,2025-03-26,False
e7e7ac78998f41b4,67979dd6ff284c89,lead,Strategize Seamless Vortals Telemarketing 2025,Telemarketing,Sent,False,2025-04-15,True
c8248898c0964904,d62348854f144843,lead,Target Mission-Critical Eyeballs Content Syndication 2025,Email,Sent,False,2025-04-14,True
173bb062155c4851,907b17412ee84ec4,lead,Strategize Seamless Vortals Telemarketing 2025,Telemarketing,Sent,False,2025-04-26,True
e70d88187c7d49b8,01bb85c6fc114849,contact,Monetize Clicks-And-Mortar Bandwidth Event 2023,Event,Attended,True,2025-04-14,True
f1226585ced3427a,cced2f11e3604477,contact,Target Collaborative Paradigms Social 2024,Email,Sent,False,2023-05-31,True
15f579134fc54195,96a759ed427742ed,contact,Architect Viral Models Webinar 2024,Email,Sent,False,2024-11-09,False
04593252256d4d6a,1e3b3a3e36184585,lead,Facilitate Web-Enabled Applications Email 2024,Email,Sent,False,2024-11-29,True
da208797632f4746,81dec6d84c5545e1,contact,Grow Best-Of-Breed Users Event 2024,Email,Sent,False,2024-09-24,True
afbe879a8d9f4e04,eda537e2082d44a5,contact,Envisioneer Revolutionary Deliverables Content Syndication 2024,Content Syndication,Sent,False,2025-04-03,True
ffd507e1325e46dc,c80fe48b502c4043,contact,Grow Best-Of-Breed Users Event 2024,Email,Sent,False,2024-01-14,True
f0a596c0d9e14230,25a7b8bffbda4b55,contact,Generate Next-Generation Markets Event 2025,Email,Sent,False,2025-01-19,True
f76ddfa57c3c4c37,26db812af63f4047,lead,Monetize Clicks-And-Mortar Bandwidth Event 2023,Email,Sent,False,2024-05-14,False
ee6e6633a25843d4,b935ba3975c04ec5,contact,Security ROI Calculator Download,Content Syndication,Responded,True,2025-04-22,True
4f4460426a8f4fdd,188fb0d5560b4ef8,lead,Embrace Out-Of-The-Box Networks Webinar 2023,Email,Sent,False,2025-01-02,False
a8634924fb644827,f5477c8a6da74ed2,contact,Harness Wireless Communities Content Syndication 2024,Content Syndication,Sent,False,2025-01-11,True
88525f915f2849ac,5a1a8de319284d1c,lead,Iterate Transparent Initiatives Social 2023,Email,Sent,False,2025-04-27,False
97eeba9860694313,4a62ece44fb04af2,lead,Envisioneer Revolutionary Deliverables Content Syndication 2024,Email,Sent,False,2025-03-24,True
c4b652d1e28e4e33,7e42afa216f549bd,contact,Envisioneer Revolutionary Deliverables Content Syndication 2024,Content Syndication,Sent,False,2024-10-02,False
40f8ece7085a4564,75697ac8f1844175,lead,Envisioneer Holistic Web-Readiness Email 2024,Email,Opened,False,2025-04-05,True
7475924df0374ad9,3de1ba830de74bc6,lead,Facilitate Web-Enabled Applications Email 2024,Email,Sent,False,2025-03-25,False
26f4b23d3ac34ab1,7833119f50b24965,lead,Embrace Out-Of-The-Box Networks Webinar 2023,Webinar,Attended,True,2024-05-24,True
d87b5bd4f88b4974,9080f6f09a954df3,contact,Revolutionize Value-Added Deliverables Telemarketing 2023,Telemarketing,Sent,False,2025-03-03,False
1a2ece7494cc4fa2,29749fd8a29b4cc9,lead,Generate Global Architectures Content Syndication 2025,Email,Sent,False,2025-04-29,True
4e2a329edcd64098,2864e38fca2b4a35,lead,Target Collaborative Paradigms Social 2024,Social,Clicked,True,2024-05-30,False
75bbf16ef28c4ac4,1b690874435840a4,lead,Re-Intermediate Visionary Convergence Webinar 2025,Webinar,Registered,False,2025-04-24,True
601df8524a724566,44b6509d6c7f4310,lead,Monetize Out-Of-The-Box Content Social 2023,Social,Clicked,True,2025-04-29,False
9ccf5b67dee64cac,188fb0d5560b4ef8,lead,Strategize Seamless Vortals Telemarketing 2025,Email,Sent,False,2024-12-20,True
8df7d53c667f4b11,9d38418f6c59493c,contact,Brand Leading-Edge Interfaces Telemarketing 2025,Telemarketing,Sent,False,2025-04-20,False
023693bbd6e74624,e5145b2f85524b1c,lead,Extend Granular Schemas Email 2025,Email,Sent,False,2025-04-21,True
c30f934799234c83,8e330830f7ec44fd,lead,Unleash 24/7 E-Tailers Event 2025,Email,Sent,False,2023-07-30,False
cb48573c48834707,4023c4102aed411a,contact,Deliver One-To-One Markets Email 2024,Email,Sent,False,2025-02-26,False
03c6680c920746ca,b99257da63be4c54,lead,Utilize Visionary Eyeballs Webinar 2023,Webinar,No Show,False,2024-12-09,True
853b4449073d423a,09bc0e068421492d,lead,Re-Intermediate Visionary Convergence Webinar 2025,Webinar,Attended,True,2023-12-01,False
c644132d54364a4d,1e3b3a3e36184585,lead,Engineer Robust Web Services Event 2024,Event,No Show,False,2023-11-03,False
bc066228a5374d00,14c41452160d40f4,contact,Streamline Distributed E-Markets Webinar 2023,Email,Sent,False,2025-02-19,False
7494a467d0d04e96,af8c8d7b450d4e9d,contact,Deliver One-To-One Markets Email 2024,Email,Sent,False,2023-10-30,True
c1966bfb02094d0d,d30180a12faa4f21,lead,Deliver One-To-One Markets Email 2024,Email,Opened,False,2025-04-08,False
6ab8686e7d0a436f,e79ae282252a44a9,contact,Brand Visionary Models Advertisement 2024,Advertisement,Clicked,True,2025-03-07,False
5ff67b85d0e14b97,f0e96d76ce2349ee,contact,Drive Next-Generation Communities Telemarketing 2025,Telemarketing,Sent,False,2025-01-14,False
a65122581dd5441a,cae1c536432447b3,contact,Orchestrate 24/7 Relationships Content Syndication 2024,Content Syndication,Sent,False,2023-09-03,False
d9a0401f9bb24a21,29749fd8a29b4cc9,lead,Drive Next-Generation Communities Telemarketing 2025,Email,Sent,False,2024-11-14,False
a071eb3a4f1c4b13,ab0ce0dc0056419a,lead,Orchestrate 24/7 Relationships Content Syndication 2024,Email,Sent,False,2025-01-15,True
e4b07bcab6fa4da7,a4a4341a54c846f6,lead,Revolutionize Value-Added Deliverables Telemarketing 2023,Telemarketing,Sent,False,2025-01-14,True
77cc581a71194f61,1664feb8ce204826,lead,Envisioneer Revolutionary Deliverables Content Syndication 2024,Content Syndication,Sent,False,2025-04-13,False
c88dcaf2bacf4014,8a4e20f67d2e4cf1,contact,Deliver One-To-One Markets Email 2024,Email,Sent,False,2025-04-19,False
5272f4eeac9b41be,5b4f1bee75d7423f,lead,Unleash Cutting-Edge E-Markets Content Syndication 2025,Content Syndication,Responded,True,2025-04-24,True
8b26997ca2634d96,f45c994a5a57444b,contact,Iterate Transparent Initiatives Social 2023,Social,Clicked,True,2025-04-20,True
343067f67cec4abd,41df424ab90d4af4,contact,Facilitate Web-Enabled Applications Email 2024,Email,Sent,False,2023-05-17,False
2ca7abbdebde4525,6df4a54be9ac41f1,lead,Re-Intermediate Visionary Convergence Webinar 2025,Webinar,Registered,False,2024-12-25,True
e4d5c49158e84881,4a62ece44fb04af2,lead,Generate B2B Eyeballs Webinar 2023,Email,Sent,False,2025-04-30,False
573f2073e5444247,a9b9beb598a64e0d,contact,Incubate Front-End E-Tailers Telemarketing 2025,Telemarketing,Responded,True,2025-03-20,True
bd0336662b074fdf,c65ca09a99d44d46,contact,Engineer Robust Web Services Event 2024,Email,Sent,False,2024-08-28,False
63d594d598e04455,293082c6f08e48d3,contact,Maximize Bleeding-Edge Convergence Webinar 2023,Webinar,Registered,False,2025-03-28,True
949cb0b947f14f82,90a9cfd4d2034f22,lead,Generate B2B Eyeballs Webinar 2023,Webinar,Attended,True,2025-04-02,True
2c9d15ec684b4e48,69cb0873a73d4fbe,contact,Unleash Cutting-Edge E-Markets Content Syndication 2025,Content Syndication,Sent,False,2023-09-21,False
bad573d9411943d0,40071fae516d4588,lead,Matrix Wireless Solutions Advertisement 2025,Advertisement,Clicked,True,2024-01-02,True
8aff1f7e268441f6,704c0efef5ae4598,contact,Target Collaborative Paradigms Social 2024,Email,Sent,False,2025-04-14,True
f3d93a0835464588,e6849e4f549c4a22,lead,Disintermediate 24/7 Metrics Telemarketing 2024,Telemarketing,Sent,False,2025-04-19,True
264d270e3ce34da1,a5bda53840fc4022,lead,Incubate Front-End E-Tailers Telemarketing 2025,Telemarketing,Responded,True,2024-12-30,True
3fa298cc9d1e41d6,f669ca9a4acd434d,contact,Envisioneer Holistic Web-Readiness Email 2024,Email,Clicked,True,2024-11-09,False
1acaf48b09eb45c3,c0b09f264b574fae,lead,Utilize Visionary Eyeballs Webinar 2023,Webinar,Registered,False,2025-04-22,True
c36b49bf063543bf,b87697b8990748dd,contact,Generate B2B Eyeballs Webinar 2023,Webinar,No Show,False,2023-09-16,False
29fa4c04f0ff4e27,6af7009d16b544a9,lead,Evolve Extensible Deliverables Webinar 2023,Webinar,Registered,False,2025-04-17,False
1a7574a2dedc4434,b9e87f7648af4b2d,contact,Architect Customized Partnerships Telemarketing 2024,Email,Sent,False,2024-12-19,True
64ea4de60a5e4548,b0fcfbb61c9747b4,contact,Engage Impactful Portals Webinar 2025,Email,Sent,False,2025-02-02,True
731a203bf98a477a,29749fd8a29b4cc9,lead,Security Summit Webinar 2025,Webinar,Attended,True,2025-04-13,True
e252518319ce4a58,5364184fb7f64b3f,contact,Streamline 24/7 Systems Advertisement 2024,Advertisement,Clicked,True,2025-04-09,False
f45186d63bce4c40,f0fddac0313d4f8c,lead,Incubate Front-End E-Tailers Telemarketing 2025,Email,Sent,False,2024-10-09,False
eaa3db87ddea4dd1,f928cd9a04a6489a,lead,Maximize Bleeding-Edge Convergence Webinar 2023,Email,Sent,False,2025-04-21,True
5fae50efef5049c9,c3e0be5d27eb4009,lead,Utilize Visionary Eyeballs Webinar 2023,Webinar,No Show,False,2025-01-11,False
4b1eb33bf33b4294,f6f30f828d3b4e72,contact,Re-Contextualize Extensible Technologies Email 2023,Email,Opened,False,2025-04-09,False
0151c0647f7a4dbb,08393fe814024e3b,contact,Extend Granular Schemas Email 2025,Email,Opened,False,2025-04-28,False
76dc44e563c74e49,dd6f44c6d6f14ec5,lead,Benchmark Rich Functionalities Event 2024,Email,Sent,False,2023-07-09,False
1058794d264745ee,8ab8089b41044dcd,contact,Utilize Visionary Eyeballs Webinar 2023,Email,Sent,False,2023-07-07,True
4afc14326eeb4b32,97c325d1ea5f44f8,lead,Architect Viral Models Webinar 2024,Webinar,Registered,False,2025-01-19,True
6c847e559a5e4174,706eb9c1e30b456b,lead,Grow Best-Of-Breed Users Event 2024,Email,Sent,False,2025-04-20,False
e675ee98d57548a7,55c9c9d5e237444c,lead,Matrix Wireless Solutions Advertisement 2025,Email,Sent,False,2024-03-13,True
ce87fe88141c4160,fbdf1bcc8b734f72,lead,Monetize Front-End Web Services Webinar 2024,Email,Sent,False,2025-04-12,True
b9d47a4964b24f07,a89dc838fb054355,lead,Re-Intermediate Visionary Convergence Webinar 2025,Email,Sent,False,2025-02-22,False
e1bb588a45b046d5,cdbb75a006114731,lead,Facilitate Web-Enabled Applications Email 2024,Email,Sent,False,2025-04-06,True
0e586c77a30540d8,b157b34bc1b041d2,lead,Disintermediate Wireless Applications Content Syndication 2024,Content Syndication,Responded,True,2025-03-05,True
55a70c52c25442e0,a72eae5b3a8d4533,lead,Maximize Bleeding-Edge Convergence Webinar 2023,Webinar,Attended,True,2025-02-14,True
6e6e409bbf924ce9,46f2f49e7f1b42b2,lead,Optimize Strategic Supply-Chains Webinar 2023,Webinar,No Show,False,2024-09-22,True
34811bb3fe8249bc,429413ad913f4749,lead,Re-Intermediate B2B Interfaces Event 2023,Event,Registered,False,2024-12-16,True
36f1505a8e6c4b8f,af8c8d7b450d4e9d,contact,Utilize Visionary Eyeballs Webinar 2023,Webinar,Attended,True,2024-11-30,False
405f291903de4126,50aa4e71898048be,contact,Generate B2B Eyeballs Webinar 2023,Webinar,Registered,False,2025-01-20,True
8162aa32e219434c,8e330830f7ec44fd,lead,Optimize Strategic Supply-Chains Webinar 2023,Email,Sent,False,2024-11-09,True
5ef5f24ba3e540c1,10dc907c214a4d97,lead,Harness Wireless Communities Content Syndication 2024,Content Syndication,Sent,False,2025-04-03,True
4d2c66051c7b49fb,a83cf0a526a64743,contact,Benchmark Rich Functionalities Event 2024,Event,Attended,True,2025-02-06,False
54ff6565c52d47da,d7aa9d22d1cb46db,contact,Envisioneer Revolutionary Deliverables Content Syndication 2024,Content Syndication,Responded,True,2025-04-14,True
8ea1ae8be76f4b9f,b21ef919715c4da4,lead,Re-Contextualize Extensible Technologies Email 2023,Email,Clicked,True,2025-04-23,False
8c33611a2f674e6a,53b148c040a34d51,lead,Orchestrate 24/7 Relationships Content Syndication 2024,Content Syndication,Sent,False,2025-04-09,True
8eaeadfe03c344ea,d51df535d7f8447e,contact,Harness Dynamic Relationships Telemarketing 2023,Email,Sent,False,2025-04-09,False
37aae336157f49c9,d4c9844a1c9f4ade,contact,Deliver One-To-One Markets Email 2024,Email,Opened,False,2025-02-17,False
13f784c8bf984c39,2fd6518a5f314436,contact,Generate Global Architectures Content Syndication 2025,Email,Sent,False,2024-12-12,True
c43e06e77e2a433d,3d22eb58e4b84734,lead,Drive Next-Generation Communities Telemarketing 2025,Email,Sent,False,2023-08-16,True
8a7abc64dc084419,632c3de8b7c446f2,contact,Facilitate Web-Enabled Applications Email 2024,Email,Opened,False,2025-04-26,True
ad4286921efe4be8,72e2e2794c6f4d88,lead,Brand Visionary Models Advertisement 2024,Advertisement,Clicked,True,2024-09-09,False
e04641db80dc49f7,72e2e2794c6f4d88,lead,Deliver One-To-One Markets Email 2024,Email,Opened,False,2025-02-07,False
e26ba1660dd74bcf,a4a4341a54c846f6,lead,Disintermediate Wireless Applications Content Syndication 2024,Content Syndication,Responded,True,2023-06-14,False
ec58117b74454e7b,f238d76424b049a7,lead,Streamline Distributed E-Markets Webinar 2023,Webinar,No Show,False,2025-04-13,True
ad6ed119b22c411f,036deccc5cd94143,lead,Matrix Wireless Solutions Advertisement 2025,Advertisement,Clicked,True,2025-01-31,False
49fcea59f365473e,0fe3d748143a4969,lead,Generate B2B Eyeballs Webinar 2023,Webinar,Registered,False,2025-04-09,False
19e0fc586639493d,3a07aefee2d74a30,lead,Utilize Back-End Action-Items Advertisement 2025,Advertisement,Clicked,True,2024-12-09,False
8c30f62609c54aac,25360d5663ef44cd,contact,Grow Best-Of-Breed Users Event 2024,Event,Attended,True,2025-04-08,False
d4fc0bd5281143ee,d62348854f144843,lead,Envisioneer Revolutionary Deliverables Content Syndication 2024,Email,Sent,False,2024-12-27,False
b84ef70a70134a6f,aad116ab6444433e,lead,Embrace Out-Of-The-Box Networks Webinar 2023,Webinar,Registered,False,2025-04-27,True
feb7f6dfbf984eb0,e79ae282252a44a9,contact,Envisioneer Holistic Web-Readiness Email 2024,Email,Sent,False,2025-02-28,True
2d8f3294b1dd4785,a3b23cca871f4815,lead,Brand Leading-Edge Interfaces Telemarketing 2025,Email,Sent,False,2025-04-14,True
7289c870e17f4cd1,0fe3d748143a4969,lead,Monetize Out-Of-The-Box Content Social 2023,Social,Viewed,False,2025-04-16,True
e9223baf38ab4b5d,d373575bfc004a77,lead,Envisioneer Holistic Web-Readiness Email 2024,Email,Opened,False,2025-04-15,False
104d8d222881493f,08bb87b38c4e40d3,lead,Target Mission-Critical Eyeballs Content Syndication 2025,Content Syndication,Sent,False,2025-03-01,False
d23491242d954063,02101115a2bd45d1,contact,Generate Next-Generation Markets Event 2025,Event,Registered,False,2025-03-08,True
ae537c5df9c64a3f,c733f0d560e74552,lead,Unleash Cutting-Edge E-Markets Content Syndication 2025,Content Syndication,Sent,False,2025-04-02,False
aa3c3c65fb6d4a0d,3f61e90d70704b2c,lead,Architect Viral Models Webinar 2024,Email,Sent,False,2024-12-16,False
43e0451f12484c68,6467cbdb619f45de,contact,Engage Impactful Portals Webinar 2025,Webinar,Registered,False,2025-01-16,True
3d85d48336594881,e2efc031a92542c1,contact,Orchestrate End-To-End Models Event 2025,Event,Attended,True,2023-06-05,False
c3a51a1d290f44c4,6df4a54be9ac41f1,lead,Maximize Bleeding-Edge Convergence Webinar 2023,Webinar,Attended,True,2024-11-06,True
ed9b95227a5146a8,e874b3fef9f44a20,lead,Unleash Cutting-Edge E-Markets Content Syndication 2025,Content Syndication,Responded,True,2025-03-26,False
c0e54b1700064ab3,d6a893b59d0f483d,lead,Streamline 24/7 Systems Advertisement 2024,Advertisement,Viewed,False,2025-02-27,True
5ae0c66933b340d1,3e67f5ac01fa4ed0,lead,Extend Granular Schemas Email 2025,Email,Sent,False,2025-04-17,True
2231bf29a30a4df3,6dfca0b2a38a4081,contact,Redefine Cross-Media Synergies Webinar 2023,Webinar,No Show,False,2023-11-16,True
2dabd9d5cc9441cd,99b4fd6a49d44b40,lead,Iterate Transparent Initiatives Social 2023,Social,Clicked,True,2024-05-11,True
7e55d798e55e4da3,9d2d0df1478a407b,lead,Unleash Ubiquitous Channels Event 2025,Event,Registered,False,2025-04-16,False
31aab0c012684ef7,5a1a8de319284d1c,lead,Embrace Out-Of-The-Box Networks Webinar 2023,Email,Sent,False,2025-03-14,False
cc55670349934559,9642116fc89c4e04,lead,Re-Intermediate Visionary Convergence Webinar 2025,Webinar,Attended,True,2023-12-31,False
60e14e6e44484c1a,297bb252619c48fb,lead,Harness Dynamic Relationships Telemarketing 2023,Email,Sent,False,2023-12-07,True
798e70ba52a64fcd,3e751658cf3942e2,lead,Monetize Front-End Web Services Webinar 2024,Webinar,Attended,True,2025-04-27,True
c7d38a56e4d44079,7a351588078f43ab,contact,Utilize Back-End Action-Items Advertisement 2025,Advertisement,Viewed,False,2025-01-18,False
8a3392297881480a,7e4b25ad9b6d4ef7,lead,Matrix Wireless Solutions Advertisement 2025,Advertisement,Clicked,True,2025-04-23,False
13c71f48dc674919,f238d76424b049a7,lead,Brand Leading-Edge Interfaces Telemarketing 2025,Telemarketing,Sent,False,2024-08-24,True
a6865c68ddc44d46,2fd6518a5f314436,contact,Monetize Front-End Web Services Webinar 2024,Email,Sent,False,2025-04-03,False
2b257c9920494262,1d002fd3efd14e19,contact,Re-Contextualize Extensible Technologies Email 2023,Email,Opened,False,2025-04-23,True
acb6b0fe2cac4e22,f659b94c26a440d0,contact,Target Collaborative Paradigms Social 2024,Social,Viewed,False,2024-12-09,False
62e4a83c055f40a8,8c9ff1b71100496d,lead,Target Collaborative Paradigms Social 2024,Social,Viewed,False,2025-04-12,False
46468bf53fef478c,01bb85c6fc114849,contact,Transition Efficient Deliverables Email 2024,Email,Opened,False,2023-08-31,False
bb4dd2adb50e40fb,b3927f4c1415426c,lead,Mesh Interactive Platforms Advertisement 2023,Advertisement,Clicked,True,2025-01-06,False
5dd9d177179249bc,4aac9ce850fb4171,lead,Architect Viral Models Webinar 2024,Email,Sent,False,2025-04-03,False
99629336f526439b,4023c4102aed411a,contact,Re-Intermediate Visionary Convergence Webinar 2025,Email,Sent,False,2025-04-23,False
b3b8395b6c9342ac,edaceec9b7ef4729,lead,Nurture Drip Sequence,Email,Sent,False,2025-03-01,True
36932f9425eb430d,e5e584ac6b91490c,lead,Brand End-To-End Info-Mediaries Advertisement 2024,Email,Sent,False,2024-11-23,False
de24611e7e254b8b,9ac77f84f0734030,lead,Disintermediate 24/7 Metrics Telemarketing 2024,Email,Sent,False,2024-04-23,False
c5e4c4a082b54d36,1f31c41e9afc4345,lead,Unleash Cutting-Edge E-Markets Content Syndication 2025,Email,Sent,False,2025-04-09,True
6d035b2f22f74ea7,f659b94c26a440d0,contact,Envisioneer Revolutionary Deliverables Content Syndication 2024,Content Syndication,Responded,True,2025-02-26,False
da433637c1774816,16bd3a8326c74630,lead,Monetize Front-End Web Services Webinar 2024,Webinar,Registered,False,2024-05-24,True
acb9949180f04695,cdee4d4b7d564dc6,lead,Engineer Robust Web Services Event 2024,Event,Attended,True,2025-04-02,True
94409ccee4184006,532edeae240941fc,lead,Transition Efficient Deliverables Email 2024,Email,Opened,False,2025-04-03,False
bd37dce3a1034fca,953dba724da64685,lead,Re-Intermediate Visionary Convergence Webinar 2025,Webinar,No Show,False,2023-08-14,True
2b35c43ec459401d,906c63dddd2041e3,contact,Evolve E-Business Markets Webinar 2023,Webinar,No Show,False,2024-12-03,False
ac3297c724e74ee9,0b30ac08153448ce,lead,E-Enable Seamless E-Commerce Event 2025,Email,Sent,False,2023-08-12,True
3728e9b76d224332,c255c53028a14545,contact,Generate Next-Generation Markets Event 2025,Event,No Show,False,2024-12-08,True
7e31c55f04c743cb,01bb85c6fc114849,contact,Brand Leading-Edge Interfaces Telemarketing 2025,Telemarketing,Sent,False,2025-04-17,True
4f8c43f767594352,6dfca0b2a38a4081,contact,E-Enable Seamless E-Commerce Event 2025,Event,No Show,False,2024-10-16,True
1182f042d3c14547,5e61ac8e6648407c,contact,Whiteboard Synergistic Initiatives Email 2025,Email,Sent,False,2025-04-06,False
b5e6340eeeaf44d5,02bf2c1a6d104962,lead,Generate Global Architectures Content Syndication 2025,Content Syndication,Sent,False,2023-12-08,True
e7232a56c3cf4844,dd6f44c6d6f14ec5,lead,Re-Contextualize Extensible Technologies Email 2023,Email,Sent,False,2025-04-27,True
01c5fd871d114678,a1d5ebe937ac4e8a,contact,Envisioneer Revolutionary Deliverables Content Syndication 2024,Content Syndication,Responded,True,2025-04-21,False
f07990a0ac0240e2,e5866106d9544a03,contact,Unleash 24/7 E-Tailers Event 2025,Email,Sent,False,2023-11-13,False
0e2cc20f298c4902,1980a7068c854572,contact,Engineer Robust Web Services Event 2024,Email,Sent,False,2023-11-14,True
13898e9da4594d40,cdbb75a006114731,lead,Evolve Extensible Deliverables Webinar 2023,Webinar,No Show,False,2025-04-17,True
1cb8f698f41647fc,9ac77f84f0734030,lead,Target Mission-Critical Eyeballs Content Syndication 2025,Email,Sent,False,2025-04-24,True
ab7d8d55301b4a50,cf6c7be59e3e48ed,contact,Embrace Out-Of-The-Box Networks Webinar 2023,Webinar,Registered,False,2023-11-03,False
21e73c3d4eea4244,9080f6f09a954df3,contact,Facilitate Web-Enabled Applications Email 2024,Email,Sent,False,2024-04-28,True
a264cb9b4e6b4e68,b3927f4c1415426c,lead,Envisioneer Holistic Web-Readiness Email 2024,Email,Clicked,True,2025-04-03,False
bfcb4b3eecf244f8,4aac9ce850fb4171,lead,Deliver One-To-One Markets Email 2024,Email,Sent,False,2025-01-19,False
43f5190c3bae4174,cf5715e64c544ff6,contact,Deliver One-To-One Markets Email 2024,Email,Clicked,True,2025-02-23,False
e714a769386a449c,10dc907c214a4d97,lead,Utilize Visionary Eyeballs Webinar 2023,Webinar,Attended,True,2025-01-04,False
228b68f054b647b3,b9f8876d931449ff,lead,Envisioneer Revolutionary Deliverables Content Syndication 2024,Content Syndication,Sent,False,2025-04-12,True
50acb01eb36a4efe,c9f086f3e11043c8,contact,Brand Leading-Edge Interfaces Telemarketing 2025,Telemarketing,Responded,True,2024-05-14,True
980b448a031d4ef9,f011ddc38abb4c86,lead,Embrace Out-Of-The-Box Networks Webinar 2023,Email,Sent,False,2024-11-29,True
7fd61c470295431c,59b9e7554f0949cb,lead,Transition Efficient Deliverables Email 2024,Email,Sent,False,2023-10-08,False
ed09f0aad7344c51,f949386faf0040c5,contact,Generate Global Architectures Content Syndication 2025,Email,Sent,False,2023-08-01,True
33e044f97e3740fc,293082c6f08e48d3,contact,Brand Leading-Edge Interfaces Telemarketing 2025,Telemarketing,Responded,True,2024-11-25,True
3b29e061c523465e,97c325d1ea5f44f8,lead,Disintermediate 24/7 Metrics Telemarketing 2024,Telemarketing,Sent,False,2025-02-17,True
54912083dbc8498b,abc68d63cdce455d,contact,Harness Dynamic Relationships Telemarketing 2023,Telemarketing,Sent,False,2025-04-22,True
0726143eafa244df,1127df2172c04f86,contact,Facilitate Web-Enabled Applications Email 2024,Email,Clicked,True,2024-12-03,True
b585e985cd7642c9,1178992d75f04fb8,contact,Target Mission-Critical Eyeballs Content Syndication 2025,Content Syndication,Sent,False,2025-01-20,True
d858fa33c8724baa,29a68e6027dc4cf3,lead,Maximize Bleeding-Edge Convergence Webinar 2023,Webinar,No Show,False,2025-03-14,True
2aea516fd7464c67,26fb5134d77a49a8,lead,Evolve E-Business Markets Webinar 2023,Webinar,No Show,False,2025-03-26,True
1c8bfacc5a824b0d,6b676eeb51f340af,lead,Embrace Out-Of-The-Box Networks Webinar 2023,Email,Sent,False,2025-03-15,True
e4ea1f4903d64090,81dec6d84c5545e1,contact,Strategize Seamless Vortals Telemarketing 2025,Email,Sent,False,2024-07-24,False
e54ec79f5a874b1f,6f551af0e6e64e0b,lead,Facilitate Granular Web-Readiness Telemarketing 2024,Telemarketing,Responded,True,2025-04-15,True
1e525e97b2084889,674ea59eff4f4ec0,contact,Architect Customized Partnerships Telemarketing 2024,Telemarketing,Responded,True,2025-01-06,True
8b2ca080169440d7,baa9e0a6e3e14390,lead,Unleash 24/7 E-Tailers Event 2025,Event,Attended,True,2024-11-09,False
4b2394007f1f47c4,ce300319779040cb,lead,Extend Granular Schemas Email 2025,Email,Sent,False,2025-03-28,False
3e66d3d716bf480b,4a6509f4e3164200,lead,Matrix Seamless Infrastructures Social 2024,Social,Clicked,True,2025-04-09,True
e109d4eb80d94aee,26db812af63f4047,lead,Evolve Extensible Deliverables Webinar 2023,Email,Sent,False,2025-04-05,True
3547bd0284fb4e10,ec53f881c37642e6,contact,Revolutionize Value-Added Deliverables Telemarketing 2023,Telemarketing,Sent,False,2025-04-13,True
4a5cb80dd92f49f5,d0c6d0c015714807,contact,Brand Visionary Models Advertisement 2024,Email,Sent,False,2025-04-20,False
ccac1ee89efb459f,3e67f5ac01fa4ed0,lead,Revolutionize Value-Added Deliverables Telemarketing 2023,Email,Sent,False,2025-04-22,False
1f493551d3ca42fa,3de3b62bbd374572,contact,Monetize Out-Of-The-Box Content Social 2023,Social,Viewed,False,2025-02-23,True
700d6fdfe69a4c69,bb531ce9ace14ee2,contact,Target Mission-Critical Eyeballs Content Syndication 2025,Email,Sent,False,2025-01-09,True
6304a430ae5b499b,40071fae516d4588,lead,Maximize Bleeding-Edge Convergence Webinar 2023,Webinar,Registered,False,2025-04-06,True
a8021b8ee6d74dd1,16bd3a8326c74630,lead,Target Collaborative Paradigms Social 2024,Social,Clicked,True,2025-04-28,True
620c1b75da344017,153d63dc505f4cad,contact,Benchmark Rich Functionalities Event 2024,Event,Registered,False,2025-04-19,True
7562e4f0eb954ecc,8c9ff1b71100496d,lead,Evolve E-Business Markets Webinar 2023,Webinar,No Show,False,2023-10-15,True
ccb85919996a4f44,8e330830f7ec44fd,lead,Incubate Front-End E-Tailers Telemarketing 2025,Email,Sent,False,2025-04-16,False
83d1164dbd394571,4023c4102aed411a,contact,Unleash Ubiquitous Channels Event 2025,Email,Sent,False,2025-04-01,False
ae2efa514dd04f3d,3a07aefee2d74a30,lead,Target Collaborative Paradigms Social 2024,Social,Viewed,False,2025-04-06,True
2df14499a4b8416a,46f2f49e7f1b42b2,lead,Optimize Strategic Supply-Chains Webinar 2023,Webinar,No Show,False,2024-08-03,False
e5b094b0a3dc42dc,f6203f5b97d34f97,contact,Monetize Out-Of-The-Box Content Social 2023,Social,Clicked,True,2025-04-22,False
b0a67d3e2a7a4d8c,76814aef8eb041cb,contact,Orchestrate End-To-End Models Event 2025,Event,No Show,False,2024-12-12,True
2118265cda1b439c,3a562041231b4490,contact,Transition Efficient Deliverables Email 2024,Email,Sent,False,2024-01-01,False
83b81422240741d6,bf69f9a848264267,lead,Generate B2B Eyeballs Webinar 2023,Email,Sent,False,2023-10-05,True
bd02c473660b4d6e,6af7009d16b544a9,lead,Revolutionize Value-Added Deliverables Telemarketing 2023,Telemarketing,Responded,True,2024-01-17,True
9f459f1b88074a39,64fd54a58d2a41ed,lead,Drive End-To-End Deliverables Advertisement 2024,Email,Sent,False,2025-04-07,True
add1a3c979d344bc,3a562041231b4490,contact,Envisioneer Holistic Web-Readiness Email 2024,Email,Clicked,True,2024-04-14,False
2fb315cb4d3d425f,e5145b2f85524b1c,lead,Evolve E-Business Markets Webinar 2023,Webinar,Attended,True,2025-04-17,False
6c74f7e5915e4eba,6b9fe4129c9e4115,contact,Matrix Seamless Infrastructures Social 2024,Social,Clicked,True,2023-09-01,False
bcae726fd1714e63,d2157d96ad524a23,lead,Utilize Back-End Action-Items Advertisement 2025,Email,Sent,False,2025-04-17,False
fefdd51966be4849,501f47ca096e4ea3,lead,Architect Viral Models Webinar 2024,Webinar,Registered,False,2025-04-24,True
9ac637c534604f13,4e05b0b7d84e468e,lead,Strategize Seamless Vortals Telemarketing 2025,Telemarketing,Sent,False,2025-04-14,True
778843c2d7304e7b,ab0ce0dc0056419a,lead,Strategize Seamless Vortals Telemarketing 2025,Email,Sent,False,2025-04-03,False
a0b0dcbd896b489a,d62aa44773a84176,lead,Orchestrate 24/7 Relationships Content Syndication 2024,Content Syndication,Responded,True,2025-04-25,True
4c1f0f7d5ead4b53,906c63dddd2041e3,contact,Benchmark Rich Functionalities Event 2024,Event,Attended,True,2025-01-09,True
14a8f0913ccd4df9,dac1fb0ef8c24e17,lead,Integrate Open-Source Architectures Webinar 2023,Email,Sent,False,2023-09-04,False
6cff911fd919496a,c3fde48d45c44d9b,lead,Drive End-To-End Deliverables Advertisement 2024,Advertisement,Viewed,False,2025-04-19,True
47d9327c3ad445f7,250ae1b20d1b4f6d,contact,Re-Intermediate B2B Interfaces Event 2023,Email,Sent,False,2024-12-18,False
7b0ddda876c04747,8607ea8042cc4d4b,contact,Streamline Distributed E-Markets Webinar 2023,Webinar,No Show,False,2025-03-22,True
0b933d1a99d14682,188fb0d5560b4ef8,lead,Monetize Out-Of-The-Box Content Social 2023,Email,Sent,False,2025-03-12,False
9ec56d4f224e4561,2c411125e9e141fb,lead,Evolve E-Business Markets Webinar 2023,Webinar,Attended,True,2024-12-05,True
7d29b4b111304490,f238d76424b049a7,lead,Architect Viral Models Webinar 2024,Webinar,Registered,False,2023-06-24,False
8d796701c63e4509,3a562041231b4490,contact,Re-Contextualize Extensible Technologies Email 2023,Email,Sent,False,2025-01-12,False
2d910747079842a2,eeb7351d5d714452,lead,Facilitate Granular Web-Readiness Telemarketing 2024,Telemarketing,Sent,False,2025-02-25,False
b18ff7af6a0649a9,fdb47da1507049a0,lead,Utilize Visionary Eyeballs Webinar 2023,Email,Sent,False,2025-04-03,False
28b1c9d280df4f5b,185ab818f2a94f8b,contact,Envisioneer Holistic Web-Readiness Email 2024,Email,Sent,False,2024-11-05,False
c4ec8334ddb34fdc,eeb7351d5d714452,lead,Monetize Clicks-And-Mortar Bandwidth Event 2023,Event,No Show,False,2023-06-06,False
2210d946d1274ea8,f669ca9a4acd434d,contact,Orchestrate End-To-End Models Event 2025,Event,Registered,False,2025-04-27,True
5a7be9c8980d47c1,53b148c040a34d51,lead,Grow Best-Of-Breed Users Event 2024,Event,Registered,False,2024-08-26,True
6bae73209c7e4839,811c5bb83bdb407a,lead,Embrace Out-Of-The-Box Networks Webinar 2023,Webinar,Registered,False,2025-04-20,False
6c71c910434c4d54,c9f086f3e11043c8,contact,Monetize Front-End Web Services Webinar 2024,Webinar,Attended,True,2025-04-09,False
bc569c103c774da8,21cec14d20404ed1,lead,Strategize Seamless Vortals Telemarketing 2025,Telemarketing,Responded,True,2025-04-19,False
a15d9b8d9c2f4da4,10d3c9a79c2c4edc,lead,Embrace Out-Of-The-Box Networks Webinar 2023,Webinar,Attended,True,2024-11-10,True
b4d3b54b7aa34dbe,7326c846fe4744cd,lead,Generate Next-Generation Markets Event 2025,Event,Registered,False,2025-02-11,True
cc5ede5ad8544147,34bc546cc797460c,lead,E-Enable Out-Of-The-Box Portals Social 2023,Email,Sent,False,2024-11-18,True
25f3583ac4fd496f,63f55c754da84377,contact,Matrix Seamless Infrastructures Social 2024,Email,Sent,False,2024-01-23,False
24b99711821b4761,c9f086f3e11043c8,contact,Iterate Transparent Initiatives Social 2023,Social,Viewed,False,2023-09-17,True
924a3a695bf3484f,9968bb12a175448a,lead,Strategize Seamless Vortals Telemarketing 2025,Email,Sent,False,2025-01-26,False
ca488940868b41b4,8ea8b95233b04730,contact,E-Enable Seamless E-Commerce Event 2025,Email,Sent,False,2025-01-14,True
f65b176c140f4722,4414acb563964586,lead,Matrix Wireless Solutions Advertisement 2025,Advertisement,Clicked,True,2024-08-29,True
443c25c17f1b4a45,94e6840f17144d20,contact,Drive End-To-End Deliverables Advertisement 2024,Email,Sent,False,2025-04-27,True
117be0e3b04646b2,eb345aeb9b474871,contact,Evolve E-Business Markets Webinar 2023,Email,Sent,False,2024-05-27,False
c4fce42d4086450f,953dba724da64685,lead,Architect Viral Models Webinar 2024,Webinar,Registered,False,2025-01-05,True
3e5b5020c77443f5,ab0ce0dc0056419a,lead,Unleash Cutting-Edge E-Markets Content Syndication 2025,Email,Sent,False,2025-04-11,False
42e61fc133c641b9,e548daa6ea064625,lead,Evolve E-Business Markets Webinar 2023,Webinar,Registered,False,2025-03-06,True
ab90cb1102e54e15,980c68397185438f,contact,Streamline Distributed E-Markets Webinar 2023,Webinar,Registered,False,2024-12-29,True
d539b121e37e4314,1f31c41e9afc4345,lead,Benchmark Rich Functionalities Event 2024,Email,Sent,False,2025-01-17,True
02eec5f6642042f1,e6fe353aa34e40f1,contact,Drive Next-Generation Communities Telemarketing 2025,Telemarketing,Responded,True,2025-04-30,True
3f292996144543f7,471b749201534cc8,contact,Generate Global Architectures Content Syndication 2025,Content Syndication,Responded,True,2025-04-21,False
23a9f06889a5413f,da3a787347a14c02,lead,Disintermediate 24/7 Metrics Telemarketing 2024,Telemarketing,Responded,True,2023-07-23,True
c2990c9033e14658,501f47ca096e4ea3,lead,Deliver One-To-One Markets Email 2024,Email,Sent,False,2023-12-15,True
b36ca6dd0a134dd7,f43799fb22e54bf5,lead,Brand End-To-End Info-Mediaries Advertisement 2024,Email,Sent,False,2025-03-13,False
acb2dac59c9d487f,429413ad913f4749,lead,Redefine Cross-Media Synergies Webinar 2023,Webinar,Attended,True,2025-01-05,True
21dc13322b8a477b,c94051b2ed99411c,lead,Streamline Distributed E-Markets Webinar 2023,Webinar,Registered,False,2025-04-19,False
3e154ab2e1614f8e,7a351588078f43ab,contact,E-Enable Seamless E-Commerce Event 2025,Event,Registered,False,2024-02-19,True
3b126bef76164a89,abc68d63cdce455d,contact,Facilitate Web-Enabled Applications Email 2024,Email,Sent,False,2025-04-23,True
03606fb7145e48b9,9dd0cecced544ec3,lead,Revolutionize Value-Added Deliverables Telemarketing 2023,Telemarketing,Responded,True,2025-04-27,False
05be6f5639a943f7,b8d8a1d036d647f6,lead,Brand End-To-End Info-Mediaries Advertisement 2024,Advertisement,Clicked,True,2023-12-09,True
44a0851611344f2f,a72d2167f475488f,lead,Re-Intermediate Visionary Convergence Webinar 2025,Email,Sent,False,2024-10-14,True
873a2d026b544d45,64fd54a58d2a41ed,lead,Orchestrate End-To-End Models Event 2025,Email,Sent,False,2025-03-18,True
da7268af0a16411d,ce300319779040cb,lead,Monetize Out-Of-The-Box Content Social 2023,Email,Sent,False,2025-01-02,True
b761a5ea5c544d14,382084a4874349f5,lead,Redefine Cross-Media Synergies Webinar 2023,Email,Sent,False,2025-04-16,False
d7f48beea2344fde,77a849015b544483,lead,Facilitate Web-Enabled Applications Email 2024,Email,Opened,False,2025-04-28,True
b78a03f316064ccb,185ab818f2a94f8b,contact,Maximize Bleeding-Edge Convergence Webinar 2023,Email,Sent,False,2025-04-16,True
8a31479fe68d47aa,bda770a739914610,contact,Engineer Robust Web Services Event 2024,Email,Sent,False,2025-04-25,False
32d56cf8ebc1486e,e5145b2f85524b1c,lead,Maximize Bleeding-Edge Convergence Webinar 2023,Webinar,No Show,False,2024-07-30,False
1b758b4fc8a94c31,6b676eeb51f340af,lead,Envisioneer Holistic Web-Readiness Email 2024,Email,Sent,False,2025-01-02,False
572c65ac14424da9,32e961efb8e64d0a,contact,Disintermediate 24/7 Metrics Telemarketing 2024,Telemarketing,Responded,True,2025-03-10,False
f967691426ad4e35,18008446d0694e6d,lead,Brand Leading-Edge Interfaces Telemarketing 2025,Telemarketing,Responded,True,2024-10-10,False
a7879ee990ef41cc,4a6509f4e3164200,lead,Target Mission-Critical Eyeballs Content Syndication 2025,Content Syndication,Responded,True,2025-01-29,True
c7c934557ccf44c8,61fa38db82654ca5,lead,Brand Leading-Edge Interfaces Telemarketing 2025,Telemarketing,Sent,False,2024-11-23,False
c2923624477f4c92,9968bb12a175448a,lead,Drive Next-Generation Communities Telemarketing 2025,Email,Sent,False,2023-06-04,True
974a627906834d34,96e989da68254457,contact,Drive End-To-End Deliverables Advertisement 2024,Advertisement,Viewed,False,2023-09-24,False
a48a4acbbbae406c,6eaf4b12c4244a35,contact,Matrix Seamless Infrastructures Social 2024,Social,Clicked,True,2025-02-07,False
44b1380024624bf6,501f47ca096e4ea3,lead,E-Enable Out-Of-The-Box Portals Social 2023,Social,Viewed,False,2024-11-04,True
afad2c953e444f56,91b3ed7f6b8344d2,lead,Matrix Wireless Solutions Advertisement 2025,Advertisement,Viewed,False,2025-04-02,True
7ae588a94b5c4a75,1fd7863476c04088,lead,Generate Next-Generation Markets Event 2025,Event,No Show,False,2024-05-23,False
32d977269dab478c,316854ab6e974087,lead,Unleash 24/7 E-Tailers Event 2025,Email,Sent,False,2025-01-14,True
553e4fc1980b41a1,42597707939c484c,contact,Benchmark Rich Functionalities Event 2024,Event,Registered,False,2025-04-17,True
71796555179848d7,fb0c3528914e4dd3,contact,Generate Global Architectures Content Syndication 2025,Content Syndication,Responded,True,2025-02-11,True
c365228521914fdc,414b6112183144bd,lead,Unleash Cutting-Edge E-Markets Content Syndication 2025,Content Syndication,Responded,True,2025-04-25,True
332228b2fbee4492,1fb9a748767343b4,contact,Unleash 24/7 E-Tailers Event 2025,Event,Registered,False,2024-05-13,True
c8741884e3b04b3a,b21ef919715c4da4,lead,Integrate Open-Source Architectures Webinar 2023,Webinar,No Show,False,2025-01-20,True
bd01fe92702f44f0,c733f0d560e74552,lead,Optimize Strategic Supply-Chains Webinar 2023,Webinar,Attended,True,2024-10-10,True
095282a0160c424d,c5f31bf488a34883,contact,Generate B2B Eyeballs Webinar 2023,Email,Sent,False,2024-11-21,True
6a9ad41a394543e4,7e42afa216f549bd,contact,Maximize Bleeding-Edge Convergence Webinar 2023,Webinar,Registered,False,2024-09-29,False
e4f003f706b149eb,45934305f11e4b62,lead,Transition Efficient Deliverables Email 2024,Email,Sent,False,2025-04-06,True
1d0a2da839d843a0,8cc61fe276634742,lead,Matrix Seamless Infrastructures Social 2024,Social,Viewed,False,2025-04-03,False
08033e9b09e44088,58347b37ac194162,contact,Revolutionize Value-Added Deliverables Telemarketing 2023,Telemarketing,Responded,True,2025-04-04,False
4b4f23591ff840dc,7b8dae74c12a487f,lead,Mesh Interactive Platforms Advertisement 2023,Advertisement,Viewed,False,2025-04-20,False
ea2ca16224844d62,64fd54a58d2a41ed,lead,Integrate Open-Source Architectures Webinar 2023,Email,Sent,False,2025-04-18,True
05ef99995e6d4fd9,cbacc91fb18a4005,lead,Utilize Back-End Action-Items Advertisement 2025,Email,Sent,False,2025-04-02,True
a2f6c90c705e49c4,4aac9ce850fb4171,lead,Maximize Bleeding-Edge Convergence Webinar 2023,Email,Sent,False,2025-04-28,True
539b8f4876f24bf5,b3927f4c1415426c,lead,Evolve E-Business Markets Webinar 2023,Webinar,Registered,False,2025-04-16,False
4f41a5dd72bc4040,fbdf1bcc8b734f72,lead,Optimize Strategic Supply-Chains Webinar 2023,Email,Sent,False,2025-04-22,False
9f712eca7e024570,e0c14835e4144ac6,lead,Strategize Seamless Vortals Telemarketing 2025,Email,Sent,False,2024-11-19,True
a0d1d081e8f747fe,f7aa8c544fa94601,lead,Brand Leading-Edge Interfaces Telemarketing 2025,Telemarketing,Sent,False,2025-04-02,True
259d99f7c1f74872,b395c3306ea140d5,contact,Brand Visionary Models Advertisement 2024,Advertisement,Viewed,False,2025-04-11,True
2fd6ccce7b184642,eeb7351d5d714452,lead,Harness Wireless Communities Content Syndication 2024,Content Syndication,Responded,True,2024-05-21,True
9ddea8dbf4284e7f,f9ab7902fbfc4877,contact,Transition Efficient Deliverables Email 2024,Email,Sent,False,2024-09-27,False
b5afa3a2612b44b7,a83cf0a526a64743,contact,Extend Granular Schemas Email 2025,Email,Opened,False,2025-01-30,False
d6b60f2498f741e6,79ae9be297ac4ed8,lead,Brand End-To-End Info-Mediaries Advertisement 2024,Advertisement,Clicked,True,2025-01-30,False
02c88073dd6f49f2,414b6112183144bd,lead,Monetize Front-End Web Services Webinar 2024,Webinar,Attended,True,2025-04-07,True
a7b50c8d6b0e45ba,4023c4102aed411a,contact,Brand Leading-Edge Interfaces Telemarketing 2025,Email,Sent,False,2025-04-19,True
f251c15761e64c59,02101115a2bd45d1,contact,Envisioneer Revolutionary Deliverables Content Syndication 2024,Content Syndication,Responded,True,2024-11-16,True
2b356e7f637c414b,44b6509d6c7f4310,lead,Evolve E-Business Markets Webinar 2023,Webinar,Attended,True,2025-04-08,True
6684ad4dce74409a,f0c462c875404ad4,lead,Zero Trust Report Download,Content Syndication,Responded,True,2024-05-26,False
5c5ba06befe0425c,8c2c1549327b4f3a,contact,Drive Next-Generation Communities Telemarketing 2025,Telemarketing,Responded,True,2024-10-01,True
2d711ee530d04169,fbdf1bcc8b734f72,lead,Drive Next-Generation Communities Telemarketing 2025,Email,Sent,False,2025-04-03,False
191f966a5d204f3d,0d97159d8b2c43d1,lead,Re-Contextualize B2C Networks Social 2025,Social,Viewed,False,2025-04-09,True
a6e6a8c382624362,aad116ab6444433e,lead,Redefine Cross-Media Synergies Webinar 2023,Webinar,Registered,False,2025-04-28,True
bb6bddaee33442c2,9dd0cecced544ec3,lead,Envisioneer Revolutionary Deliverables Content Syndication 2024,Content Syndication,Sent,False,2025-04-24,True
c9b1ffd61f60479b,42597707939c484c,contact,Streamline Distributed E-Markets Webinar 2023,Webinar,No Show,False,2024-10-28,True
5d4b9e9ed7454cb5,45dcbd988cd54be6,lead,Drive End-To-End Deliverables Advertisement 2024,Advertisement,Clicked,True,2023-08-10,False
6b3d1cfec9eb4901,c5f31bf488a34883,contact,Deliver One-To-One Markets Email 2024,Email,Sent,False,2025-02-09,False
8a0f2d902c5141e6,bb531ce9ace14ee2,contact,Whiteboard Synergistic Initiatives Email 2025,Email,Sent,False,2023-11-21,True
dac78f2991594ac2,79ae9be297ac4ed8,lead,Unleash Cutting-Edge E-Markets Content Syndication 2025,Content Syndication,Sent,False,2025-04-01,True
1554544a0ab14cc5,e2a2bc9203784e6f,contact,Strategize Seamless Vortals Telemarketing 2025,Email,Sent,False,2025-03-12,True
1b16e18c351a4c75,e2a2bc9203784e6f,contact,Benchmark Rich Functionalities Event 2024,Email,Sent,False,2024-12-08,True
76846e6b92e14092,998fd075957d42ba,lead,E-Enable Seamless E-Commerce Event 2025,Event,Attended,True,2024-12-07,False
fe81a9ddbc764a72,e0c14835e4144ac6,lead,Target Mission-Critical Eyeballs Content Syndication 2025,Email,Sent,False,2025-04-24,False
4d7c19ad42ca4316,f9ab7902fbfc4877,contact,Orchestrate 24/7 Relationships Content Syndication 2024,Content Syndication,Sent,False,2025-04-13,False
34b3000c97ed4dd1,e548daa6ea064625,lead,Matrix Seamless Infrastructures Social 2024,Social,Clicked,True,2025-04-13,True
5bad2cdb5b0e4002,ab3adfe35cbf4fcf,lead,Disintermediate 24/7 Metrics Telemarketing 2024,Telemarketing,Responded,True,2025-04-09,True
7bb48c7c663540d4,9dd0cecced544ec3,lead,Envisioneer Revolutionary Deliverables Content Syndication 2024,Content Syndication,Responded,True,2025-04-12,False
fcdde43792504290,6cd7995cd86b4321,lead,Target Mission-Critical Eyeballs Content Syndication 2025,Content Syndication,Responded,True,2024-11-02,True
1e89dd7a620b4bd0,8c9ff1b71100496d,lead,Orchestrate End-To-End Models Event 2025,Event,Attended,True,2025-02-10,False
a516a303bfc34a72,35695a44d12a4e3c,contact,Integrate Open-Source Architectures Webinar 2023,Email,Sent,False,2025-01-16,False
51b9f272714f4ec9,6cd7995cd86b4321,lead,Streamline Distributed E-Markets Webinar 2023,Webinar,No Show,False,2024-08-20,True
888e0151725a4ddd,67979dd6ff284c89,lead,Evolve E-Business Markets Webinar 2023,Webinar,Registered,False,2025-04-04,True
34ed54dc7f844a53,1ce3f76a3df440ff,lead,Harness Wireless Communities Content Syndication 2024,Content Syndication,Responded,True,2023-11-17,True
62294e09ed17447b,e79ae282252a44a9,contact,Target Mission-Critical Eyeballs Content Syndication 2025,Content Syndication,Sent,False,2025-04-21,True
01b79b7222c04809,6ed0a7ac6ad9494f,contact,Monetize Out-Of-The-Box Content Social 2023,Social,Clicked,True,2024-03-23,True
c13224825ef24117,6f700a51bf594b00,lead,Target Collaborative Paradigms Social 2024,Social,Clicked,True,2025-04-18,True
8d826c7b470f477b,5c9e16370a9e4239,lead,Utilize Back-End Action-Items Advertisement 2025,Advertisement,Clicked,True,2025-03-12,True
5d1fd193a262425f,b87697b8990748dd,contact,Facilitate Web-Enabled Applications Email 2024,Email,Sent,False,2024-07-11,False
6c41bb0a6eba4bba,376af98dadbe4683,lead,Unleash Ubiquitous Channels Event 2025,Email,Sent,False,2024-12-02,False
768fa1e433884226,0d54de816632454b,contact,Grow Best-Of-Breed Users Event 2024,Event,Registered,False,2025-04-05,True
cd53b9738e564704,820ceb3523964e88,contact,Streamline 24/7 Systems Advertisement 2024,Email,Sent,False,2025-03-24,True
7ba0c1a88b45463a,5534e851b60b410d,lead,E-Enable Seamless E-Commerce Event 2025,Event,Attended,True,2025-03-31,True
9d96fd383d024ce5,ab0ce0dc0056419a,lead,Evolve Extensible Deliverables Webinar 2023,Email,Sent,False,2025-02-07,False
53894d0d166446de,3e751658cf3942e2,lead,Generate Next-Generation Markets Event 2025,Event,Attended,True,2024-12-01,True
92abf0564a564e39,16bd3a8326c74630,lead,Embrace Out-Of-The-Box Networks Webinar 2023,Webinar,Registered,False,2024-01-22,False
4657965937184c12,f6f30f828d3b4e72,contact,Orchestrate End-To-End Models Event 2025,Event,Registered,False,2025-01-15,False
11be7b52722f4ec3,8e330830f7ec44fd,lead,Deliver One-To-One Markets Email 2024,Email,Sent,False,2023-10-22,True
327a1badc36c4cd3,e0c14835e4144ac6,lead,Streamline 24/7 Systems Advertisement 2024,Email,Sent,False,2024-07-08,True
9399eb1bca18488c,5dc87cf280ba4a91,contact,Streamline 24/7 Systems Advertisement 2024,Email,Sent,False,2025-04-06,False
b0768ffd383d4e45,708e08ffce2b4624,contact,Target Collaborative Paradigms Social 2024,Email,Sent,False,2023-09-08,True
c7ae1b5c54d545ec,19ff62cb0162456c,lead,Facilitate Granular Web-Readiness Telemarketing 2024,Telemarketing,Sent,False,2025-03-08,True
f34003680f0b4ec5,998fd075957d42ba,lead,Orchestrate 24/7 Relationships Content Syndication 2024,Content Syndication,Responded,True,2023-09-17,True
394c39dc8cc044aa,bd03e4829475454e,lead,Re-Contextualize Extensible Technologies Email 2023,Email,Sent,False,2024-06-05,False
f8c64c5af0b24166,45c751d61fa543c8,contact,Extend Granular Schemas Email 2025,Email,Clicked,True,2024-07-16,True
f4c3d75c566f4cef,ab0ce0dc0056419a,lead,Architect Viral Models Webinar 2024,Email,Sent,False,2024-11-18,True
057b46ed67994ec4,10dc907c214a4d97,lead,Streamline 24/7 Systems Advertisement 2024,Advertisement,Clicked,True,2025-03-13,True
b392473c6d824c63,419d033ac92c4732,lead,Generate Global Architectures Content Syndication 2025,Content Syndication,Sent,False,2025-02-24,True
86b85fd582b5443f,a3ffc55f501e4c68,contact,Generate B2B Eyeballs Webinar 2023,Email,Sent,False,2025-02-07,False
b9101636d410479e,25a7b8bffbda4b55,contact,Generate Global Architectures Content Syndication 2025,Email,Sent,False,2024-09-17,True
dbe8691546d348ca,5e40f28a11be4bf8,lead,Unleash Ubiquitous Channels Event 2025,Event,Registered,False,2025-02-21,True
598d916b356d472a,6dfca0b2a38a4081,contact,Evolve E-Business Markets Webinar 2023,Webinar,Attended,True,2025-04-26,True
3d343171946d4ccf,15708db845724f5b,contact,Drive Next-Generation Communities Telemarketing 2025,Telemarketing,Responded,True,2023-11-03,True
aa6c23c843a04f41,01bb85c6fc114849,contact,Envisioneer Holistic Web-Readiness Email 2024,Email,Opened,False,2025-01-03,False
fdd61c648a904d89,1980a7068c854572,contact,Generate Global Architectures Content Syndication 2025,Email,Sent,False,2024-09-28,True
93c1e48b9b204105,97da32d4c5734120,contact,Maximize Bleeding-Edge Convergence Webinar 2023,Webinar,No Show,False,2025-04-10,False
dc73c90c19d84dd4,aad116ab6444433e,lead,Brand Visionary Models Advertisement 2024,Advertisement,Clicked,True,2025-02-24,False
6d009934dfdc42bf,4e05b0b7d84e468e,lead,Utilize Visionary Eyeballs Webinar 2023,Webinar,Registered,False,2024-08-25,False
c1263874aa42480b,2e6f7ffc45884926,lead,Target Collaborative Paradigms Social 2024,Social,Viewed,False,2024-02-08,True
7fb50a22ef0c4a51,a542e69695854a2c,lead,Unleash 24/7 E-Tailers Event 2025,Event,Registered,False,2024-11-15,False
5b65056dffdc4c14,e125e1c50d9046ae,lead,Envisioneer Holistic Web-Readiness Email 2024,Email,Opened,False,2025-04-23,False
f7e462d02aa54955,d2f6106c8ec1478f,contact,Orchestrate End-To-End Models Event 2025,Event,No Show,False,2024-05-30,True
f473eefd081d49b2,bd63086e621b4ab8,contact,Drive Next-Generation Communities Telemarketing 2025,Telemarketing,Sent,False,2024-05-06,False
bd889c9379524225,1980a7068c854572,contact,Extend Granular Schemas Email 2025,Email,Sent,False,2023-09-06,True
2e05b766647e4f11,2d13a190df7f4473,contact,Incubate Front-End E-Tailers Telemarketing 2025,Telemarketing,Responded,True,2025-04-29,False
2356039db2bf4dfc,c5f31bf488a34883,contact,Orchestrate 24/7 Relationships Content Syndication 2024,Email,Sent,False,2024-12-27,False
8d9da323b4204a26,c5f31bf488a34883,contact,Revolutionize Value-Added Deliverables Telemarketing 2023,Email,Sent,False,2025-04-24,False
7cff572f08674aba,ab3adfe35cbf4fcf,lead,Evolve Extensible Deliverables Webinar 2023,Webinar,Attended,True,2025-04-18,False
7978a9129db44e9e,16bd3a8326c74630,lead,Orchestrate 24/7 Relationships Content Syndication 2024,Content Syndication,Responded,True,2025-04-02,False
1212d1d662ee41cd,29a68e6027dc4cf3,lead,Deliver One-To-One Markets Email 2024,Email,Opened,False,2025-04-25,False
d6f1926b540c4ccf,3cf2ede0ad1a48e4,lead,Iterate Transparent Initiatives Social 2023,Social,Clicked,True,2025-04-17,True
303e850c74854075,3d22eb58e4b84734,lead,Target Mission-Critical Eyeballs Content Syndication 2025,Email,Sent,False,2025-04-14,False
0020eaeba620436e,4ab2ef10c0914af2,lead,Facilitate Granular Web-Readiness Telemarketing 2024,Email,Sent,False,2024-09-29,True
6e92cf4771694ff0,1cf5c8a3f4d14f40,lead,Orchestrate 24/7 Relationships Content Syndication 2024,Content Syndication,Sent,False,2024-02-14,False
d413ce0223514a3d,3de3b62bbd374572,contact,Evolve E-Business Markets Webinar 2023,Webinar,Attended,True,2024-05-03,False
063a25a4cdb043e5,7e42afa216f549bd,contact,Brand Leading-Edge Interfaces Telemarketing 2025,Telemarketing,Responded,True,2025-01-08,True
cfb0bdd650c54b9c,a72d2167f475488f,lead,Integrate Open-Source Architectures Webinar 2023,Email,Sent,False,2025-04-12,False
775a547f434a4dd8,d0c6d0c015714807,contact,E-Enable Seamless E-Commerce Event 2025,Email,Sent,False,2024-12-05,True
f055355290df4c4d,7344345ee68041bd,lead,Maximize Bleeding-Edge Convergence Webinar 2023,Email,Sent,False,2023-07-22,False
c3b906e4c27541ca,90c6f58cf2144ff9,contact,Evolve Extensible Deliverables Webinar 2023,Email,Sent,False,2025-04-28,True
770e4bbdb2e54ba3,4d79333a26014686,contact,Evolve E-Business Markets Webinar 2023,Email,Sent,False,2024-11-24,False
efb4361a57634421,6dfca0b2a38a4081,contact,Re-Contextualize Extensible Technologies Email 2023,Email,Sent,False,2025-02-13,False
735c5e5dfbb84222,c64455e48bf64610,lead,Maximize Bleeding-Edge Convergence Webinar 2023,Webinar,No Show,False,2023-12-15,False
c21ef457f34147db,93f32af2016f44e9,lead,Drive Next-Generation Communities Telemarketing 2025,Telemarketing,Sent,False,2025-04-27,True
fb52cc69b0c24ec5,3cf2ede0ad1a48e4,lead,Architect Customized Partnerships Telemarketing 2024,Telemarketing,Responded,True,2025-04-15,True
94da539c5ec44616,41df424ab90d4af4,contact,Streamline Distributed E-Markets Webinar 2023,Webinar,Registered,False,2025-02-03,True
b3a8e8b940a14892,81dec6d84c5545e1,contact,Engineer Robust Web Services Event 2024,Email,Sent,False,2023-05-25,True
da27cb6e01af49d9,28d04c644bb94888,lead,Matrix Seamless Infrastructures Social 2024,Email,Sent,False,2024-12-14,True
6b90345a27ca4032,8cc61fe276634742,lead,Incubate Front-End E-Tailers Telemarketing 2025,Telemarketing,Responded,True,2025-04-09,False
4a9fa108aac541a5,26db812af63f4047,lead,Optimize Strategic Supply-Chains Webinar 2023,Email,Sent,False,2025-04-13,True
5aacf14685cf4f09,1c9acc1c906d4523,lead,Generate Global Architectures Content Syndication 2025,Content Syndication,Sent,False,2024-11-30,False
740fcccd2ce24536,29a68e6027dc4cf3,lead,Whiteboard Synergistic Initiatives Email 2025,Email,Opened,False,2025-04-30,True
85f0970c0f434d60,d79666d1f6a54f29,lead,Orchestrate 24/7 Relationships Content Syndication 2024,Email,Sent,False,2025-01-21,True
0581e19334d1403a,878261dfb76c4fe8,contact,Architect Customized Partnerships Telemarketing 2024,Email,Sent,False,2024-10-16,True
3ef10056e91d4140,176eaaeaba114ffc,contact,Transition Efficient Deliverables Email 2024,Email,Sent,False,2025-04-03,False
4be426b7203f4edc,820e3f38dbe146bb,lead,Utilize Visionary Eyeballs Webinar 2023,Email,Sent,False,2025-02-07,True
e057008c0b62467f,eb345aeb9b474871,contact,Streamline Distributed E-Markets Webinar 2023,Email,Sent,False,2025-02-28,False
77ab703385e64565,3a07aefee2d74a30,lead,Strategize Seamless Vortals Telemarketing 2025,Telemarketing,Sent,False,2024-03-10,True
2a9ae150f3504ce1,a9b9beb598a64e0d,contact,Benchmark Rich Functionalities Event 2024,Event,Attended,True,2025-02-11,False
55c9071dcce84074,0b30ac08153448ce,lead,Redefine Cross-Media Synergies Webinar 2023,Email,Sent,False,2025-03-15,True
fc5d27ef271446d2,dbec762b4fbb49d7,lead,Unleash Cutting-Edge E-Markets Content Syndication 2025,Content Syndication,Responded,True,2025-04-06,True
ff317349ccdb45b3,6b9fe4129c9e4115,contact,Re-Intermediate Visionary Convergence Webinar 2025,Webinar,Registered,False,2025-03-19,True
0e2fae9294c74cb0,6fe4d55e1aae4a60,lead,Transition Efficient Deliverables Email 2024,Email,Sent,False,2025-03-08,False
b71faf7da65942cf,1127df2172c04f86,contact,Target Collaborative Paradigms Social 2024,Social,Clicked,True,2025-04-23,True
329488638ca748bf,65f97209bb6943b6,contact,Harness Dynamic Relationships Telemarketing 2023,Telemarketing,Responded,True,2025-04-04,True
601d6b0769c34af2,7e42afa216f549bd,contact,Generate Next-Generation Markets Event 2025,Event,Attended,True,2024-12-05,True
06cdbf93b5094468,66f3c7b60076469b,contact,Deliver One-To-One Markets Email 2024,Email,Opened,False,2024-12-07,False
12c1eefbf4ce470b,d62348854f144843,lead,Re-Contextualize B2C Networks Social 2025,Email,Sent,False,2025-04-06,False
aee1d09966404de8,f0e96d76ce2349ee,contact,Engineer Robust Web Services Event 2024,Event,No Show,False,2024-12-02,True
b77b05cf0b094b84,6bf7588780a74c43,lead,Facilitate Granular Web-Readiness Telemarketing 2024,Telemarketing,Sent,False,2025-04-26,True
1f1ed90db34f49b0,a4a4341a54c846f6,lead,Matrix Seamless Infrastructures Social 2024,Social,Clicked,True,2025-04-28,True
1a922bcb3ec74add,14e4186a11ee4dfc,lead,Envisioneer Holistic Web-Readiness Email 2024,Email,Sent,False,2025-03-12,False
1180e88bebc44fb4,d51df535d7f8447e,contact,Revolutionize Value-Added Deliverables Telemarketing 2023,Email,Sent,False,2025-03-21,False
4a5a50cd5cac42be,aa1d1b0d82c64927,lead,Monetize Front-End Web Services Webinar 2024,Email,Sent,False,2025-03-03,True
70c4ec378fb343fb,f0c462c875404ad4,lead,Cloud Security Summit 2024,Webinar,Attended,True,2024-05-01,False
f914b4b759d1409e,09bc0e068421492d,lead,Evolve E-Business Markets Webinar 2023,Webinar,No Show,False,2024-07-20,False
f8bf08b5cc7c4e00,9dd0cecced544ec3,lead,Deliver One-To-One Markets Email 2024,Email,Opened,False,2024-12-11,False
d9b5cd79d32b40de,84fd1701381d4731,contact,Matrix Seamless Infrastructures Social 2024,Email,Sent,False,2024-08-21,True
ff5f969b454d43fc,e548daa6ea064625,lead,Grow Best-Of-Breed Users Event 2024,Event,Attended,True,2025-01-03,False
0f041b3095e840b6,bd6d3f0f02ae41df,lead,Unleash Cutting-Edge E-Markets Content Syndication 2025,Email,Sent,False,2023-07-09,True
610dd591d8094ae4,c9f086f3e11043c8,contact,Generate B2B Eyeballs Webinar 2023,Webinar,No Show,False,2025-04-19,True
8d2b969d4b4b4246,9080f6f09a954df3,contact,Evolve Extensible Deliverables Webinar 2023,Webinar,No Show,False,2025-04-19,True
de0ab1e884a84efa,d470dfac3c6544d9,lead,Extend Granular Schemas Email 2025,Email,Clicked,True,2023-09-21,True
8239d6e3d18c4f08,6dfca0b2a38a4081,contact,Disintermediate Wireless Applications Content Syndication 2024,Content Syndication,Responded,True,2023-12-16,False
082a7878bec14053,edaceec9b7ef4729,lead,Nurture Drip Sequence,Email,Sent,False,2025-03-20,True
c8556d81ec3f443b,57a6edd2b0744232,lead,Benchmark Rich Functionalities Event 2024,Email,Sent,False,2023-10-14,False
80d7dc596fbb400e,a8615e69154d464b,lead,Revolutionize Value-Added Deliverables Telemarketing 2023,Telemarketing,Sent,False,2025-02-09,False
8f636f28550e4be9,185ab818f2a94f8b,contact,Re-Contextualize B2C Networks Social 2025,Email,Sent,False,2024-12-28,False
1ba04431d5cf4151,1c9acc1c906d4523,lead,Re-Contextualize B2C Networks Social 2025,Social,Viewed,False,2025-01-17,False
529d1351514c494f,bf1bc71a92be4dfb,lead,Engage Impactful Portals Webinar 2025,Email,Sent,False,2025-04-22,False
ea4abbc0b31d446d,108faca1020643bc,lead,Utilize Visionary Eyeballs Webinar 2023,Webinar,Registered,False,2024-08-25,True
099f48ecad1947e8,e5145b2f85524b1c,lead,Re-Contextualize Extensible Technologies Email 2023,Email,Opened,False,2024-12-30,True
2b1cd0efcdd64470,18f66fedf13f408c,lead,Brand Visionary Models Advertisement 2024,Advertisement,Viewed,False,2025-04-09,True
51e32771527f4ba9,0b30ac08153448ce,lead,Disintermediate 24/7 Metrics Telemarketing 2024,Email,Sent,False,2025-04-25,True
29e5ed76e7534bff,f659b94c26a440d0,contact,Monetize Out-Of-The-Box Content Social 2023,Social,Clicked,True,2025-04-02,True
197353ec0a5e4ee8,036deccc5cd94143,lead,Extend Granular Schemas Email 2025,Email,Opened,False,2025-02-26,True
5d9b53efaa0b4c1c,1bad641b07e74709,lead,Iterate Transparent Initiatives Social 2023,Social,Clicked,True,2025-04-17,True
bbfb6504e1e149f1,1b690874435840a4,lead,Monetize Out-Of-The-Box Content Social 2023,Social,Viewed,False,2025-04-13,False
183c4d7566ca403d,edaceec9b7ef4729,lead,Nurture Drip Sequence,Email,Sent,False,2025-01-10,True
a40a4a7658254762,6b9fe4129c9e4115,contact,Revolutionize Value-Added Deliverables Telemarketing 2023,Telemarketing,Sent,False,2025-02-15,True
504803484f654fb7,eeb7351d5d714452,lead,Generate Global Architectures Content Syndication 2025,Content Syndication,Responded,True,2025-04-05,True
7bca898f4e114f86,c65ca09a99d44d46,contact,Brand End-To-End Info-Mediaries Advertisement 2024,Email,Sent,False,2023-07-03,True
a4e19388609e4fda,e45a7fbd3e46418a,lead,Utilize Visionary Eyeballs Webinar 2023,Email,Sent,False,2025-02-04,True
b77da4855c8144c6,7e42afa216f549bd,contact,Unleash Cutting-Edge E-Markets Content Syndication 2025,Content Syndication,Responded,True,2025-04-23,True
f7a02d2a466741a9,e6fe353aa34e40f1,contact,Engage Impactful Portals Webinar 2025,Webinar,Registered,False,2025-04-23,True
ad728c77fbae42d1,f1f7d86f58214a60,lead,Generate B2B Eyeballs Webinar 2023,Webinar,Attended,True,2024-02-21,True
31aafd3cde624f58,c80fe48b502c4043,contact,Engage Impactful Portals Webinar 2025,Email,Sent,False,2025-01-27,True
0ae5364823064c7b,76814aef8eb041cb,contact,Streamline 24/7 Systems Advertisement 2024,Advertisement,Viewed,False,2024-12-31,False
4e7bd3516db847be,87b0e6b9f4394918,contact,Evolve E-Business Markets Webinar 2023,Webinar,Registered,False,2025-03-04,True
8fe0f2aca6684aeb,708e08ffce2b4624,contact,Deliver One-To-One Markets Email 2024,Email,Sent,False,2024-11-02,True
ff8a03eaca4e42d3,c3da9723707a430d,lead,Deliver One-To-One Markets Email 2024,Email,Sent,False,2024-06-23,True
6da52489b7954133,945892b5c4114cf9,lead,Streamline 24/7 Systems Advertisement 2024,Advertisement,Clicked,True,2025-04-18,False
1efc940b74a84885,0bbe89a78b724847,lead,Envisioneer Holistic Web-Readiness Email 2024,Email,Clicked,True,2023-06-20,True
21a7c3cf3e2b4a03,2e4341b2975c41e9,contact,Facilitate Web-Enabled Applications Email 2024,Email,Opened,False,2025-04-28,True
1fcdcd0aadc54fea,14e4186a11ee4dfc,lead,Revolutionize Value-Added Deliverables Telemarketing 2023,Email,Sent,False,2024-01-28,False
a6266ec0ea5f47fa,af8c8d7b450d4e9d,contact,Architect Viral Models Webinar 2024,Webinar,Attended,True,2024-03-07,True
c3a8bb875aec4e99,708e08ffce2b4624,contact,Matrix Seamless Infrastructures Social 2024,Email,Sent,False,2024-04-21,False
fda8d2f2ccf945d4,87327822404145c3,lead,Unleash Ubiquitous Channels Event 2025,Email,Sent,False,2024-12-24,False
05b944c972a64ae1,29749fd8a29b4cc9,lead,Optimize Strategic Supply-Chains Webinar 2023,Email,Sent,False,2023-12-07,False
b91b7bde43d04c26,0aae274798a140ce,lead,Envisioneer Holistic Web-Readiness Email 2024,Email,Sent,False,2025-02-03,True
42f94ea9673646c2,1127df2172c04f86,contact,Harness Dynamic Relationships Telemarketing 2023,Telemarketing,Responded,True,2025-01-10,True
e48463cc859f46d4,7833119f50b24965,lead,Re-Intermediate Visionary Convergence Webinar 2025,Webinar,No Show,False,2025-04-11,True
f4e1b6e343574d7f,6efa078799e2499f,lead,Revolutionize Value-Added Deliverables Telemarketing 2023,Telemarketing,Sent,False,2024-12-04,False
0e145224f2874d82,5b8f29a617ee4c0c,contact,Generate Global Architectures Content Syndication 2025,Content Syndication,Sent,False,2025-04-10,False
d2c637b310ac4e1f,6ed0a7ac6ad9494f,contact,Orchestrate 24/7 Relationships Content Syndication 2024,Content Syndication,Responded,True,2025-04-04,False
173c6c9a273c43ef,60ddffcea9ca4f85,contact,Utilize Visionary Eyeballs Webinar 2023,Email,Sent,False,2025-04-22,False
98703d4537cc42f6,32e961efb8e64d0a,contact,Matrix Seamless Infrastructures Social 2024,Social,Viewed,False,2023-08-02,True
f04d8ceeaef14d87,5e61ac8e6648407c,contact,Monetize Front-End Web Services Webinar 2024,Email,Sent,False,2025-04-05,False
19585b87f1444925,953dba724da64685,lead,Extend Granular Schemas Email 2025,Email,Sent,False,2024-01-02,True
20dfe4b83e494247,af8c8d7b450d4e9d,contact,Engage Impactful Portals Webinar 2025,Webinar,Attended,True,2025-04-16,True
4305af244e1b423e,d2157d96ad524a23,lead,Harness Wireless Communities Content Syndication 2024,Email,Sent,False,2025-02-24,True
78e30a1801ef45e9,6af7009d16b544a9,lead,Architect Customized Partnerships Telemarketing 2024,Telemarketing,Responded,True,2025-03-17,False
b392aef056914cc9,ff5982f5b3f6458b,lead,Benchmark Rich Functionalities Event 2024,Email,Sent,False,2023-08-20,False
854769cc73fb4c7a,3de1ba830de74bc6,lead,Generate Next-Generation Markets Event 2025,Email,Sent,False,2025-04-05,False
a7f72e8af4c747c1,f5477c8a6da74ed2,contact,Matrix Wireless Solutions Advertisement 2025,Advertisement,Viewed,False,2025-03-13,False
9cd2c93141934b6a,9dd0cecced544ec3,lead,Re-Intermediate Visionary Convergence Webinar 2025,Webinar,Registered,False,2024-11-18,False
d2ff938ed2614007,38027b7773b444a2,contact,Architect Customized Partnerships Telemarketing 2024,Email,Sent,False,2024-04-28,False
62a6b63007624449,a72d2167f475488f,lead,Matrix Seamless Infrastructures Social 2024,Email,Sent,False,2025-04-13,False
2b55bceddff64082,f43799fb22e54bf5,lead,Harness Dynamic Relationships Telemarketing 2023,Email,Sent,False,2025-04-14,False
3fb09e2a6f5b4a1f,46f2f49e7f1b42b2,lead,Generate Next-Generation Markets Event 2025,Event,No Show,False,2025-04-02,True
3f38a9975e2f4980,40071fae516d4588,lead,Optimize Strategic Supply-Chains Webinar 2023,Webinar,No Show,False,2025-04-11,True
615417017dd44be1,f6f30f828d3b4e72,contact,Optimize Strategic Supply-Chains Webinar 2023,Webinar,Registered,False,2025-04-26,False
610f0e0666c241bf,65a3a630b270477a,lead,Extend Granular Schemas Email 2025,Email,Sent,False,2023-07-27,True
3c5d5292cfb34e02,9080f6f09a954df3,contact,Monetize Front-End Web Services Webinar 2024,Webinar,Registered,False,2025-04-25,True
d0e219a56ac74ce8,c65ca09a99d44d46,contact,Architect Customized Partnerships Telemarketing 2024,Email,Sent,False,2025-04-16,False
dd24984382484f01,dccee8b900744391,lead,Envisioneer Holistic Web-Readiness Email 2024,Email,Sent,False,2024-12-31,False
e9712f3ae5614aa0,6eaf4b12c4244a35,contact,Orchestrate End-To-End Models Event 2025,Event,No Show,False,2025-03-23,False
626be93d38f84c2d,8cc61fe276634742,lead,Streamline Distributed E-Markets Webinar 2023,Webinar,Attended,True,2024-11-24,True
1ff73460bf944431,a4a4341a54c846f6,lead,Disintermediate 24/7 Metrics Telemarketing 2024,Telemarketing,Sent,False,2024-09-22,True
1ce56ec740bd477e,da422659f5644382,lead,Drive End-To-End Deliverables Advertisement 2024,Advertisement,Viewed,False,2025-01-31,True
2bea59e7511f47bd,76814aef8eb041cb,contact,Generate Next-Generation Markets Event 2025,Event,Registered,False,2024-01-18,True
70d43a08bb3e4f8a,ad1ea936a8924e3a,lead,Whiteboard Synergistic Initiatives Email 2025,Email,Sent,False,2025-04-13,True
ebd564373cd747dd,1fb9a748767343b4,contact,Integrate Open-Source Architectures Webinar 2023,Webinar,Attended,True,2025-04-04,True
bb3ae760e5084c39,3a7bb8157db94bfa,lead,Unleash Cutting-Edge E-Markets Content Syndication 2025,Content Syndication,Responded,True,2025-03-17,False
78da63b4884a4155,820e3f38dbe146bb,lead,Extend Granular Schemas Email 2025,Email,Sent,False,2025-03-18,True
be4462011d67418d,cdee4d4b7d564dc6,lead,Iterate Transparent Initiatives Social 2023,Social,Viewed,False,2025-03-10,True
27a8e23ed3ac4158,cdee4d4b7d564dc6,lead,Unleash 24/7 E-Tailers Event 2025,Event,No Show,False,2025-02-11,True
03f14ed50e9c41e1,40071fae516d4588,lead,Whiteboard Synergistic Initiatives Email 2025,Email,Opened,False,2024-11-27,True
9e2ad3b7990d43b3,0aa4bc073e6d43e7,contact,Deliver One-To-One Markets Email 2024,Email,Sent,False,2025-04-09,True
632873b887954495,edaceec9b7ef4729,lead,Nurture Drip Sequence,Email,Sent,False,2024-12-27,True
7d304e6d83d043ea,c94051b2ed99411c,lead,Utilize Back-End Action-Items Advertisement 2025,Advertisement,Clicked,True,2025-04-17,True
fdf986ee6b88412d,c5f31bf488a34883,contact,Re-Contextualize B2C Networks Social 2025,Email,Sent,False,2025-02-19,True
e91dca39759144ef,1b690874435840a4,lead,Engage Impactful Portals Webinar 2025,Webinar,Attended,True,2024-07-22,False
e5a72f80d99e4eaf,7833119f50b24965,lead,Monetize Front-End Web Services Webinar 2024,Webinar,No Show,False,2025-04-10,False
71762ea1400c4f69,3d76c0ce130c42bd,lead,Engage Impactful Portals Webinar 2025,Webinar,Registered,False,2025-04-26,True
ef1d6222da5240b8,6dfca0b2a38a4081,contact,E-Enable Out-Of-The-Box Portals Social 2023,Social,Viewed,False,2025-02-13,False
afde0ff4af9c41ca,a75b4ef3236749f8,contact,Generate Global Architectures Content Syndication 2025,Content Syndication,Sent,False,2023-05-14,False
257ecd0e15664142,3b776019ded64c0a,contact,Deliver One-To-One Markets Email 2024,Email,Opened,False,2024-04-19,False
7aa56f1bac684a37,19ff62cb0162456c,lead,Generate B2B Eyeballs Webinar 2023,Webinar,No Show,False,2025-02-01,True
3164ad7770084db5,50aa4e71898048be,contact,Facilitate Web-Enabled Applications Email 2024,Email,Opened,False,2025-02-08,True
b03f523461cf4bc9,c4d63c4b69cb46f3,contact,Incubate Front-End E-Tailers Telemarketing 2025,Telemarketing,Sent,False,2025-03-16,True
188ee01c01f3491d,3d22eb58e4b84734,lead,Generate Global Architectures Content Syndication 2025,Email,Sent,False,2024-09-14,False
cf8f316fa6ba4664,50aa4e71898048be,contact,Disintermediate 24/7 Metrics Telemarketing 2024,Telemarketing,Sent,False,2025-01-23,False
bd6b072ed8184450,f43799fb22e54bf5,lead,Target Mission-Critical Eyeballs Content Syndication 2025,Email,Sent,False,2024-11-09,True
72bf3d448f8d48c1,4345a36ec0a646bd,contact,Target Mission-Critical Eyeballs Content Syndication 2025,Content Syndication,Sent,False,2025-03-06,False
7a2e1040b5cb41a3,100d409f31a14510,contact,Monetize Out-Of-The-Box Content Social 2023,Social,Viewed,False,2025-04-01,True
6b4d78e790d64c4c,6cd7995cd86b4321,lead,Iterate Transparent Initiatives Social 2023,Social,Clicked,True,2025-04-30,True
487343bc24094af9,811c5bb83bdb407a,lead,E-Enable Seamless E-Commerce Event 2025,Event,Registered,False,2024-01-31,False
0855aa4205454539,dccee8b900744391,lead,Brand End-To-End Info-Mediaries Advertisement 2024,Advertisement,Clicked,True,2025-04-06,True
f7c2bc5877d142fb,a7f4c240d8a84395,lead,Benchmark Rich Functionalities Event 2024,Event,Attended,True,2023-12-02,False
96f454dacfda4489,2dbed577e7ec4c09,lead,Unleash 24/7 E-Tailers Event 2025,Event,Registered,False,2024-09-06,True
504f91204e564b18,6f5be3a3704d4b5d,contact,Mesh Interactive Platforms Advertisement 2023,Email,Sent,False,2025-04-30,True
8bab909eb2954ff9,67979dd6ff284c89,lead,Embrace Out-Of-The-Box Networks Webinar 2023,Webinar,Registered,False,2025-03-22,True
ce506b55d5664c3d,4e05b0b7d84e468e,lead,Envisioneer Revolutionary Deliverables Content Syndication 2024,Content Syndication,Sent,False,2024-11-30,False
b4744142ff8441af,036deccc5cd94143,lead,Monetize Out-Of-The-Box Content Social 2023,Social,Viewed,False,2025-01-02,True
540547f0f364485f,8a4e20f67d2e4cf1,contact,Whiteboard Synergistic Initiatives Email 2025,Email,Sent,False,2025-04-04,True
78366c6a8ea046c6,a72d2167f475488f,lead,Unleash 24/7 E-Tailers Event 2025,Email,Sent,False,2025-04-16,True
d51f94406dca4360,fdfef4b903cd45ea,contact,Drive End-To-End Deliverables Advertisement 2024,Advertisement,Clicked,True,2024-12-20,True
c38778482a0141c6,e6fe353aa34e40f1,contact,Incubate Front-End E-Tailers Telemarketing 2025,Telemarketing,Sent,False,2024-11-24,False
69360dd9086f478f,b3927f4c1415426c,lead,Maximize Bleeding-Edge Convergence Webinar 2023,Webinar,Registered,False,2025-03-19,True
9065c63f83b84445,ce8259b115c04b79,contact,Streamline Distributed E-Markets Webinar 2023,Email,Sent,False,2025-04-13,False
0b4e3948debc4d7d,2e32eab771de4fd4,lead,Optimize Strategic Supply-Chains Webinar 2023,Webinar,Attended,True,2024-05-25,True
4e39642439c14d83,e874b3fef9f44a20,lead,Drive Next-Generation Communities Telemarketing 2025,Telemarketing,Responded,True,2023-10-30,True
3617e15cf8d244a4,e874b3fef9f44a20,lead,Drive Next-Generation Communities Telemarketing 2025,Telemarketing,Sent,False,2025-04-01,False
f54dbba084d4420c,45934305f11e4b62,lead,E-Enable Out-Of-The-Box Portals Social 2023,Social,Clicked,True,2025-04-08,False
c916fb2dda2b4fd4,7b8dae74c12a487f,lead,E-Enable Out-Of-The-Box Portals Social 2023,Social,Viewed,False,2023-10-25,True
595287880c804638,532edeae240941fc,lead,Mesh Interactive Platforms Advertisement 2023,Advertisement,Viewed,False,2025-01-07,False
07f8d97e76284c13,3e67f5ac01fa4ed0,lead,Unleash Cutting-Edge E-Markets Content Syndication 2025,Email,Sent,False,2025-04-02,False
85fef302663e4cce,f0c462c875404ad4,lead,Security Awareness Webinar Q1 2023,Webinar,Attended,True,2023-05-02,False
1689c89f7c044dca,fb0c3528914e4dd3,contact,Architect Viral Models Webinar 2024,Webinar,No Show,False,2025-02-20,True
75bee66d7cae48b7,42597707939c484c,contact,Re-Contextualize Extensible Technologies Email 2023,Email,Clicked,True,2023-06-02,False
9e1433d8103c47b7,5b8f29a617ee4c0c,contact,Engineer Robust Web Services Event 2024,Event,Attended,True,2024-11-23,True
41b3c03d99b74706,26fb5134d77a49a8,lead,Incubate Front-End E-Tailers Telemarketing 2025,Telemarketing,Sent,False,2025-02-18,True
bb5db94d37e04dc9,414b6112183144bd,lead,Facilitate Granular Web-Readiness Telemarketing 2024,Telemarketing,Responded,True,2024-01-14,False
e47bb8c87b714de0,96e989da68254457,contact,Generate B2B Eyeballs Webinar 2023,Webinar,Registered,False,2024-12-15,True
53901d1231d941c7,e79ae282252a44a9,contact,Monetize Front-End Web Services Webinar 2024,Webinar,Registered,False,2025-02-07,True
4a4db0e7acdf46d9,29a68e6027dc4cf3,lead,Orchestrate 24/7 Relationships Content Syndication 2024,Content Syndication,Sent,False,2023-12-12,True
211aa5b0afed450e,100d409f31a14510,contact,Unleash Cutting-Edge E-Markets Content Syndication 2025,Content Syndication,Sent,False,2025-02-12,True
cb99ef88de7b42c6,3a7bb8157db94bfa,lead,Monetize Out-Of-The-Box Content Social 2023,Social,Viewed,False,2025-04-30,False
1a524b2b349c4436,185ab818f2a94f8b,contact,Orchestrate 24/7 Relationships Content Syndication 2024,Email,Sent,False,2024-04-01,True
02d3b28e8f114c90,1c9acc1c906d4523,lead,Brand Leading-Edge Interfaces Telemarketing 2025,Telemarketing,Responded,True,2025-04-20,False
54a8cf6667964960,3a07aefee2d74a30,lead,Target Collaborative Paradigms Social 2024,Social,Viewed,False,2024-12-31,True
1c20f16fce9c475d,60ddffcea9ca4f85,contact,Evolve Extensible Deliverables Webinar 2023,Email,Sent,False,2025-03-02,False
8062ad0dd8354efb,384291ce34534af3,lead,Re-Contextualize Extensible Technologies Email 2023,Email,Clicked,True,2024-12-02,True
ae5569477fa34a3e,429413ad913f4749,lead,Generate B2B Eyeballs Webinar 2023,Webinar,Attended,True,2025-04-17,False
fcec0e75d2d84414,1980a7068c854572,contact,Architect Customized Partnerships Telemarketing 2024,Email,Sent,False,2025-02-18,True
002d685ad8cc4965,53b148c040a34d51,lead,Revolutionize Value-Added Deliverables Telemarketing 2023,Telemarketing,Sent,False,2025-02-27,False
7c85aaf2ace54edb,bd63086e621b4ab8,contact,Revolutionize Value-Added Deliverables Telemarketing 2023,Telemarketing,Sent,False,2024-12-05,True
c1b8f47bb46946bd,d30180a12faa4f21,lead,Streamline Distributed E-Markets Webinar 2023,Webinar,Registered,False,2025-04-11,True
a4a3ec9c4ba94a1f,297bb252619c48fb,lead,Re-Contextualize Extensible Technologies Email 2023,Email,Sent,False,2023-11-15,True
7a641f430c35400d,f7aa8c544fa94601,lead,Generate B2B Eyeballs Webinar 2023,Webinar,Attended,True,2024-09-30,False
8dc9f5f8a412410b,d4c9844a1c9f4ade,contact,Revolutionize Value-Added Deliverables Telemarketing 2023,Telemarketing,Sent,False,2025-03-18,True
982531cac6054298,d30180a12faa4f21,lead,Utilize Visionary Eyeballs Webinar 2023,Webinar,Registered,False,2025-04-26,False
31ec4f53fb3a4fe8,9c20faaa55be4c53,lead,Orchestrate End-To-End Models Event 2025,Email,Sent,False,2025-04-01,True
6f3938616ebf4331,e7674d9456794377,lead,Enterprise Security Summit 2024,Event,Attended,True,2024-08-04,False
4a3dd6d6720d4be0,c1c9b37b5b3a41af,lead,Security Deep Dive Series,Webinar,Attended,True,2025-03-08,True
1bc3a21e33b64eea,c6ca28e30c13461d,contact,Generate Next-Generation Markets Event 2025,Email,Sent,False,2025-04-15,True
574da472444849f3,f1a91cb3f6684866,lead,Evolve E-Business Markets Webinar 2023,Webinar,Attended,True,2025-01-26,True
ecba884ef4524f9d,21c2c51d36104704,contact,Generate Next-Generation Markets Event 2025,Event,Attended,True,2025-04-12,True
b2d34adb2b814847,d470dfac3c6544d9,lead,Brand End-To-End Info-Mediaries Advertisement 2024,Advertisement,Clicked,True,2025-04-05,True
5e11e68999f8426f,708e08ffce2b4624,contact,Generate Next-Generation Markets Event 2025,Email,Sent,False,2025-04-13,True
edd19be1778244f9,0c56f998fa964d12,lead,Architect Viral Models Webinar 2024,Email,Sent,False,2024-09-10,False
01c01a81d6d54714,4bf6b8a031ec412d,lead,Brand End-To-End Info-Mediaries Advertisement 2024,Email,Sent,False,2025-04-13,True
a3be0d8f1ee04e8e,aa1d1b0d82c64927,lead,Monetize Out-Of-The-Box Content Social 2023,Email,Sent,False,2025-04-18,True
46827b97d2e24f3b,96a759ed427742ed,contact,Re-Intermediate Visionary Convergence Webinar 2025,Email,Sent,False,2025-04-21,False
090f877807c442a5,297bb252619c48fb,lead,Revolutionize Value-Added Deliverables Telemarketing 2023,Email,Sent,False,2025-04-13,True
ea7ba819937c4da0,85bf9b47921042d5,contact,Streamline Distributed E-Markets Webinar 2023,Email,Sent,False,2025-04-26,True
70dbfb23e2754add,6d5e659fd2064786,lead,Utilize Back-End Action-Items Advertisement 2025,Advertisement,Viewed,False,2025-04-04,True
c4910d8217d7488f,9dbe429836044ead,contact,Strategize Seamless Vortals Telemarketing 2025,Telemarketing,Sent,False,2023-11-03,True
2ff74fc8b6304645,9642116fc89c4e04,lead,Monetize Clicks-And-Mortar Bandwidth Event 2023,Event,Attended,True,2023-09-16,False
dc9b16d15b8b4bae,ab3adfe35cbf4fcf,lead,E-Enable Seamless E-Commerce Event 2025,Event,Registered,False,2024-03-18,True
e9257ec33548484d,1ad8a9851479414c,lead,Orchestrate End-To-End Models Event 2025,Event,No Show,False,2025-04-30,True
9008dca13e9c44f3,e85ad41a88104fc8,contact,Unleash 24/7 E-Tailers Event 2025,Email,Sent,False,2023-12-17,True
e0074634ffff4c44,40071fae516d4588,lead,Generate Global Architectures Content Syndication 2025,Content Syndication,Sent,False,2025-04-08,False
f40083f8f4474a58,e79ae282252a44a9,contact,Grow Best-Of-Breed Users Event 2024,Event,No Show,False,2025-04-30,True
c236f96f7a4e4303,bd22c6b4689249c7,contact,Disintermediate 24/7 Metrics Telemarketing 2024,Telemarketing,Sent,False,2024-07-04,True
cf50e8b49d164c7c,09c9f0fe936e44bf,contact,Transition Efficient Deliverables Email 2024,Email,Sent,False,2025-01-17,True
4bb4d5f5618a4efb,0c80519f63164502,contact,Monetize Clicks-And-Mortar Bandwidth Event 2023,Email,Sent,False,2024-07-08,True
35dca75c287a4b95,820ceb3523964e88,contact,Harness Wireless Communities Content Syndication 2024,Email,Sent,False,2024-04-06,False
8f1129dd6a1f423f,185ab818f2a94f8b,contact,Harness Dynamic Relationships Telemarketing 2023,Email,Sent,False,2025-04-22,False
1d63c3ea5bed43cb,5c9e16370a9e4239,lead,Mesh Interactive Platforms Advertisement 2023,Advertisement,Viewed,False,2025-04-09,True
3ca2060071624815,57a6edd2b0744232,lead,E-Enable Out-Of-The-Box Portals Social 2023,Email,Sent,False,2025-04-21,True
ba115cfe99fe486c,6e5dd68a6abd44b2,contact,Architect Customized Partnerships Telemarketing 2024,Telemarketing,Responded,True,2024-07-01,False
c8959a6510eb41a1,14e87529bf5443a7,contact,Incubate Front-End E-Tailers Telemarketing 2025,Telemarketing,Responded,True,2024-11-11,True
29c44fed96314444,dd6f44c6d6f14ec5,lead,Matrix Seamless Infrastructures Social 2024,Email,Sent,False,2023-07-18,True
327af08b8efa4da5,c80fe48b502c4043,contact,Re-Contextualize Extensible Technologies Email 2023,Email,Sent,False,2023-07-27,True
e25cb295bebb41ee,8a85112192ac4bd1,lead,Integrate Open-Source Architectures Webinar 2023,Webinar,Attended,True,2024-12-30,True
934b6d6b8f714d84,57899cf30853451e,contact,Orchestrate End-To-End Models Event 2025,Event,No Show,False,2025-02-15,True
e1a8b3765f834c4d,185ab818f2a94f8b,contact,Grow Best-Of-Breed Users Event 2024,Email,Sent,False,2025-04-06,True
381bc1e6057640d9,7ab848532300453a,lead,Target Mission-Critical Eyeballs Content Syndication 2025,Content Syndication,Responded,True,2025-03-28,True
715f9be7765441a5,3de1ba830de74bc6,lead,Unleash Cutting-Edge E-Markets Content Syndication 2025,Email,Sent,False,2023-05-24,True
c57053dd71e241c9,bda770a739914610,contact,E-Enable Out-Of-The-Box Portals Social 2023,Email,Sent,False,2025-04-05,True
b15e27b7386443cf,f669ca9a4acd434d,contact,Unleash Ubiquitous Channels Event 2025,Event,Registered,False,2023-06-15,True
2f2adc228c654fb7,5dcd316937174db6,lead,Re-Intermediate Visionary Convergence Webinar 2025,Webinar,No Show,False,2024-06-23,False
245f3d24fa4e4902,9bd395cc2abb4996,lead,Target Mission-Critical Eyeballs Content Syndication 2025,Content Syndication,Responded,True,2025-01-12,True
c7549cc57e594e2d,61fa38db82654ca5,lead,Engineer Robust Web Services Event 2024,Event,Registered,False,2025-04-06,True
33078ba93de14936,998fd075957d42ba,lead,Engineer Robust Web Services Event 2024,Event,Attended,True,2025-01-28,True
b42365a71ca3435d,cdee4d4b7d564dc6,lead,Optimize Strategic Supply-Chains Webinar 2023,Webinar,Attended,True,2023-12-29,True
77d65f95e74543d3,240b3a29a43a4968,contact,Monetize Clicks-And-Mortar Bandwidth Event 2023,Event,No Show,False,2025-02-24,True
cf9a3df5e5f64601,16bd3a8326c74630,lead,Utilize Back-End Action-Items Advertisement 2025,Advertisement,Clicked,True,2024-01-20,True
87a41e1420b94362,76814aef8eb041cb,contact,Brand Leading-Edge Interfaces Telemarketing 2025,Telemarketing,Sent,False,2024-02-09,False
65f2183fd1c34d4f,100d409f31a14510,contact,Optimize Strategic Supply-Chains Webinar 2023,Webinar,No Show,False,2023-10-07,False
9aa7fcb3055b4c3e,ce300319779040cb,lead,Incubate Front-End E-Tailers Telemarketing 2025,Email,Sent,False,2025-04-03,False
611f60dd93354f60,2c411125e9e141fb,lead,Unleash 24/7 E-Tailers Event 2025,Event,No Show,False,2024-12-21,True
53216949401145e1,a1d5ebe937ac4e8a,contact,Engineer Robust Web Services Event 2024,Event,No Show,False,2024-09-25,True
bdcd6316fe0e4eb6,26a2f769e1904780,contact,Harness Dynamic Relationships Telemarketing 2023,Telemarketing,Sent,False,2025-04-01,False
43d755ca7c5d406b,f09b58cd266740c3,lead,Utilize Visionary Eyeballs Webinar 2023,Email,Sent,False,2025-02-25,True
d37c6e7d96564c33,c3fde48d45c44d9b,lead,Generate Global Architectures Content Syndication 2025,Content Syndication,Sent,False,2024-06-07,True
5bce43175e274503,7cd529b5a8f64595,contact,Brand End-To-End Info-Mediaries Advertisement 2024,Advertisement,Viewed,False,2023-08-05,False
054d85472b984e90,74505e72ac204f2f,contact,Drive Next-Generation Communities Telemarketing 2025,Telemarketing,Sent,False,2025-04-09,True
f6b15cba862e4931,7b07db19d38241d2,lead,Incubate Front-End E-Tailers Telemarketing 2025,Telemarketing,Responded,True,2024-03-07,True
5bd7118c55704c7c,586028badf994db9,lead,Generate B2B Eyeballs Webinar 2023,Email,Sent,False,2023-07-11,False
e7415fddd7054e69,6dfca0b2a38a4081,contact,Generate Next-Generation Markets Event 2025,Event,Attended,True,2023-11-09,False
1544b113d4dc476d,41d4e4e707554684,contact,Optimize Strategic Supply-Chains Webinar 2023,Webinar,Attended,True,2025-04-13,True
9511662bb4ed413d,811c5bb83bdb407a,lead,Monetize Out-Of-The-Box Content Social 2023,Social,Viewed,False,2025-04-07,False
4448d4b084604577,bda770a739914610,contact,Re-Contextualize B2C Networks Social 2025,Email,Sent,False,2025-04-24,True
79096ebc53214ca4,ac23f9a22f5a4d5a,lead,Incubate Front-End E-Tailers Telemarketing 2025,Telemarketing,Sent,False,2025-04-17,False
52d70205650b4b21,7b7d5dfbe5854593,lead,Envisioneer Revolutionary Deliverables Content Syndication 2024,Content Syndication,Responded,True,2025-02-03,False
464b01fd23944124,3d22eb58e4b84734,lead,Drive End-To-End Deliverables Advertisement 2024,Email,Sent,False,2025-04-26,False
f4928d7b9045449c,3de1ba830de74bc6,lead,Re-Contextualize Extensible Technologies Email 2023,Email,Sent,False,2023-06-01,True
dc54d9f0c8a44005,0d1374740ae84ab6,lead,Maximize Bleeding-Edge Convergence Webinar 2023,Webinar,No Show,False,2024-12-27,False
bb2573233fad442c,bda770a739914610,contact,Target Collaborative Paradigms Social 2024,Email,Sent,False,2024-01-06,False
804b916fc0444db6,f0e96d76ce2349ee,contact,Extend Granular Schemas Email 2025,Email,Opened,False,2025-01-12,True
283172e2b8404834,d62348854f144843,lead,Monetize Front-End Web Services Webinar 2024,Email,Sent,False,2025-04-29,False
415cb870cb0d42a9,4ae63509eec74beb,contact,Whiteboard Synergistic Initiatives Email 2025,Email,Clicked,True,2024-05-23,False
7ec8ea7efe7f4043,c733f0d560e74552,lead,Orchestrate 24/7 Relationships Content Syndication 2024,Content Syndication,Sent,False,2025-02-13,False
8981537cdc064fda,ab0ce0dc0056419a,lead,Orchestrate 24/7 Relationships Content Syndication 2024,Email,Sent,False,2025-01-09,True
d0af00686c0d45a1,1043dd2b6102482a,contact,Orchestrate 24/7 Relationships Content Syndication 2024,Content Syndication,Responded,True,2024-09-29,True
cb381154604545da,a9b9beb598a64e0d,contact,Unleash Ubiquitous Channels Event 2025,Event,Attended,True,2025-04-30,True
63ed002fa9964430,074f5cde86474c7b,lead,Unleash Cutting-Edge E-Markets Content Syndication 2025,Email,Sent,False,2025-04-15,True
6e0ff98494664b18,59b9e7554f0949cb,lead,Harness Wireless Communities Content Syndication 2024,Email,Sent,False,2025-03-12,True
8344d174ed2543df,223b349cab564d8a,lead,Iterate Transparent Initiatives Social 2023,Social,Viewed,False,2025-04-05,False
5137a3922bbb44fe,57a6edd2b0744232,lead,Matrix Seamless Infrastructures Social 2024,Email,Sent,False,2025-04-01,True
47f7b10531ad451a,429413ad913f4749,lead,Streamline 24/7 Systems Advertisement 2024,Advertisement,Viewed,False,2023-10-06,True
c4b1f019e76b4764,27d652b7a0984a3f,lead,Orchestrate End-To-End Models Event 2025,Event,No Show,False,2025-03-05,True
58e5f4bd03f841ef,223b349cab564d8a,lead,Mesh Interactive Platforms Advertisement 2023,Advertisement,Clicked,True,2025-04-18,False
db79daaa4cfe4c31,4aac9ce850fb4171,lead,Utilize Visionary Eyeballs Webinar 2023,Email,Sent,False,2024-11-12,True
d782824a71b14225,4e05b0b7d84e468e,lead,Grow Best-Of-Breed Users Event 2024,Event,No Show,False,2025-03-26,True
69add75d6e4549ac,e8865e09409a440f,lead,Brand Visionary Models Advertisement 2024,Email,Sent,False,2023-10-26,True
8ffe243bd06b4597,d99b328559514fad,lead,Re-Intermediate Visionary Convergence Webinar 2025,Email,Sent,False,2024-11-13,True
1e740fc302cb4bc9,8c2c1549327b4f3a,contact,E-Enable Seamless E-Commerce Event 2025,Event,Registered,False,2025-04-03,False
d82c2bbd53c4431c,185ab818f2a94f8b,contact,Re-Contextualize B2C Networks Social 2025,Email,Sent,False,2024-01-25,True
41b56d4ed67e47e3,177db71e8d224064,contact,E-Enable Out-Of-The-Box Portals Social 2023,Social,Viewed,False,2024-11-06,True
1c499e4b54854008,cced2f11e3604477,contact,Brand End-To-End Info-Mediaries Advertisement 2024,Email,Sent,False,2025-02-03,True
3b70a6fbb8c54b8e,aa1d1b0d82c64927,lead,Drive Next-Generation Communities Telemarketing 2025,Email,Sent,False,2025-04-07,False
f5de27bea21e4f66,baa9e0a6e3e14390,lead,Monetize Clicks-And-Mortar Bandwidth Event 2023,Event,Attended,True,2024-11-04,True
36e54c19f2ae4b53,da422659f5644382,lead,Unleash Cutting-Edge E-Markets Content Syndication 2025,Content Syndication,Sent,False,2025-04-10,False
db520f6f487d4a3b,d4c9844a1c9f4ade,contact,Grow Best-Of-Breed Users Event 2024,Event,Attended,True,2025-03-01,True
9062809e8f2d44b4,188fb0d5560b4ef8,lead,Deliver One-To-One Markets Email 2024,Email,Sent,False,2025-04-27,False
4e51daf26c224688,f669ca9a4acd434d,contact,Redefine Cross-Media Synergies Webinar 2023,Webinar,No Show,False,2024-12-29,True
ddb9f2433c974552,14c41452160d40f4,contact,E-Enable Seamless E-Commerce Event 2025,Email,Sent,False,2025-04-03,False
6e364d43c09a4d35,4c041bd58f024b89,lead,Benchmark Rich Functionalities Event 2024,Event,Attended,True,2023-12-07,False
1e093bc2c67c404a,05a3804142f546ea,lead,Deliver One-To-One Markets Email 2024,Email,Sent,False,2025-02-24,False
882cf9f8f2c14112,dc55f2a8c7e740ca,lead,Monetize Clicks-And-Mortar Bandwidth Event 2023,Event,Registered,False,2025-04-10,True
8ec4df326aa34f8c,820ceb3523964e88,contact,Streamline 24/7 Systems Advertisement 2024,Email,Sent,False,2025-03-01,True
d09d4651cf944c41,21cec14d20404ed1,lead,Unleash Ubiquitous Channels Event 2025,Event,No Show,False,2025-04-16,True
1174fa8605ba4bd5,b4fb65d391a3419f,contact,Utilize Visionary Eyeballs Webinar 2023,Email,Sent,False,2025-01-07,True
0a5c0ae38ad04881,3d22eb58e4b84734,lead,Envisioneer Revolutionary Deliverables Content Syndication 2024,Email,Sent,False,2025-03-24,True
c0da8a1bc3c240ac,b3927f4c1415426c,lead,E-Enable Seamless E-Commerce Event 2025,Event,No Show,False,2025-03-10,True
c263f21b06fc4da1,706eb9c1e30b456b,lead,Orchestrate End-To-End Models Event 2025,Email,Sent,False,2025-04-15,False
f0d1deab55244c6d,40f9fa74e1f64eac,lead,Unleash 24/7 E-Tailers Event 2025,Event,No Show,False,2025-03-30,True
749e543c34d843ad,1127df2172c04f86,contact,Architect Viral Models Webinar 2024,Webinar,Attended,True,2025-04-26,True
1b06a484627e4d5d,3a07aefee2d74a30,lead,Facilitate Granular Web-Readiness Telemarketing 2024,Telemarketing,Responded,True,2025-04-18,False
77986851977d4b8a,abab5caf18864367,lead,Unleash Ubiquitous Channels Event 2025,Event,Registered,False,2025-02-13,True
04d3fac7db5f4042,26fb5134d77a49a8,lead,Generate Next-Generation Markets Event 2025,Event,Registered,False,2023-11-11,True
d1b0a00d15ed4ef1,c94051b2ed99411c,lead,Evolve E-Business Markets Webinar 2023,Webinar,Registered,False,2023-05-10,True
38377aa218cc4f1f,d51df535d7f8447e,contact,Whiteboard Synergistic Initiatives Email 2025,Email,Sent,False,2025-01-07,True
3f7560cc5fca4b08,3a7bb8157db94bfa,lead,Whiteboard Synergistic Initiatives Email 2025,Email,Clicked,True,2025-04-20,True
99fbf4b0bfa44f43,29a68e6027dc4cf3,lead,Architect Customized Partnerships Telemarketing 2024,Telemarketing,Responded,True,2024-12-11,True
97a91329d98d4e39,108faca1020643bc,lead,Brand End-To-End Info-Mediaries Advertisement 2024,Advertisement,Viewed,False,2025-01-18,True
274e894721304330,d6a893b59d0f483d,lead,Unleash Ubiquitous Channels Event 2025,Event,Registered,False,2024-12-30,True
cafb2b5d380842d1,fbdf1bcc8b734f72,lead,Architect Viral Models Webinar 2024,Email,Sent,False,2025-04-28,True
