lead_id,email,first_name,last_name,title,company,lead_status,lead_source,job_persona,job_level,created_date,mql_date,is_converted,converted_contact_id,mkto_lead_score,is_disqualified,dq_reason,dq_date,has_opted_out,email_bounced,no_longer_with_company,linked_account_id,_archetype
e7cd2b7df50649ca,cheryl.gray@snyderllc.com,Cheryl,Gray,"Education officer, environmental",Lewis-Salinas,Disqualified,Purchased List,Champion,Individual Contributor,2024-07-07,,True,,121,True,Personal Email,2025-01-07,False,True,False,afc81c8dac114849,
9bc854a1a3e04572,matthew.beard@beardpetersa.com,Matthew,Beard,"Engineer, aeronautical",Allen Group,Disqualified,Referral,Technical Buyer,Individual Contributor,2024-03-10,,True,0f97f082036d4131,70,False,,,False,False,False,29b003713a4d4d1c,
2c8dcd85a382453d,tracy.chang@alvarezjosep.com,Tracy,Chang,,Phillips Group,New,Web,End User,,2024-03-10,,True,,212,False,,,False,False,False,db92616f3a69429c,
a4fd56f030b64e12,thomas85@yahoo.com,Heather,Torres,"Physicist, medical","Pierce, Bell and Chavez",Qualified,Purchased List,CISO,Individual Contributor,2023-06-01,,True,4d8aacfc55ca48ae,110,False,,,False,False,True,ed8d9c184c104dd2,
3d707c560e9440c6,kristopher.hall@leewilsonand.com,Kristopher,Hall,,Robinson Group,MQL,Event,Non-Prospect,,2024-03-10,2024-12-24,True,4e08e606854e432e,73,False,,,True,False,False,68084facbf064402,
8bf5870480484cbb,support@carlson.com,Joshua,Lawrence,Ergonomist,White-Smith,MQL,Webinar,Technical Buyer,Manager,2024-03-10,2024-12-31,True,,182,False,,,False,False,False,934a566d86104271,
9b87c13b68bf4e9d,amanda.hill@tranltd.com,Amanda,Hill,,"Oneill, Henry and Salas",New,Web,End User,,2024-04-08,,True,ac4fc61c3d62433f,234,False,,,False,False,False,,
9b8ec981238045fb,audrey.harrison@peterson-she.com,Audrey,Harrison,Forensic psychologist,Wilson-Jones,New,Webinar,,Individual Contributor,2023-06-01,,True,,204,False,,,False,False,False,80b9756d5130404e,
5534dfe730d141f6,travis.ray@brownhernand.com,Travis,Ray,,Mcknight Inc,MQL,Web,End User,Individual Contributor,2022-01-15,2025-04-04,True,,218,False,,,False,False,False,232dc6dccdcc4d58,
c82537ec8ec1481c,kimberlyjames@gmail.com,Angela,Butler,,Dalton-Branch,MQL,Webinar,End User,Manager,2024-03-10,2024-11-08,True,,224,False,,,True,False,False,52a06ee62d294ee8,
7d781bcc38c143e7,contact@choi.com,Kevin,Oliver,"Geneticist, molecular","Miller, Allen and Arnold",MQL,Web,Economic Buyer,Manager,2022-01-15,2025-01-27,True,dc0148cf0d7f488d,95,False,,,False,False,False,a90c8d2ed11948be,
1850845827d84c27,ocarter@gmx.de,Eric,Ortiz,Homeopath,"Campbell, Heath and Jones",Attempted,Content Syndication,Technical Buyer,,2022-01-15,,True,362be34b78ce4a56,163,False,,,True,False,False,,
598a81bb3fa447de,jesus.baker@lawrencelara.com,Jesus,Baker,,"Walker, Hernandez and Baker",MQL,Purchased List,End User,Individual Contributor,2022-01-15,2024-12-25,True,,282,False,,,False,False,False,,
5996dba632b140cf,douglas.brown@larson-hollo.com,Douglas,Brown,Homeopath,Martinez-Barker,Recycled,Web,End User,Individual Contributor,2024-11-01,,True,2006696056614b83,93,False,,,False,False,False,cf56917738834ec9,
260324cdf91e4e3a,holly.bender@fernandezkim.com,Holly,Bender,Podiatrist,"Morris, Wright and Davis",New,Referral,,VP,2022-05-05,,True,1a3f5bb36b53426f,155,False,,,False,False,False,16c030bda2c84e26,
ab66bd37864c4f85,suzanne.huff@matthewssmit.com,Suzanne,Huff,Geophysical data processor,"Williams, Avila and Ruiz",MQL,Webinar,Champion,Manager,2025-02-02,2024-11-17,True,0e33c7cb5d144ad3,15,False,,,False,False,False,aa807a1dd74748a3,
17c4e1f292e94f46,denise.moon@sheagroup.com,Denise,Moon,Regulatory affairs officer,Harrison Group,Attempted,Web,Economic Buyer,,2023-06-01,,True,7b71281e7fc24d6e,176,False,,,False,False,False,cf56917738834ec9,
d19a7663ff3541b1,mathew.santiago@riveraltd.com,Mathew,Santiago,Research scientist (life sciences),Bates-Morales,MQL,Content Syndication,,,2024-03-10,2025-03-21,True,24be141c3d704ce8,81,False,,,False,False,False,1b007d218bee4ed9,
71498303e7ae4d5f,kathleen.johnson@edwardsllc.com,Kathleen,Johnson,Commercial art gallery manager,Hancock-Bryan,Attempted,Web,,,2023-06-01,,True,996e7c7b1f9d4ec7,68,False,,,False,True,False,99775319017f4b55,
6b976bf5fe4b4455,aaron.booth@gutierrez-lo.com,Aaron,Booth,Medical illustrator,"Avila, Garrett and Wolf",Attempted,Web,,,2023-06-01,,True,,187,False,,,False,False,False,4883fd135cf34e68,
3542042a28de489b,james.dunn@kim-wolfe.com,James,Dunn,Community development worker,Dudley PLC,MQL,Webinar,Non-Prospect,,2024-03-10,2024-11-25,True,e46ec6f028bf4da3,172,False,,,False,False,False,8d611d9d99c746e0,
d1a7c6a2dd184a5c,lauren.mckinney@pierce-tran.com,Lauren,Mckinney,Chief Financial Officer,Gay Inc,Attempted,Webinar,,,2024-03-10,,True,966bdb5037f34ab2,116,False,,,False,False,False,c494e2d9b4f44771,
3fd8b7d88f6f463c,info@jimenez.com,Steven,Wilson,Sales executive,"Hill, Davenport and Baird",New,Webinar,,,2023-06-01,,True,69fc5e21389f4327,31,False,,,False,False,False,fb1930ad7d2042b7,
b4b773eb5f6748d2,john.arnold@lee-greene.com,John,Arnold,Copy,Hill Group,Disqualified,Webinar,Economic Buyer,Manager,2024-03-10,,True,192ad006dd814c60,115,False,,,False,False,False,fbd6e881517a44c4,
6c5a6295fcf54c71,matthew.french@hoover-campb.com,Matthew,French,Hydrogeologist,"Carpenter, Keller and Grimes",MQL,Purchased List,,Individual Contributor,2024-03-10,2025-01-19,True,79499a2aa7d94da8,147,False,,,False,False,False,a5bc25cbe8de4f49,
7f022ae014ac41a4,sean.washington@arnold-danie.com,Sean,Washington,,Kane-Pollard,Recycled,Event,,,2022-01-15,,True,9bcbf75b1e794ee9,241,True,Personal Email,2024-12-07,False,True,False,,
0af8ba9b93194364,contact@williams-garner.biz,John,Reyes,Nature conservation officer,"Sparks, Pearson and Hernandez",New,Partner,End User,,2022-01-15,,True,1cde5f2ca37443e0,213,False,,,False,True,False,0fce65eaa1234650,
d3df030136f14cde,molly71@gmail.com,Tammie,Martinez,Secondary school teacher,Smith-Thomas,Disqualified,Content Syndication,Economic Buyer,Individual Contributor,2024-03-10,,True,21f4585ceb4c42a4,68,False,,,False,False,False,daf12e4e24a74a55,
5341ee4ee7574cc9,harrisontanya@yahoo.com,Monica,Booker,,"Schwartz, Santos and Christian",New,Content Syndication,,VP,2024-03-10,,True,0ceaa89139d54282,3,True,Competitor,2024-12-28,False,False,False,40c2eda23c4f427f,
d3f8a553970c4f53,melissa.villarreal@finley-sims.com,Melissa,Villarreal,Ranger/warden,"Johnson, Jones and Welch",New,Event,,Individual Contributor,2023-06-01,,True,de8b9a775fc74e13,151,False,,,False,False,False,77ad07a1315c47a3,
e695116628844769,hamiltoncorey@yahoo.com,Samantha,Bright,Chiropodist,Jackson-Evans,Attempted,Event,,Individual Contributor,2024-03-10,,True,,31,False,,,False,True,False,333bd94553c8466a,
4ea5e8412fec4e9a,anthony.nguyen@carterllc.com,Anthony,Nguyen,Plant breeder/geneticist,Sanchez Group,MQL,Referral,,Director,2022-01-15,2025-01-14,True,01fffa3e0d1040f4,11,False,,,True,False,False,68084facbf064402,
dbc69e9bdc764367,ashlee.sparks@thompsonplc.com,Ashlee,Sparks,Museum/gallery exhibitions officer,"Vega, Jimenez and Aguilar",MQL,Purchased List,Non-Prospect,Manager,2022-01-15,2025-01-16,True,,215,False,,,True,False,False,41aad464896e418d,
05e4ac66ab4046ba,jesse.little@scott-smith.com,Jesse,Little,"Psychologist, occupational",Byrd-Moore,New,Content Syndication,Champion,Manager,2024-03-10,,True,3db814fd874a46fa,278,False,,,True,True,False,41aad464896e418d,
73f5e920180c41da,scott.reed@evanshaydena.com,Scott,Reed,"Programmer, multimedia",Gonzalez-Cruz,MQL,Referral,Technical Buyer,,2022-01-15,2025-04-05,True,5722e786c70346e2,125,False,,,False,False,False,440751f90ac74a98,
2631ea5d7e37492f,bailey40@hotmail.com,Timothy,Young,Occupational hygienist,Smith-Grimes,MQL,Webinar,,,2024-03-10,2025-03-25,True,9fcac838703b4542,285,False,,,False,False,False,b558bec84a8345e7,
15dd2a984873482f,kimberly.beltran@mcgeewalland.com,Kimberly,Beltran,Event organiser,"Pham, Robinson and Lee",Recycled,Referral,,Director,2024-03-10,,True,68e84a68340e4beb,73,True,Personal Email,2024-08-02,False,False,False,c262420d46a345b5,
3ef5595984834b74,john.campos@beckertaylor.com,John,Campos,Archaeologist,Kramer-Johnson,New,Content Syndication,,,2024-03-10,,True,,300,False,,,False,True,True,3a672abbc554408c,
201a9111cca74339,mark62@outlook.com,Michael,Anderson,,Buchanan LLC,MQL,Purchased List,,VP,2024-02-08,2025-02-28,True,9d9c18ea82f74155,183,False,,,False,False,False,bdd89c0f129a4920,
39cda1b3f20c4474,alyssa.mcintyre@scottgroup.com,Alyssa,Mcintyre,,"Harrell, Brock and Mcdonald",Attempted,Webinar,End User,,2022-01-15,,True,177c5cb6f0c745d3,168,True,Personal Email,2024-06-06,False,False,False,7ebbcae9d3ed43de,
fed0ca1d0d0e43bd,michelleramsey@outlook.com,Charles,Webster,Occupational psychologist,"Diaz, Gibbs and Smith",MQL,Webinar,Technical Buyer,Manager,2023-06-01,2024-12-12,True,d783db3721a949bf,30,False,,,False,False,False,1e5548d07a324f62,
3166a9d90f92413e,amanda.gibson@currybakeran.com,Amanda,Gibson,Meteorologist,Leonard Group,MQL,Referral,Non-Prospect,,2022-01-15,2025-01-04,True,f0ec1e127c6c4c97,247,False,,,False,False,False,,
e8ed4237f6584523,angel.henson@murphybishop.com,Angel,Henson,,"Turner, Ortiz and Taylor",MQL,Purchased List,CISO,,2023-06-01,2025-04-06,True,c01f3da2dd144829,181,False,,,False,False,False,,
4ce13baa70a443dd,sophia.torres@wilson-young.com,Sophia,Torres,Soil scientist,Price LLC,MQL,Content Syndication,Technical Buyer,Director,2025-01-27,2025-01-23,True,45025ab235f04e3d,42,False,,,False,False,False,3463ef6750fb4689,
b32e844377f24440,ellen.paul@barnesnewton.com,Ellen,Paul,Patent examiner,"Garcia, Burns and Russell",MQL,Event,,,2022-08-02,2025-04-11,True,cbf45e1bc099428c,91,False,,,False,False,False,,
4fd56792e1a042f0,stephanie.johnson@robinson-wal.com,Stephanie,Johnson,Fashion designer,Garcia-Jennings,Attempted,Partner,End User,,2023-06-01,,True,386dd025a3f74b44,256,False,,,True,False,False,,
e2e963fa03cc48ee,amy.levine@brown-hill.com,Amy,Levine,Community education officer,Davis-Lewis,MQL,Purchased List,Non-Prospect,Manager,2023-06-03,2025-02-20,True,57d51ef53ce04965,192,False,,,False,False,False,24bf1154090d41c1,
52a436061818419c,danielle.maddox@buchananands.com,Danielle,Maddox,Comptroller,"Harris, Gallegos and Spencer",New,Event,Non-Prospect,Manager,2022-01-15,,True,6d03907eb757434d,157,False,,,False,True,True,f4723066914942c3,
f771456863d1441f,brenda.li@murphyandson.com,Brenda,Li,"Therapist, occupational",Ramirez and Sons,MQL,Event,Champion,,2023-06-01,2025-01-15,True,6fe23dfce33f42b0,124,False,,,True,False,False,8ad0d1c6bd6144a3,
95a45cd405374f46,vanessa.fernandez@rodriguezinc.com,Vanessa,Fernandez,,Howard and Sons,MQL,Referral,Technical Buyer,C-Level,2022-01-15,2025-02-26,True,2c42e71d693c47f5,69,False,,,False,False,False,03957adc73dd40f8,
53a2cb96e6be4488,brianna.smith@williams-har.com,Brianna,Smith,Secondary school teacher,Reese Group,New,Partner,End User,Manager,2023-06-01,,True,7915ade429a64644,251,False,,,True,False,False,5e8f0b6a8c314397,
95e164a09c6c470c,shane.cox@rodriguezgor.com,Shane,Cox,Armed forces logistics/support/administrative officer,"Logan, Camacho and Boyd",New,Webinar,Technical Buyer,Manager,2024-03-10,,True,4d92f5e4f58f47dc,209,False,,,False,True,False,08db683f415a486a,
d4cae00f142e4bd3,stephen.maynard@lutzgroup.com,Stephen,Maynard,,"Rodriguez, Joseph and Wallace",New,Webinar,,Manager,2024-03-10,,True,6612978f2d0e4a9d,43,False,,,False,False,False,22870b34a8464cf1,
fdd4570b56f948c5,rachel.morris@jonesllc.com,Rachel,Morris,Textile designer,"Joseph, James and Harper",MQL,Referral,Champion,Individual Contributor,2022-01-15,2025-03-05,True,67addb1c01d340d5,228,False,,,False,False,False,1c2c7771838d4403,
737c517f68574aaf,spam_cluster@example.com,Kenneth,Wagner,Colour technologist,"Curtis, Mack and Le",MQL,Content Syndication,Technical Buyer,,2024-03-10,2025-02-02,True,fce311311ae84a4a,224,False,,,False,False,False,c9c058f29ef34563,
29c432d26f464821,jason.hayes@gutierrezgro.com,Jason,Hayes,Oceanographer,Blair-Edwards,MQL,Purchased List,Non-Prospect,,2022-01-15,2025-03-17,True,505d9b408b174dd6,207,False,,,False,False,False,edf3b7ee3da04803,
3555282ca86b4afe,larry.scott@mcdanielgrou.com,Larry,Scott,Broadcast engineer,Decker Inc,New,Purchased List,End User,Manager,2023-06-01,,True,,250,True,Personal Email,2024-12-27,False,False,False,b456f25952eb43f7,
5947b9c057614df7,ryan.garner@cain-hawkins.com,Ryan,Garner,Theatre director,"Hoffman, Santiago and Jenkins",MQL,Referral,Technical Buyer,Manager,2024-03-10,2025-03-27,True,69bcd19f585b4d83,72,False,,,False,True,False,7834506c04fd4abd,
8927dc74c6b84f25,support@parrish-griffith.com,Morgan,Pugh,Tourism officer,Bell-Lane,MQL,Purchased List,Technical Buyer,Individual Contributor,2023-06-01,2025-01-05,True,f3dacad9af944afb,99,False,,,False,False,False,3a672abbc554408c,
6e63816bc05e4099,jason.douglas@boonellc.com,Jason,Douglas,"Surveyor, commercial/residential",Wilson-Ramirez,MQL,Content Syndication,Economic Buyer,,2022-01-15,2025-03-04,True,82c8119c1aea4fe9,253,False,,,True,False,False,c178bf137e024fc3,
90558e3d7e4e46cb,jeremy.patterson@villegascard.com,Jeremy,Patterson,"Surveyor, hydrographic",Lynch Ltd,New,Partner,,,2023-06-01,,True,dab04faeec114915,44,False,,,False,True,False,b2e6251e40dc4ba5,
6868f007af54412d,maria.adams@nelsonllc.com,Maria,Adams,,Smith-Kane,Qualified,Web,Champion,Manager,2022-01-15,,True,af59e63a57d5405c,293,False,,,True,False,False,1b007d218bee4ed9,
c3b40bb6ad9747ce,ashley.morales@figueroainc.com,Ashley,Morales,"Chemist, analytical","Moreno, Bennett and Chavez",MQL,Purchased List,End User,,2022-01-15,2025-02-07,True,6bf3cc1a5260449f,295,False,,,False,False,False,aa807a1dd74748a3,
2803928d179547c9,eric.collins@frank-bradle.com,Eric,Collins,Chartered accountant,Moore PLC,New,Referral,Non-Prospect,Individual Contributor,2024-03-10,,True,8db5cea86fa34bbc,234,False,,,False,False,True,d77dc381ee934c69,
fbd87dd0c1d0411f,brandon.miller@stanley-tuck.com,Brandon,Miller,,Nelson-Fischer,New,Purchased List,End User,,2022-01-15,,True,01dfb7fb3faf4417,235,False,,,False,True,False,0000024fcc2d43e2,
a490e343593e4499,erika97@rediffmail.com,Daniel,Jordan,Secretary/administrator,"Parker, Walker and Joyce",MQL,Web,,,2023-06-01,2024-11-11,True,8dd78c60d3e742ad,119,False,,,True,False,False,16c030bda2c84e26,
94d1abe6f9584401,brian.harris@saundersllc.com,Brian,Harris,Horticultural consultant,Wilson-Jimenez,Disqualified,Partner,CISO,Manager,2022-01-15,,True,6eaa48d0643e4fef,188,False,,,True,False,False,08db683f415a486a,
5645c4a471e04cf7,ryan.anderson@padillamason.com,Ryan,Anderson,,Sanders Ltd,New,Purchased List,,,2024-03-10,,True,,51,False,,,False,False,True,3dcfbd7cdace4ae3,
06a314de65cf414e,bobby.smith@atkinsplc.com,Bobby,Smith,"Pilot, airline","Sullivan, Bowman and Roberts",New,Purchased List,,VP,2024-03-10,,True,8fe2865a9bac484d,151,False,,,False,False,False,716010f0b4954f11,
2a3c3f0afc204362,richard.burch@solisplc.com,Richard,Burch,,"Gillespie, Davis and Richard",MQL,Web,CISO,C-Level,2024-03-10,2024-11-07,True,,300,False,,,False,False,True,b7c3527766154bb3,
c153b89ef5084d35,john.chapman@millerharrel.com,John,Chapman,Environmental consultant,Maxwell-Jones,Qualified,Webinar,,Individual Contributor,2024-03-10,,True,,167,True,Competitor,2024-07-14,False,False,False,bf1e4608d7904f64,
a49b1c6bbec74526,rebeccabailey@gmail.com,Cynthia,Schmidt,Data scientist,Garcia LLC,New,Referral,Non-Prospect,Individual Contributor,2023-06-01,,True,85071f3ca8f54b50,70,False,,,False,False,False,b501fdae70284fac,
07cf4897c3fd4362,james.morrison@jonesbeanand.com,James,Morrison,"Psychologist, forensic","Wolf, Cole and Glass",MQL,Purchased List,,VP,2025-01-31,2025-01-11,True,d49fb95f68d14550,39,False,,,True,False,False,8d611d9d99c746e0,
404bfe1ae5be43ae,anne.reid@morrismaddox.com,Anne,Reid,Printmaker,Harrison Ltd,MQL,Purchased List,,Individual Contributor,2024-03-10,2025-04-27,True,bddd0d491d294999,18,False,,,False,False,False,10292fb10553429b,
f8a9d908842a49e8,brittany.vincent@marshallplc.com,Kevin,Hill,Insurance claims handler,Hayes-Brown,MQL,Referral,Technical Buyer,Director,2024-03-10,2024-12-19,True,9545b79a24c94fad,144,False,,,False,True,False,0ae9b66c84764902,
17a334bdbace4f1d,marie.jones@gilbertplc.com,Marie,Jones,,Carpenter-Best,Recycled,Web,,Individual Contributor,2023-06-01,,True,77674dafdfcc4002,277,False,,,True,False,True,4b4bf00e82b14eea,
313c564fc6cf4edd,spam_cluster@example.com,Joanne,Williams,Biomedical engineer,Garcia-Nolan,New,Event,Economic Buyer,,2022-01-15,,True,,190,False,,,False,False,False,,
032df868f9be45b6,matthew.klein@lucaswilliam.com,Matthew,Klein,,"Mills, Moore and Watson",Attempted,Purchased List,Economic Buyer,C-Level,2023-06-01,,True,ca0faff7f2d14e31,299,False,,,False,True,False,a49011ff86b645a4,
2f70d38165124e52,erika05@gmail.com,Justin,Ortiz,,Davis-Gregory,Recycled,Web,Economic Buyer,Manager,2024-03-10,,True,906225505b1a493a,262,True,No Longer With Company,2025-01-16,True,False,False,fbd6e881517a44c4,
950d9206521b4af9,justin.cummings@brandtmorris.com,Justin,Cummings,Ceramics designer,"Alvarado, Rangel and Collins",MQL,Web,End User,,2022-01-15,2025-03-05,True,,43,False,,,False,False,False,0a91cbe4c7254c84,
ee72ba5d69a3408c,diana.bates@larsoninc.com,Diana,Bates,,"Bennett, Conner and Li",MQL,Content Syndication,Non-Prospect,C-Level,2023-06-01,2025-01-02,True,,254,False,,,False,False,False,24bf1154090d41c1,
08e3948aca5c48ed,elizabeth.calderon@osborngaines.com,Elizabeth,Calderon,,"Cox, Cox and White",Recycled,Partner,,,2023-06-01,,True,db1423b3a2e14acd,269,True,No Longer With Company,2024-09-17,True,False,False,475ce8a925de4fb3,
6569169a9dc34b78,jason.meza@lee-cooke.com,Jason,Meza,"Designer, fashion/clothing",Phillips Inc,New,Webinar,Economic Buyer,Director,2022-01-15,,True,,183,False,,,False,False,False,ea4ab61c9d99480e,
52f3d951742246fb,support@stephenson.org,William,Fernandez,"Conservator, museum/gallery","Bennett, Martin and Guerra",MQL,Referral,Champion,Individual Contributor,2023-01-27,2025-03-17,True,,14,False,,,False,False,False,b8c780bd69464ed4,
d951cfef84284585,kellie.lamb@griffithinc.com,Kellie,Lamb,Paediatric nurse,Rhodes-Young,MQL,Partner,End User,Individual Contributor,2022-01-15,2024-11-27,True,06aff614f40449b0,103,False,,,False,True,False,1114eee3178d4263,
68a1e62e76ca47fe,pyoung@hotmail.com,Sean,Mitchell,Insurance broker,Mckee-Lee,New,Referral,,Manager,2023-02-26,,True,f2cc395cddb94446,223,False,,,False,False,False,a89c906141864d2f,
26d0c5574daa45b8,erika.hudson@murray-campb.com,Erika,Hudson,,"Rose, Burch and Montoya",MQL,Partner,End User,Director,2024-03-10,2025-04-30,True,d66ddcc948a34b85,290,False,,,False,False,False,0cb0103ae53c4325,
5568bcfbf06541ad,brett75@yahoo.com,Laurie,Taylor,,Dawson PLC,New,Partner,Technical Buyer,,2023-06-01,,True,ec2d8cb3246f4e01,5,False,,,False,False,False,22870b34a8464cf1,
d660cf4b83dd42fd,joshuawhitehead@yahoo.com,Melissa,Mitchell,,Davis-Lozano,New,Web,Non-Prospect,C-Level,2022-06-27,,True,e5cb45cd78f149c7,115,False,,,False,False,False,15f83994f0344e83,
16bba9f43ad44a2f,perryrandy@gmail.com,Lisa,Wilkerson,,Hughes Inc,Attempted,Webinar,,VP,2024-03-10,,True,2f4cb25e311248e0,169,False,,,False,False,True,51fda49d72334d69,
df867c3f31bc42d7,nicholas.johnson@combsltd.com,Nicholas,Johnson,,Taylor LLC,MQL,Web,,VP,2022-01-15,2025-04-08,True,6813164b02d344e9,13,False,,,False,False,False,b456f25952eb43f7,
647e9570451c4c85,samantha.kennedy@blakegroup.com,Samantha,Kennedy,"Production assistant, radio","Smith, Miller and Scott",MQL,Partner,Technical Buyer,Manager,2023-06-01,2025-01-23,True,1b72760f6b254a89,115,False,,,False,False,False,,
453935be919b4838,allen.rivera@whitneyplc.com,Mary,Dunn,Field seismologist,Martinez-Allen,Attempted,Referral,CISO,Individual Contributor,2023-06-01,,True,202953f9a3f34d26,40,False,,,False,False,False,,
674bd4b42c374576,danielle.dean@rodriguezgro.com,Danielle,Dean,"Therapist, speech and language","Smith, Robertson and Allen",Disqualified,Partner,Champion,VP,2024-01-24,,True,,75,False,,,False,False,False,0a91cbe4c7254c84,
f4c77e9d808e49ca,david.green@hineswhitean.com,Douglas,Patterson,Chartered certified accountant,"Villegas, Jones and Fox",Attempted,Web,Non-Prospect,Manager,2023-06-01,,True,397d8d9c377742c8,298,False,,,False,False,False,32feb33af3a14087,
b8cfd8624be0482c,william.mcneil@smithmarksan.com,William,Mcneil,Naval architect,King-Smith,MQL,Content Syndication,End User,,2023-06-01,2025-01-17,True,,169,False,,,False,False,True,29db89c3dc064f21,
89d92d66377e4b5b,kristina.cooper@sandovalgarc.com,Kristina,Cooper,,Williams PLC,MQL,Purchased List,CISO,,2022-01-15,2025-01-07,True,9d385f55034f4ae0,45,False,,,False,False,False,c6ac99ebfd304307,
6554e32571ab4fe4,matthew.day@marshalldomi.com,Matthew,Day,,Baldwin Group,MQL,Content Syndication,End User,Individual Contributor,2024-03-10,2024-12-17,True,3fcf9a63b7c44346,29,False,,,True,False,False,,
f43bb222be224bed,rhood@yahoo.com,Benjamin,Harris,Insurance claims handler,"Sanders, Ochoa and Kennedy",New,Web,Technical Buyer,Manager,2023-06-01,,True,,132,False,,,False,False,False,,
53e221ef56214e7c,benjamin.lucas@kelly-norman.com,Benjamin,Lucas,,Martinez-Richardson,MQL,Content Syndication,Champion,Individual Contributor,2023-06-01,2024-11-07,True,,4,False,,,False,False,False,876f1bb8e2924b75,
1c027c4575d64035,pamela.paul@morgan-lopez.com,Pamela,Paul,Research scientist (medical),Glass-Stone,New,Web,,Individual Contributor,2023-06-01,,True,3dc436f6a54e4bf8,191,False,,,True,False,False,0c1fb6bf3ec346ea,
57bf1b75be9d4448,laurie.acosta@jordanandson.com,Laurie,Acosta,Sports administrator,Morris-Miller,MQL,Web,,,2023-07-30,2024-12-19,True,ea04a1a8b3684cb1,206,False,,,False,False,False,,
62684f587b09408d,donna.parker@robbinsjacks.com,Donna,Parker,Product manager,Acosta LLC,MQL,Referral,,Manager,2024-03-10,2025-03-05,True,8b58f0d72d7c49ea,183,False,,,False,False,False,8ad0d1c6bd6144a3,
74ff60fa30474257,jonesdana@yahoo.com,Christina,Graham,,"Owen, Shelton and Cisneros",New,Web,,Director,2023-05-15,,True,2bcfa8395a3c47f0,190,False,,,False,False,False,ec63ce56423e406c,
f4c775df362e4307,douglas.lawson@johnson-jone.com,Douglas,Lawson,Medical technical officer,Reyes-Bradley,Disqualified,Event,Champion,C-Level,2023-02-10,,True,720381626be84739,291,False,,,True,False,False,,
a78ef83bb19f4a35,cassie.shelton@watson-hines.com,Cassie,Shelton,"Teacher, secondary school",Moreno Group,New,Event,Economic Buyer,VP,2022-01-15,,True,41a6e9d9dd674b7d,206,False,,,True,False,False,aa0509047e9c4d04,
641dc65f62b84c52,leonard.ramirez@johnsonandso.com,Leonard,Ramirez,Restaurant manager,"Hughes, Hoffman and Green",MQL,Purchased List,End User,Individual Contributor,2024-03-10,2025-02-01,True,c9e35bd7e324412b,33,False,,,True,False,False,fbd6e881517a44c4,
b7a1f6157c2143b2,spam_cluster@example.com,Jorge,Griffin,,Farrell Group,New,Content Syndication,,Individual Contributor,2023-03-28,,True,,67,False,,,False,True,False,88190e43a2dc4ccf,
50fb51f778b244d2,gerald.reeves@cochranllc.com,Gerald,Reeves,"Loss adjuster, chartered","Brown, Daniels and Vance",MQL,Webinar,,Individual Contributor,2022-01-15,2025-04-25,True,,129,False,,,True,False,False,51fc143e50854e87,
3470a16fd81b4222,melissa.joseph@littleleonan.com,Melissa,Joseph,Community development worker,Conner and Sons,New,Web,Technical Buyer,,2022-01-15,,True,,267,True,Competitor,2024-07-21,False,False,False,c5eb1fcaebfe4886,
da7f0d0ac9064b98,kristy.johnson@armstrongmcd.com,Kristy,Johnson,"Conservation officer, nature","Henson, Jones and Sanders",New,Partner,End User,,2022-01-15,,True,,118,True,Personal Email,2025-02-22,False,True,False,ec63ce56423e406c,
9c41bb35da444df4,khammond@gmail.com,Jennifer,Mendoza,"Buyer, retail",Compton Ltd,MQL,Content Syndication,,,2024-12-29,2025-03-26,True,7e3e6b76a6544b21,137,False,,,True,False,False,16c030bda2c84e26,
f5feba78fb7e48ea,david89@outlook.com,Charles,Owens,"Education officer, environmental",Reynolds Inc,MQL,Referral,Economic Buyer,Director,2022-01-15,2025-04-15,True,2283422f4dad4378,247,False,,,False,True,False,d8466f11f04b43e0,
6756c38ef637422c,sales@martin-morris.com,Marie,Holmes,Logistics and distribution manager,"Jacobson, Singleton and King",Qualified,Content Syndication,,Individual Contributor,2023-06-01,,True,a7b9bfaefdba48c8,295,True,No Longer With Company,2025-03-26,False,False,False,be8d4927317045e1,
d4aee9ed4d344174,cynthia.pierce@weberplc.com,Cynthia,Pierce,"Social research officer, government",Shaw and Sons,MQL,Web,Champion,Manager,2024-03-10,2024-12-09,True,e45ff9f4f9fa4163,258,False,,,False,True,False,f1c3b280ce5249d8,
89bd48e6dc924012,brittany.carpenter@hopkinsltd.com,Brittany,Carpenter,Trade union research officer,Kirby-Elliott,Attempted,Referral,,Director,2022-01-15,,True,6cffc2f5c17547f0,254,False,,,False,False,False,,
6761c08891d74e03,frykelli@libero.it,Marcia,Johnson,Geochemist,"Clark, Armstrong and Montgomery",Qualified,Web,End User,Individual Contributor,2024-03-10,,True,617e9f72ed074768,186,True,Duplicate,2024-08-12,False,False,False,,
f8549acfd19142e7,anthony.small@robertsfryea.com,Anthony,Small,,Chavez-Barker,MQL,Web,End User,Director,2022-01-15,2025-01-16,True,,201,False,,,False,False,False,51fda49d72334d69,
bc3973e8f6b0427f,mharris@gmx.de,Eric,Perry,Cytogeneticist,Hensley-Flores,New,Partner,CISO,,2024-03-10,,True,,260,False,,,False,False,False,0fce65eaa1234650,
24ecc831d6b142d0,vanessa.reed@anderson-woo.com,Vanessa,Reed,,Flores Group,MQL,Content Syndication,Economic Buyer,Individual Contributor,2023-11-10,2025-02-02,True,b5c5be6cd5244f0b,262,False,,,False,False,False,8a4c192396b94fd1,
f31521a7df814a71,donna.hill@rodriguezand.com,David,Cole,Music tutor,"Barnes, Estes and Barrera",Attempted,Webinar,End User,Director,2024-03-10,,True,e32a774e270342eb,59,False,,,False,False,False,3a672abbc554408c,
29eb252a4fe3461c,lisa.peck@edwardshines.com,Lisa,Peck,"Scientist, biomedical",Jimenez-Parker,MQL,Webinar,Champion,Manager,2022-01-15,2025-04-17,True,34aab8d4b79a4732,146,False,,,False,False,False,cd5d7d18041a4161,
be4c13ce15f040ec,andrew.landry@bryantallena.com,Andrew,Landry,Art therapist,Campbell PLC,Disqualified,Webinar,Technical Buyer,Director,2024-03-10,,True,5c9ea74df17f43e3,24,False,,,False,False,False,a90c8d2ed11948be,
a8eaa1ce309d468f,amitchell@outlook.com,Nicole,Pena,Clinical cytogeneticist,Anderson-Baker,New,Referral,,Director,2023-03-10,,True,e15c944e55204445,90,False,,,False,False,False,1e5548d07a324f62,
a0c0dcca17104ae0,michael.powell@moralesplc.com,Michael,Powell,"Surveyor, planning and development",Cox LLC,MQL,Web,Non-Prospect,,2023-06-01,2025-03-22,True,,154,False,,,False,False,False,c008c318a3534a2e,
cdce5b914b2d4301,charles.gordon@ramirezhaysa.com,Charles,Gordon,Commissioning editor,Hester Group,MQL,Webinar,,,2024-03-10,2025-03-05,True,b39235e608614a10,271,False,,,False,False,False,3a672abbc554408c,
9797aaacf1d846d5,kari39@outlook.com,Nathaniel,Hatfield,Sales executive,Porter-Williams,MQL,Web,Non-Prospect,Individual Contributor,2023-06-14,2025-04-01,True,82b626f28ea94291,191,False,,,False,False,False,8d611d9d99c746e0,
e828917deacc4770,support@stone-hernandez.net,Derrick,Cook,Counselling psychologist,Velazquez-Flores,MQL,Webinar,,,2024-03-10,2024-11-20,True,661ea6af49c440de,275,False,,,False,False,False,ec1e8d75d4be4215,
e05e14a4bfec4148,phillip.jensen@wheeler-rome.com,Phillip,Jensen,,"Burns, Hart and Wells",Attempted,Webinar,CISO,C-Level,2022-01-15,,True,85c64538eb864746,221,False,,,False,False,False,a90c8d2ed11948be,
2989ceaedfbd4e39,allen.rivera@whitneyplc.com,Allen,Rivera,Insurance account manager,"Wiggins, Soto and Carlson",MQL,Webinar,CISO,C-Level,2023-06-01,2025-04-08,True,177b9837c61e4cf8,15,False,,,False,False,False,ed46b7e1981c4815,
9362741bdc2e4422,joseph.rios@lanegriffith.com,Joseph,Rios,"Doctor, hospital","Fuller, Harvey and Randall",Disqualified,Webinar,End User,,2023-02-27,,True,,201,False,,,True,True,False,442af661ffb94595,
4c70085c2245465e,dylan.becker@armstrongltd.com,Dylan,Becker,Clinical molecular geneticist,Smith LLC,MQL,Webinar,Economic Buyer,,2024-02-29,2024-11-10,True,96cafc52bbe64262,281,False,,,False,False,False,,
f09ee5d0b1104701,robert.gutierrez@jenkinsplc.com,Robert,Gutierrez,Public affairs consultant,"Luna, Thornton and Stone",New,Content Syndication,Non-Prospect,VP,2022-01-15,,True,,156,False,,,False,False,False,51fc143e50854e87,
2f85a33772544d00,ann.bolton@fox-edwards.com,Ann,Bolton,,Barr-Peterson,New,Partner,,Individual Contributor,2023-06-01,,True,f5b041e1affa4303,55,False,,,False,False,False,,
1273e660688c468e,michael.ingram@beckerlaraan.com,Michael,Ingram,Radio broadcast assistant,Bernard LLC,MQL,Partner,,,2024-03-10,2024-12-03,True,367d941ba82f46c4,133,False,,,False,False,True,8c1fc9cab9544c54,
6feb6b0a48c84dc5,spam_cluster@example.com,Angela,Walker,Records manager,Castillo-Castro,MQL,Event,Economic Buyer,Manager,2022-01-15,2025-04-28,True,06fae0464df741e4,84,False,,,False,False,False,08db683f415a486a,
b6f9a56888984144,david86@gmail.com,Sarah,Griffith,Nutritional therapist,Blevins-Ballard,MQL,Web,Champion,VP,2023-06-01,2025-01-26,True,29a1c542d074468f,198,False,,,False,False,False,c3c2b20eeb6044b4,
1c631b7ba8304583,reedscott@hotmail.com,Kelly,Roberts,Furniture conservator/restorer,"Mendoza, Harris and Ryan",MQL,Content Syndication,Technical Buyer,Manager,2024-03-10,2025-01-24,True,044d95ea3c554d97,192,False,,,False,False,False,be8d4927317045e1,
b813af00d9a14ae3,danielyang@gmx.de,Sarah,Horton,Film/video editor,Williams PLC,Attempted,Referral,Technical Buyer,,2022-01-15,,True,a3e3f3f6beeb4c97,169,True,No Longer With Company,2024-05-28,False,True,False,a38c0a4809fd493d,
e3e474f35af54b0b,jeremiah.hall@gutierrezltd.com,Jeremiah,Hall,Public house manager,Maldonado and Sons,MQL,Partner,,C-Level,2022-01-15,2025-03-19,True,8c956199256344e4,288,False,,,False,False,False,2c8f14581a284acd,
cd8543f86cf846b7,adam.pierce@russellgroup.com,Adam,Pierce,,"Gonzalez, Maynard and Morris",New,Referral,CISO,Individual Contributor,2024-06-13,,True,36271f013cf5432b,35,True,Personal Email,2024-11-17,True,False,False,,
cddb1e175c674a16,info@jimenez.com,Debbie,Velez,Social researcher,"Sharp, Zuniga and Gentry",Qualified,Purchased List,Champion,,2022-01-15,,True,,220,False,,,True,False,False,4fee80985b6b4992,
6e8a90db664c4324,sarahjohnson@gmail.com,Gregory,Khan,Occupational psychologist,Lopez-Curry,New,Event,End User,Manager,2023-06-01,,True,95a993a6c6c04f9f,3,True,Personal Email,2024-06-27,False,False,False,b2e6251e40dc4ba5,
f56d8f8da7864e89,monica.roberts@smithplc.com,Monica,Roberts,Toxicologist,Hebert LLC,Attempted,Content Syndication,,VP,2022-11-16,,True,eb3f336e01684524,285,False,,,False,False,False,4fee80985b6b4992,
e34d828ea29649f5,sarahjohnson@gmail.com,Justin,Hays,,Nelson-Lamb,MQL,Web,,VP,2024-03-10,2024-12-21,True,388d7b57191c4a73,26,False,,,False,False,False,,
dc54ed2b88e747dc,mark.simon@scottlopezan.com,Mark,Simon,Hotel manager,"Craig, Lee and Carr",Disqualified,Partner,Economic Buyer,,2024-03-10,,True,4b236e29507a408c,89,False,,,False,False,True,,
cc0ed4e8b8614068,danielle.sullivan@robertson-mi.com,Danielle,Sullivan,,Holden Group,New,Content Syndication,Technical Buyer,Manager,2023-06-01,,True,1e43e12c500c4bc1,265,True,No Longer With Company,2024-09-09,False,False,False,,
911920f3bd964120,marcus.wright@reyes-griffi.com,Marcus,Wright,,Turner-Sharp,Recycled,Referral,Champion,Director,2022-09-13,,True,07c8e1eeec3243b0,150,False,,,False,True,True,aabec9493a024b76,
34d4bc1538cb4f24,andrew.ball@nicholsonval.com,Alexander,Valdez,Information systems manager,Sullivan PLC,Attempted,Content Syndication,Champion,Individual Contributor,2022-09-05,,True,1ab3cc933ccb4b47,112,False,,,False,False,False,ff10de058f5e4ed5,
f326d3e339e14f62,sandra.barron@vaughn-fowle.com,Sandra,Barron,Hotel manager,Mendez-Robinson,New,Content Syndication,CISO,,2024-10-28,,True,,97,False,,,False,False,False,844ccdc969e1457f,
029155da91ef4155,dennis.hernandez@zhangbrooksa.com,Dennis,Hernandez,Public affairs consultant,"Pham, Petersen and Gill",Attempted,Partner,,,2022-06-28,,True,9c4e7fdaab774986,252,False,,,True,False,False,8807040d699e4b2d,
8dc80fafc46f4234,foxallison@outlook.com,Erin,Larson,,Stark Inc,New,Referral,,,2025-01-25,,True,424dfe86f1874645,235,False,,,True,False,False,,
2038d7511a8941d0,bryan.kelley@harrisherrer.com,Bryan,Kelley,,Wilson-Harris,Recycled,Webinar,Non-Prospect,Director,2023-06-01,,True,3c2ce660d6be4ed2,205,True,Bad Data,2024-12-15,False,False,False,7d8d7fc6ccc4471b,
6d356c6f0f484f1b,brandy.davis@griffinbrown.com,Brandy,Davis,Pathologist,Elliott-Hansen,Attempted,Referral,,Director,2024-03-10,,True,,273,False,,,True,False,False,a89c906141864d2f,
dc615158397c42d3,emily.parker@fosterinc.com,Emily,Parker,Engineering geologist,"Jones, Henderson and Graves",Recycled,Event,Non-Prospect,,2024-03-10,,True,b0127a7ead244aa9,10,False,,,False,False,False,af7b2cc79182453f,
28c266a022484428,amber.brown@andersengrou.com,Amber,Brown,Ambulance person,Ortiz-Mack,Disqualified,Web,Champion,,2024-03-10,,True,467f8997115d4460,172,False,,,False,False,False,afc81c8dac114849,
8ef100b6107848f6,katie.good@stuartbrooks.com,Katie,Good,"Production assistant, radio",Bennett-Vega,MQL,Event,Non-Prospect,,2024-03-10,2025-01-07,True,6f78f9cb90bc43a5,230,False,,,False,False,False,edf3b7ee3da04803,
996e623746cd45a1,dorothy.ryan@daltonwilson.com,Dorothy,Ryan,,"Anderson, Irwin and Davenport",New,Content Syndication,Champion,,2022-01-15,,True,,79,False,,,False,True,False,a90c8d2ed11948be,
6df52acce4324de6,katelyn.good@nunez-stephe.com,Katelyn,Good,,Morrow-Wright,Disqualified,Referral,Technical Buyer,,2022-07-31,,True,8a7499bbe2034017,276,False,,,False,False,False,0c1fb6bf3ec346ea,
449e7a99e6af4661,michael.hill@cannonjohnso.com,Michael,Hill,Volunteer coordinator,Allen Inc,Disqualified,Partner,Champion,Individual Contributor,2023-06-01,,True,,251,True,Personal Email,2025-01-22,False,False,True,aa0509047e9c4d04,
cc1ff3cfe9af452a,craig.johnson@powersbrenna.com,Craig,Johnson,,Gonzales-Fernandez,New,Event,,Director,2022-01-15,,True,99a43c233e0043f3,139,False,,,False,False,False,0e4988a55dc842c0,
90702c327a7e4ce0,karen.parsons@gordonllc.com,Karen,Parsons,Facilities manager,"Johnston, Ray and Barton",MQL,Web,,Individual Contributor,2022-01-15,2025-04-18,True,3bc15b9559a846a4,64,False,,,True,False,False,,
e43e968378894772,admin@odom.com,Loretta,Young,Patent attorney,Hill-Hawkins,MQL,Partner,,Director,2022-01-15,2025-03-24,True,,98,False,,,False,True,False,fc2523a6d56548e9,
b3e99c9c74914a47,brittany.moss@garrettgroup.com,Brittany,Moss,"Surveyor, commercial/residential",Williams-Cooper,New,Webinar,Non-Prospect,Individual Contributor,2023-11-12,,True,,242,False,,,False,False,False,0ae9b66c84764902,
218026f26eca4c34,dawn.james@floresbutler.com,Dawn,James,Mudlogger,Webster Group,Disqualified,Web,Non-Prospect,Individual Contributor,2022-01-15,,True,1b39ef19e7d24f87,85,False,,,True,False,False,,
f04b7ba67cc14f6c,lindamelendez@yahoo.com,John,Perez,"Surveyor, planning and development",Faulkner-Grant,New,Referral,Champion,,2022-01-15,,True,5d941fe5f5734c12,274,False,,,False,True,False,d379b3da684d4431,
528de1e636c4425f,jose.mercado@lunainc.com,Dennis,Sanchez,"Production assistant, television",Davis-Hardy,New,Partner,End User,,2022-01-15,,True,b31900a4a96449cf,95,False,,,False,False,False,5aa70c47cf8a4798,
b4ef0eb53d4b46ee,russojacob@hotmail.com,James,Adams,Theatre manager,"Powers, Robinson and Clark",MQL,Partner,,Manager,2024-03-10,2025-03-14,True,4fe15e5afefc4a24,164,False,,,False,False,False,3ea7d8229ce34bc1,
4bd3da8e9a7f4f4d,rebecca.turner@lewisandsons.com,Rebecca,Turner,,"Key, Mendoza and Sanchez",Disqualified,Webinar,Champion,Manager,2022-01-15,,True,,248,False,,,True,False,False,1f0c337008524b22,
a30c4036531f43fd,cassandra.harris@arnoldllc.com,Cassandra,Harris,Museum/gallery conservator,Ferguson-Howard,New,Web,Champion,,2022-01-15,,True,888c4fee4c444b98,188,True,Competitor,2024-09-29,False,False,False,c262420d46a345b5,
be148230ba8c4edb,jose.hunt@owens-lang.com,Jose,Hunt,"Psychotherapist, child",Rocha-Wood,MQL,Content Syndication,,Director,2023-06-01,2024-11-13,True,bf9bdb60be5944ec,212,False,,,False,False,False,31cd82025a844220,
fb0a4a7b9f1f4d9c,robert.hart@figueroainc.com,Robert,Hart,Games developer,"Donovan, Riley and Butler",Disqualified,Referral,End User,VP,2024-03-10,,True,75932d57d53d4a7e,190,False,,,False,False,False,bf1e4608d7904f64,
251fcd6ccd294bdd,elijah.rivera@hudson-sanch.com,Elijah,Rivera,Statistician,"Harding, Morgan and Hines",New,Partner,,Manager,2023-06-01,,True,a29a3d6c6f4b4320,153,False,,,False,False,False,c6ac99ebfd304307,
d607ec58c59a493d,tracy.cummings@henryjackson.com,Tracy,Cummings,"Doctor, general practice",Cortez Group,MQL,Webinar,End User,Manager,2023-06-01,2025-02-22,True,64fa0c3bde3a4533,47,False,,,False,False,False,7ebbcae9d3ed43de,
41b0170d6e584274,jack.preston@bernardwarre.com,Jack,Preston,,"Williams, Smith and Taylor",Disqualified,Partner,Non-Prospect,Director,2024-09-18,,True,e958fdb53d734cab,171,False,,,False,True,True,3463ef6750fb4689,
fa53543c513044e8,crystal.jones@smithplc.com,Crystal,Jones,"Programmer, applications",Brown-Little,MQL,Referral,End User,Individual Contributor,2024-03-10,2024-12-07,True,,201,False,,,False,False,True,99e324fd84e444ea,
a25caca11f2c42e1,sarah.durham@freemansmith.com,Sarah,Durham,"Administrator, charities/voluntary organisations",Moreno LLC,Qualified,Event,Non-Prospect,Manager,2023-06-01,,True,f80f40ebf6124756,69,False,,,False,False,False,4883fd135cf34e68,
ad168d18576a410e,amanda.mitchell@licraiganddr.com,Amanda,Mitchell,Editorial assistant,Hull PLC,MQL,Referral,End User,,2024-03-10,2025-01-15,True,6b7627ea458643cf,12,False,,,False,False,False,8ad0d1c6bd6144a3,
cdff25b367bf49fa,eduardo.lee@kinggomezand.com,Eduardo,Lee,,Chung-Stevens,New,Referral,End User,Manager,2022-01-15,,True,,56,True,Personal Email,2025-01-16,False,False,True,,
9d727367e2384267,info@sutton-abbott.com,John,Terry,Chief Financial Officer,Gray-Tran,MQL,Webinar,Champion,Manager,2024-03-10,2025-03-18,True,,238,False,,,False,False,False,,
fe58b665b2d84ac2,christopherbruce@mail.ru,Brian,Smith,Learning disability nurse,"Madden, Dickson and Jacobson",New,Event,End User,,2023-06-01,,True,,256,False,,,False,False,False,3a672abbc554408c,
8ed62e96c62a4aaf,contact@washington.com,Samantha,Hall,Cabin crew,"Frost, Lam and Elliott",New,Purchased List,Technical Buyer,,2023-06-01,,True,030f2d1a122241e3,15,False,,,True,False,False,59d9bcc03ed14e5f,
c5a21d55b53943a9,antonio.mcfarland@smith-clark.com,Antonio,Mcfarland,Cytogeneticist,"Nicholson, Hickman and Evans",MQL,Partner,,Individual Contributor,2022-01-15,2025-02-10,True,1cbdedbc1bbc445b,70,False,,,False,False,False,96e17aeb25534ae4,
bde27e7a45bf4d43,irhodes@hotmail.com,Anne,Knight,Learning disability nurse,Campos-Taylor,MQL,Purchased List,Champion,Individual Contributor,2024-03-10,2024-12-09,True,60eaa3060d664503,74,False,,,False,False,False,a9b0444e47a346b9,
9bd382b35513489c,brian63@yahoo.com,Vanessa,Ramsey,Call centre manager,Jacobs-Austin,MQL,Partner,Technical Buyer,Individual Contributor,2022-01-15,2024-11-25,True,3be79a2f15de429f,118,False,,,False,False,False,,
fa326c81ee61426c,anthony47@outlook.com,Caitlin,Novak,Recycling officer,Kelly Group,MQL,Purchased List,Champion,Individual Contributor,2022-01-15,2025-01-16,True,1cf463708c8d4db8,103,False,,,True,False,False,75848e4543da43c0,
0cfef187b7714f4a,ryan.frazier@jamesbartona.com,Ryan,Frazier,Fine artist,"Jones, Adams and James",Disqualified,Event,,,2024-03-10,,True,d1894bea30d542f7,19,False,,,False,False,False,c9c058f29ef34563,
5209d5cfff274380,kristen.moore@stewart-rodr.com,Kristen,Moore,"Accountant, chartered public finance",Wallace-Juarez,MQL,Webinar,Economic Buyer,Manager,2023-06-01,2025-02-12,True,1c9481ec9d414941,27,False,,,False,False,False,e0b54a72a3144e3d,
61196e5505bc43e2,curtis.miller@cole-peters.com,Curtis,Miller,,Johnson LLC,Disqualified,Webinar,,Individual Contributor,2023-06-01,,True,,128,False,,,False,False,False,2264035d9d624a0a,
5f71c78f23214398,haynescharles@yahoo.com,Angela,Carlson,,Maxwell-Hardy,Disqualified,Purchased List,CISO,,2024-03-10,,True,89242453bd3d4027,76,False,,,False,False,False,cd5d7d18041a4161,
be55253ca03a43bf,ashleyjackson@outlook.com,Anita,Haney,Museum/gallery conservator,Taylor LLC,Qualified,Event,End User,,2023-06-01,,True,37c7152e71a04213,243,False,,,True,False,False,,
2fbd8c097d1a4dbd,joseph.thomas@hamiltongrou.com,Joseph,Thomas,,Patton-Ward,MQL,Content Syndication,Technical Buyer,,2023-06-01,2025-04-22,True,dbd43be90efa422d,25,False,,,False,False,False,0fce65eaa1234650,
ed1d7960218148a8,sheryl.le@wheeler-gonz.com,Sheryl,Le,,Torres Group,Disqualified,Content Syndication,Champion,,2022-01-15,,True,1213be0f8b2a45f7,33,False,,,False,False,False,,
69fe4e7f3c0b4e4e,scott69@gmail.com,Martin,Oliver,Copy,Flores-Valentine,Attempted,Webinar,Champion,,2024-03-10,,True,88d0c50af6c64aa9,181,False,,,False,False,False,55eea98f2b024175,
b974d3e12e2d4284,james.edwards@novak-carter.com,James,Edwards,Recycling officer,"Casey, Nguyen and Ramirez",Qualified,Webinar,End User,,2023-06-01,,True,a271fb03058b4035,179,False,,,False,False,True,b456f25952eb43f7,
c575dd5629cd41b6,kristi.diaz@gonzalezosbo.com,Kristi,Diaz,Statistician,Benton Group,New,Purchased List,,,2023-06-01,,True,094db835ab6a4c5f,242,True,Duplicate,2024-12-23,False,False,False,,
b31e91e592d54078,marie16@hotmail.com,Sherry,Clark,Restaurant manager,Schultz and Sons,New,Purchased List,,Individual Contributor,2024-03-10,,True,,33,False,,,False,False,False,59d9bcc03ed14e5f,
5a24b37bcd1140cf,emccormick@rediffmail.com,Johnny,Moore,,"Mendoza, Morales and Hunter",MQL,Content Syndication,End User,Manager,2023-06-01,2025-01-15,True,,154,False,,,False,False,False,2214cc99c6874f4a,
a5c4dad7905549a3,samantha.holt@johnsonschmi.com,Samantha,Holt,Software engineer,"Little, Miller and Mack",New,Purchased List,End User,,2022-01-15,,True,3553797d8a2e48e1,264,False,,,False,False,False,cf56917738834ec9,
983e4e07e8a948ac,diane.kelly@salazarharta.com,Diane,Kelly,,Sheppard-Jordan,MQL,Referral,,Individual Contributor,2023-06-01,2024-11-13,True,8ae183e3c5db4b7a,107,False,,,True,False,False,3076d2004b604815,
d320744841334859,alex.green@burgessgrant.com,Alex,Green,Environmental consultant,Brooks-Ford,MQL,Referral,,,2024-03-10,2025-01-31,False,,145,False,,,False,False,False,,
feae6d6b946548fb,erin.vaughn@cooperinc.com,Erin,Vaughn,Radiation protection practitioner,Phillips Inc,MQL,Event,,C-Level,2022-01-15,2024-11-29,False,,228,False,,,False,False,False,0ae9b66c84764902,
9471973c559e4471,darren.shepard@baileyllc.com,Darren,Shepard,"Programmer, applications",Boyd LLC,MQL,Referral,Champion,Individual Contributor,2024-03-10,2025-02-10,False,,118,False,,,False,False,False,e0b54a72a3144e3d,
f513f4c1de4b454b,tflores@yandex.com,Thomas,Kim,,"Wilson, Sweeney and Wong",Disqualified,Web,,,2022-01-15,,False,,294,False,,,False,False,False,24827055fadd4275,
bd27ce61d19847a6,erica.martin@sanchezthomp.com,Erica,Martin,"Surveyor, minerals",Mullen-Hall,New,Webinar,Champion,Manager,2024-03-10,,False,,222,False,,,False,False,False,1114eee3178d4263,
452649313f6a45c5,richard.lopez@sandovalfost.com,Richard,Lopez,,Vargas-Price,MQL,Web,End User,,2022-01-15,2025-01-17,False,,194,False,,,True,True,False,540e52a761d74268,
78dd4e518d4f47e7,raylauren@yahoo.com,Janet,Harris,Software engineer,Diaz and Sons,Recycled,Web,Technical Buyer,Individual Contributor,2023-06-01,,False,,155,False,,,False,False,False,3463ef6750fb4689,
baac6d64a94649be,stephen.baker@rose-fowler.com,Stephen,Baker,,Carr-Matthews,MQL,Webinar,Champion,Individual Contributor,2024-12-14,2024-12-08,False,,15,False,,,False,False,False,8a4c192396b94fd1,
14a3b0af610f4ac4,michael.bruce@thompsonnune.com,Michael,Bruce,Volunteer coordinator,"Miller, Anderson and Wilson",Qualified,Purchased List,,Manager,2023-06-01,,False,,249,True,Duplicate,2025-01-23,True,False,False,,
eaf992e6625f4f43,kevin.white@thomaspricea.com,Kevin,White,"Teacher, special educational needs",Henderson-Tucker,MQL,Referral,End User,Individual Contributor,2023-06-01,2025-03-14,False,,121,False,,,False,True,False,252a4324713a470b,
7448b37b50ee42df,amanda.ellison@petersgroup.com,Amanda,Ellison,Homeopath,Lopez Group,MQL,Web,,Manager,2024-10-20,2024-12-17,False,,238,False,,,False,False,False,31bba107f3a64f50,
9e70907913244891,christine.glenn@washingtonan.com,Christine,Glenn,Music tutor,"Wagner, Simpson and Cohen",Recycled,Content Syndication,Champion,Individual Contributor,2024-03-10,,False,,293,False,,,True,False,False,7834506c04fd4abd,
f99d8127e9124a5d,robert.larsen@jackson-cunn.com,Robert,Larsen,,Johnson-Walker,MQL,Web,CISO,Individual Contributor,2023-06-01,2025-04-17,False,,13,False,,,False,False,False,,
9b6bdeeb07ad4110,keith.norman@newtoncannon.com,Keith,Norman,"Clinical scientist, histocompatibility and immunogenetics","Wilson, Hampton and Morrow",New,Web,,Director,2022-01-15,,False,,120,False,,,False,False,False,ca94fa518e714acd,
ebd8f866c50e460d,michael.carson@wolfgroup.com,Michael,Carson,,Fritz Inc,Attempted,Partner,Champion,Individual Contributor,2024-03-10,,False,,26,True,Personal Email,2024-10-07,True,False,False,440751f90ac74a98,
e508c8a4df874b8f,jill.valdez@evansinc.com,Jill,Valdez,"Production assistant, television",Bailey-Montoya,MQL,Webinar,Technical Buyer,,2023-06-01,2025-02-09,False,,272,False,,,False,False,True,61c8be67926f4313,
f4853397b7384ac8,scott.mcknight@clarkltd.com,Scott,Mcknight,,"Bell, Page and Chen",Disqualified,Web,,VP,2024-03-10,,False,,92,False,,,False,False,False,0b184e0bbfcc4953,
1dd0f01f5087430a,gabriel.taylor@liinc.com,Gabriel,Taylor,"Teacher, early years/pre",Patel-Carlson,MQL,Referral,Champion,Director,2024-03-10,2024-11-29,False,,62,False,,,False,False,False,,
762fb05063cc45ed,keith48@hotmail.com,Gary,Werner,,Estes Group,Disqualified,Purchased List,Champion,Manager,2023-06-01,,False,,165,False,,,False,False,False,,
b1face219f6d4dde,samantha.riddle@martinezclin.com,Samantha,Riddle,IT technical support officer,Juarez Ltd,New,Web,,,2024-02-16,,False,,54,True,Bad Data,2025-02-05,True,False,False,3bfa3e65fc0044d5,
1e80bec084c44b21,philip.thomas@adamsperryan.com,Philip,Thomas,Chief Financial Officer,Robertson-Ramirez,MQL,Partner,Technical Buyer,,2023-01-23,2024-11-02,False,,251,False,,,False,False,True,f1110ce1cbd6490e,
3a0a8683eea048e4,amurphy@gmail.com,Sharon,Wood,Chief Financial Officer,"Stanton, Reid and Terry",Attempted,Partner,,Manager,2023-06-01,,False,,273,False,,,False,False,True,,
25776eb02a1448fe,melissa.flynn@robinson-jor.com,Melissa,Flynn,,Adams-Clayton,New,Purchased List,Technical Buyer,Individual Contributor,2022-01-15,,False,,18,False,,,False,False,False,2c8f14581a284acd,
5a3f24f328524cd1,matthew.lane@phelpskramer.com,Matthew,Lane,Art therapist,Garcia Group,Recycled,Partner,Non-Prospect,,2022-09-24,,False,,108,True,No Longer With Company,2025-03-04,False,False,False,fa1da2f0ac0345f8,
f9764d7182164086,allen.noble@alexanderinc.com,Allen,Noble,Phytotherapist,Forbes and Sons,MQL,Event,Technical Buyer,,2023-06-01,2024-11-02,False,,157,False,,,False,True,False,295c66745123441e,
14e9c91f1e104b42,nicole.turner@davis-ward.com,Nicole,Turner,,Beck-Banks,MQL,Referral,CISO,VP,2022-01-15,2024-11-08,False,,279,False,,,False,False,False,c6ac99ebfd304307,
92c6064562734764,brett.garrett@lyonsyoungan.com,Brett,Garrett,,Lewis Inc,MQL,Web,,,2022-01-15,2025-04-05,False,,80,False,,,False,False,False,,
d23fb7e9fcd0443e,ssmith@outlook.com,David,Perez,Lobbyist,Mcneil Group,Recycled,Webinar,CISO,Individual Contributor,2022-01-15,,False,,19,False,,,False,False,False,3bfa3e65fc0044d5,
c526483f142a4008,info@reyes.com,Heather,Woods,"Civil engineer, contracting",Richardson-Evans,MQL,Event,Technical Buyer,,2024-03-10,2024-11-21,False,,76,False,,,False,False,False,f1bb53af63424868,
a29caee96ebf462a,patrick.li@mayltd.com,Patrick,Li,Customer service manager,Moreno Inc,MQL,Webinar,CISO,Director,2022-09-16,2025-04-17,False,,248,False,,,False,False,False,15f83994f0344e83,
810b270e4fad45dd,chelsey.martin@bowen-fuller.com,Chelsey,Martin,"Designer, blown glass/stained glass",Jensen-Ramos,MQL,Event,Champion,Individual Contributor,2022-01-15,2025-01-15,False,,241,False,,,False,False,False,29b003713a4d4d1c,
5c24edfce2e542dd,jeff.mosley@goodwinplc.com,Jeff,Mosley,Music tutor,Richmond-Edwards,MQL,Event,,Director,2023-06-01,2025-04-22,False,,238,False,,,False,True,False,8ad0d1c6bd6144a3,
a510259233b04a38,donald.hill@wrightplc.com,Donald,Hill,,"Lawson, Maxwell and Vaughn",MQL,Partner,Champion,Individual Contributor,2023-12-18,2024-12-18,False,,236,False,,,False,False,False,99775319017f4b55,
d42b42064af34da8,melanie.barrett@harris-lawso.com,Melanie,Barrett,Energy engineer,"Myers, Lucas and Bowers",Disqualified,Webinar,Technical Buyer,Individual Contributor,2022-01-15,,False,,50,True,Bad Data,2024-07-17,True,False,False,,
126527d5f4944db1,laura.allen@rodriguez-po.com,Laura,Allen,"Therapist, music",Rice Inc,Disqualified,Webinar,,Director,2023-06-01,,False,,70,False,,,False,True,False,f1110ce1cbd6490e,
df201adff2b84e18,valerie.peck@hughesplc.com,Valerie,Peck,Petroleum engineer,Payne-Thompson,Recycled,Content Syndication,Champion,C-Level,2023-06-01,,False,,171,False,,,False,False,False,c262420d46a345b5,
3f87ad12df6c4dd6,thomas.archer@smithinc.com,Thomas,Archer,"Administrator, education",Lewis-Livingston,Recycled,Event,,Manager,2022-01-15,,False,,244,False,,,False,False,False,99e324fd84e444ea,
4e1e5025135c47c2,stacy.sanders@fuller-mason.com,Stacy,Sanders,Pathologist,Miles-Miller,Disqualified,Webinar,,Individual Contributor,2023-06-01,,False,,272,False,,,False,False,False,c9c058f29ef34563,
71f41834c64d48c4,amanda.jensen@miller-mille.com,Amanda,Jensen,"Engineer, electronics",Herrera Group,Attempted,Webinar,,Individual Contributor,2023-08-20,,False,,104,True,Duplicate,2024-11-11,True,False,False,,
6952e75656b247e7,brenda.hines@beckerjonesa.com,Brenda,Hines,Field trials officer,Sanchez Group,Attempted,Partner,,Manager,2022-01-15,,False,,271,False,,,False,False,False,232dc6dccdcc4d58,
8fb0c3050afb4839,parkerjudith@yahoo.com,Darren,Salazar,,Smith and Sons,New,Event,,,2023-06-01,,False,,78,True,Personal Email,2024-11-06,False,False,False,,
86f111f402914197,sales@mills-logan.com,Jacqueline,Martin,,Martinez-Norman,Attempted,Webinar,,Individual Contributor,2024-03-10,,False,,163,True,Competitor,2024-09-06,False,False,False,ec1e8d75d4be4215,
187fb742e2f34c37,joseph.tanner@rogersgroup.com,Joseph,Tanner,Glass blower/designer,"Brown, Joseph and Ray",Attempted,Partner,,Individual Contributor,2024-03-10,,False,,71,False,,,False,False,False,aabec9493a024b76,
796cba3f3e7d4219,chris.gibson@brown-villar.com,Chris,Gibson,Dietitian,Moore-Ayala,MQL,Referral,,,2023-06-01,2024-12-14,False,,262,False,,,False,False,False,d7711bcc713b410a,
1e4dc7cebd0d4bb7,patricia.craig@perezplc.com,Patricia,Craig,"Accountant, chartered",Trevino Inc,MQL,Content Syndication,CISO,Manager,2022-01-15,2025-02-11,False,,227,False,,,False,False,True,93e420a20a19499e,
e6d1d973c5144be0,lmora@gmail.com,John,Ruiz,,"Pratt, Klein and Rios",New,Event,End User,Individual Contributor,2023-06-01,,False,,192,False,,,False,False,False,b0f594e2e75947f9,
f5e135b1bf6144f6,jeffrey.wright@floresmckenz.com,Jeffrey,Wright,,"Nunez, Williams and Walker",Disqualified,Purchased List,End User,,2022-01-15,,False,,1,False,,,False,False,True,fbd6e881517a44c4,
2729251785f4402e,zachary.williams@jones-marsha.com,Zachary,Williams,Heritage manager,Murphy-Tran,Disqualified,Web,,VP,2023-06-01,,False,,243,True,No Longer With Company,2024-06-08,False,False,False,b2e6251e40dc4ba5,
26ff5a8db9d64d27,alan.gonzalez@muellersteve.com,Alan,Gonzalez,"Merchandiser, retail","Bonilla, Cuevas and Parsons",Disqualified,Referral,,Director,2023-06-01,,False,,39,False,,,False,False,False,31cd82025a844220,
570b0fe879334130,jessica.payne@hernandezgro.com,Jessica,Payne,Aeronautical engineer,Weaver Ltd,MQL,Event,Champion,Individual Contributor,2024-03-10,2024-12-03,False,,144,False,,,False,False,False,a89c906141864d2f,
2c27e9b7208a4dd8,mary.wiley@smith-sandov.com,Mary,Wiley,,Harris and Sons,Attempted,Referral,Non-Prospect,,2024-08-11,,False,,178,False,,,True,False,True,,
9ea5ca6b17d84574,robert.woodward@dawsoninc.com,Robert,Woodward,,Merritt PLC,Attempted,Event,,Director,2024-03-10,,False,,57,False,,,False,False,False,3a13b6ab40644f98,
8fb869d432b649ca,robert.huang@villegas-mil.com,Robert,Huang,Chief of Staff,"Anderson, Wilkins and Jones",MQL,Content Syndication,Non-Prospect,Individual Contributor,2023-06-01,2024-11-11,False,,105,False,,,True,True,False,844ccdc969e1457f,
e9b7e6620aad4945,ashley.graham@youngllc.com,Ashley,Graham,International aid/development worker,Haynes-Moss,New,Content Syndication,Non-Prospect,VP,2023-06-01,,False,,296,False,,,False,False,True,ca94fa518e714acd,
7451b4e883e54047,hardingderek@gmx.de,Louis,Nelson,Television/film/video producer,Moore and Sons,Recycled,Web,,Individual Contributor,2024-03-10,,False,,109,False,,,False,False,False,,
5769cda6214d4dae,shannon.edwards@herreraandso.com,Shannon,Edwards,,Ford-Phelps,MQL,Partner,Champion,,2023-06-01,2025-01-04,False,,227,False,,,False,False,False,b0f594e2e75947f9,
891d6a917184479e,christopher.aguirre@mckenzie-ter.com,Christopher,Aguirre,Architect,Huff LLC,Disqualified,Event,End User,Individual Contributor,2024-03-10,,False,,202,False,,,False,False,False,6325df2ef5104f7e,
01ed7f69544f494b,eddie.dawson@foster-willi.com,Eddie,Dawson,Hydrographic surveyor,Wilkins-Thompson,MQL,Webinar,Non-Prospect,,2024-07-24,2025-01-12,False,,297,False,,,False,False,False,0d7fcc161fd14d73,
9df7bbaad1404132,stephanie.bond@adkinswright.com,Stephanie,Bond,Counselling psychologist,Smith and Sons,MQL,Web,Economic Buyer,Individual Contributor,2023-06-01,2024-12-26,False,,50,False,,,False,False,False,52a06ee62d294ee8,
29fa1b424f324f33,david.colon@parks-pace.com,David,Colon,Chartered accountant,"Willis, Lowery and Jones",Recycled,Web,Economic Buyer,VP,2024-03-10,,False,,175,False,,,False,False,False,8c1fc9cab9544c54,
7ab46894c5a64708,wendy.gonzalez@ramosanderso.com,Wendy,Gonzalez,Learning disability nurse,Williams Group,Attempted,Purchased List,,Manager,2022-01-15,,False,,159,False,,,False,False,False,a89c906141864d2f,
44f2f9be487a4261,brent.glass@underwood-fo.com,Brent,Glass,Air traffic controller,Vega-Thompson,New,Webinar,Champion,Manager,2023-06-01,,False,,14,False,,,False,False,False,d379b3da684d4431,
7a8e2d616bb44b62,admin@griffin-hernandez.org,Jason,Lopez,,"Sanchez, Phillips and Jenkins",MQL,Content Syndication,End User,Manager,2024-03-10,2024-11-16,False,,156,False,,,False,True,False,,
e0308ce71b10489b,andrea.brown@reyes-barnes.com,Andrea,Brown,,Mccoy PLC,Attempted,Partner,Non-Prospect,Individual Contributor,2022-01-15,,False,,250,True,No Longer With Company,2024-09-20,False,False,True,3073ecf6384e4578,
e7398e74e11e46cc,laura.mayo@howardstephe.com,Laura,Mayo,Systems developer,"Morris, Nelson and Johnson",New,Partner,Technical Buyer,Director,2024-10-29,,False,,205,False,,,False,True,False,288755b429cb461d,
005d1a8e203d4082,carla.johnson@brown-frey.com,Carla,Johnson,Senior tax professional/tax inspector,Wang-Key,Qualified,Referral,,Manager,2022-01-15,,False,,212,False,,,False,False,False,288755b429cb461d,
0b5f8db6f7b549d7,terri.garcia@allenferguso.com,Terri,Garcia,Banker,Johnston Group,MQL,Referral,CISO,Individual Contributor,2022-08-18,2024-11-18,False,,222,False,,,False,False,False,99775319017f4b55,
dcd1ab06b8db44a4,gregorywatkins@outlook.com,Michael,Combs,Mechanical engineer,"Johnson, Haynes and Meza",MQL,Web,,Individual Contributor,2022-01-15,2025-01-15,False,,120,False,,,False,False,False,,
8672883eb9e94bea,anne.hart@copelandgrou.com,Anne,Hart,Special effects artist,Thompson-Johnson,MQL,Web,End User,Manager,2022-01-15,2025-02-23,False,,21,False,,,False,False,False,a89c906141864d2f,
2f88767357ac4984,brian.guzman@foxinc.com,Brian,Guzman,Learning disability nurse,"Harris, Anderson and Love",MQL,Referral,CISO,Individual Contributor,2024-03-10,2025-03-26,False,,61,False,,,False,False,False,ec2eb3791de440bc,
4d3650c38c464b64,spam_cluster@example.com,Samantha,Richard,Curator,Mathis LLC,New,Referral,,VP,2023-06-01,,False,,140,False,,,False,True,False,12025383a1cb4224,
6191cd46fdd04843,sales@foster.com,Susan,Brooks,,"Fry, Conner and Yu",Recycled,Content Syndication,,Manager,2024-03-10,,False,,122,True,Personal Email,2025-03-15,False,False,False,80b9756d5130404e,
a526d6609db34441,spam_cluster@example.com,Debra,Thompson,Environmental health practitioner,"Chapman, Thompson and Parker",MQL,Partner,Champion,Director,2023-10-26,2025-03-01,False,,224,False,,,False,False,False,31cd82025a844220,
28c795d6893342fd,rushstacy@gmx.de,Haley,Anderson,"Nurse, adult","Johnson, Guzman and Mccall",Attempted,Content Syndication,Non-Prospect,Individual Contributor,2023-06-01,,False,,33,False,,,True,False,False,0cb0103ae53c4325,
5a1615fde9974006,zunigadonald@yahoo.com,Tammy,Walker,Careers adviser,Reed LLC,MQL,Content Syndication,,Individual Contributor,2022-01-15,2024-12-04,False,,66,False,,,True,False,False,96e17aeb25534ae4,
666656c935614be1,gary.mcclure@underwoodltd.com,Gary,Mcclure,,Smith-Clark,MQL,Webinar,,VP,2022-01-15,2025-01-20,False,,114,False,,,False,False,False,88190e43a2dc4ccf,
d2978a05b9ff4600,lebrandon@gmail.com,Heather,Bell,Primary school teacher,"Barnes, Jackson and Gutierrez",MQL,Purchased List,,,2023-06-01,2025-04-08,False,,7,False,,,False,False,False,3463ef6750fb4689,
bc51df4fff3d4e2a,egarcia@hotmail.com,Nicole,Bell,Technical brewer,"Chang, Perez and Hayes",MQL,Web,,Director,2023-06-01,2025-03-09,False,,96,False,,,False,False,False,b0f594e2e75947f9,
f9b10063478744cc,lauren.johnson@floresinc.com,Lauren,Johnson,"Buyer, retail",Jackson-Bennett,MQL,Web,Technical Buyer,Individual Contributor,2022-01-15,2025-02-07,False,,196,False,,,False,False,False,b558bec84a8345e7,
aacd1bb86d354f95,jessica.payne@morganplc.com,Jessica,Payne,,"Johnson, Dunlap and Martin",MQL,Event,Non-Prospect,,2024-12-29,2024-12-22,False,,189,False,,,False,False,False,,
2166459933624ca1,pamela.moore@riveraandson.com,Pamela,Moore,Outdoor activities/education manager,"Spencer, Frost and Fernandez",MQL,Content Syndication,Champion,,2022-01-15,2025-04-19,False,,143,False,,,False,False,False,61c8be67926f4313,
6e6445a4285d45cb,donna.evans@williamsplc.com,Donna,Evans,,Hernandez-Ward,New,Purchased List,,Director,2024-05-27,,False,,27,False,,,False,False,False,209bb6e2f63a425d,
836f5393ba31446b,ronald.phillips@webercastill.com,Ronald,Phillips,"Engineer, maintenance",Little Inc,New,Webinar,End User,C-Level,2023-06-01,,False,,92,False,,,True,True,False,afbfd1b9e0074d37,
fa8ff6a7ab934799,thomas.wilson@ruiz-jacobso.com,Thomas,Wilson,Geochemist,May Group,MQL,Event,Champion,Manager,2023-06-01,2025-02-05,False,,201,False,,,True,False,False,a49011ff86b645a4,
8977f0f5cdae49b8,jackson.mcclure@lopez-willia.com,Jackson,Mcclure,,Baker-Hood,New,Partner,Non-Prospect,Manager,2023-06-01,,False,,291,False,,,True,False,False,29db89c3dc064f21,
c139fd5e5bea4ccb,anne.hernandez@contrerasmil.com,Anne,Hernandez,,Arellano-Lawrence,New,Content Syndication,Non-Prospect,C-Level,2022-01-15,,False,,206,False,,,True,False,False,99e324fd84e444ea,
f2a18b80dcfe4d30,angela.randall@barnesnichol.com,Angela,Randall,,"Keith, Alvarez and Miller",MQL,Referral,Economic Buyer,Director,2023-06-01,2025-01-06,False,,216,False,,,False,False,False,86f6760bab504df6,
837f130ea83344b9,suzanne.huff@matthewssmit.com,Raven,Klein,Web designer,Martinez Group,Recycled,Webinar,,Manager,2024-03-10,,False,,40,False,,,False,True,False,aa0509047e9c4d04,
f3ec71131f7c435f,gerald.joyce@stokesandson.com,Gerald,Joyce,,Miller-Vega,Disqualified,Partner,End User,,2022-01-15,,False,,8,True,Personal Email,2024-11-23,False,False,False,4a3dce0bed0b45e5,
5c214e15534843ae,james.carson@flowersllc.com,James,Carson,IT consultant,"Sloan, Jones and Hughes",MQL,Web,CISO,Director,2024-03-10,2025-03-14,False,,132,False,,,False,True,False,a49011ff86b645a4,
e5cb7e4137674b73,ray.nguyen@stone-stark.com,Ray,Nguyen,"Administrator, charities/voluntary organisations","Dean, Mills and Barnes",New,Web,Non-Prospect,,2024-03-10,,False,,202,False,,,False,False,False,,
97fe900557124faf,robert.hernandez@aguilarhanna.com,Robert,Hernandez,,"Chan, Floyd and Dillon",MQL,Purchased List,,C-Level,2024-03-10,2025-02-12,False,,59,False,,,False,False,False,51fc143e50854e87,
90ad162bc52349f9,nicole.humphrey@reyes-washin.com,Nicole,Humphrey,Transport planner,Johnson-Hill,MQL,Content Syndication,Economic Buyer,,2024-12-18,2025-04-04,False,,253,False,,,False,False,False,0c1fb6bf3ec346ea,
b326a788aefc4ce2,vwilliams@outlook.com,Douglas,Franklin,Field seismologist,Reese LLC,MQL,Webinar,Non-Prospect,Manager,2022-01-15,2024-12-04,False,,213,False,,,False,True,False,aabec9493a024b76,
767058f7a3cd44c1,penny.smith@collins-came.com,Penny,Smith,Chief Technology Officer,Taylor Ltd,Recycled,Partner,,,2022-01-15,,False,,67,False,,,False,False,False,be70e05cfc124515,
46cdfef5f0d74ce6,scott.petersen@daniel-jacob.com,Scott,Petersen,Chartered public finance accountant,Alexander Group,MQL,Event,,Manager,2024-03-10,2024-12-28,False,,51,False,,,True,False,False,f1c3b280ce5249d8,
4049237d424b4d8e,joyce.malone@nicholson-ro.com,Joyce,Malone,,Collins PLC,MQL,Partner,,Director,2022-06-05,2025-04-14,False,,287,False,,,False,True,False,0a91cbe4c7254c84,
0221a46a87154ec7,joseph.tanner@rogersgroup.com,Richard,Deleon,"Engineer, control and instrumentation",Wright Group,Disqualified,Web,CISO,,2024-03-10,,False,,56,False,,,False,False,False,afc81c8dac114849,
c83e966169a149a3,joshuacolon@hotmail.com,Brent,Ward,,Reid-Martinez,Attempted,Partner,,Manager,2024-03-10,,False,,70,False,,,False,False,False,844ccdc969e1457f,
3b182c4391514cee,anthony.watson@griffinhorne.com,Anthony,Watson,Structural engineer,Cooper-Monroe,Attempted,Purchased List,Non-Prospect,Individual Contributor,2023-06-01,,False,,271,False,,,False,False,False,,
46657c90e65545f7,jonathan.rivas@mitchellgrou.com,Jonathan,Rivas,Artist,Nash and Sons,Attempted,Webinar,End User,Individual Contributor,2024-03-10,,False,,18,True,No Longer With Company,2024-09-08,False,False,True,bc212a4c068f41f4,
9484855c8f664875,josephortiz@libero.it,Mercedes,Holland,Advertising account planner,"Smith, Buck and Holland",Qualified,Webinar,End User,Individual Contributor,2023-06-29,,False,,105,True,No Longer With Company,2024-07-05,False,False,False,288755b429cb461d,
9674dd0b8bc24414,carolyn.smith@franklin-hah.com,Carolyn,Smith,Haematologist,Woodard-York,Qualified,Web,End User,Individual Contributor,2023-06-01,,False,,261,False,,,False,False,False,31bba107f3a64f50,
007e5810ef424084,angela.walker@wise-bush.com,Stephen,Robinson,Occupational psychologist,"Garcia, Hunt and Bates",Attempted,Event,Non-Prospect,Individual Contributor,2024-03-10,,False,,63,True,Competitor,2024-09-23,False,False,False,c008c318a3534a2e,
5eaacc98651a45dd,megan.brooks@wheelercampb.com,Megan,Brooks,,Rogers LLC,MQL,Partner,End User,Individual Contributor,2023-06-01,2024-12-05,False,,126,False,,,False,False,False,fb1930ad7d2042b7,
63a961c848ab4385,danielle.hensley@douglas-farl.com,Danielle,Hensley,Hydrogeologist,Hernandez and Sons,MQL,Webinar,,Manager,2022-01-15,2025-04-11,False,,265,False,,,False,False,False,b7c3527766154bb3,
e82f5284b98340e5,rguerrero@yahoo.com,Rachel,Trujillo,Counselling psychologist,"Johnson, Jimenez and Phillips",Attempted,Web,Economic Buyer,Manager,2023-06-01,,False,,233,False,,,False,False,False,afbfd1b9e0074d37,
a9c4b464b8d2458c,rebecca.sullivan@johnsonerick.com,Rebecca,Sullivan,Energy manager,Barber-Walker,MQL,Event,,,2023-06-01,2025-04-23,False,,24,False,,,False,False,False,2dd397a157a7457b,
d15101b92547480d,amanda.glover@howardevansa.com,Amanda,Glover,"Surveyor, insurance",Carter Group,Disqualified,Webinar,,,2023-06-01,,False,,67,False,,,False,False,False,333bd94553c8466a,
1094092e87854f86,david.green@hineswhitean.com,David,Green,Legal executive,"Davis, Kelly and Garner",Disqualified,Content Syndication,,Individual Contributor,2023-06-01,,False,,84,False,,,False,False,False,c008c318a3534a2e,
856be85f2cb7492e,kurt.french@watson-richa.com,Kurt,French,,Ruiz Ltd,MQL,Event,Technical Buyer,VP,2024-03-10,2024-12-30,False,,272,False,,,False,True,False,ab25cc7830cb4791,
ab03c268eb794850,brandy.blackburn@kennedyandso.com,Brandy,Blackburn,,Dillon Group,New,Event,End User,Manager,2022-01-15,,False,,131,True,Bad Data,2024-12-30,False,False,False,32feb33af3a14087,
8cd81721d9bb4c08,alyssa.gutierrez@taylorandson.com,Alyssa,Gutierrez,"Lighting technician, broadcasting/film/video",Benitez-Orozco,MQL,Event,,,2022-01-15,2025-01-21,False,,132,False,,,True,False,False,,
affc9635734144aa,valerie.thomas@whitemillera.com,Valerie,Thomas,"Editor, film/video",Walters-Smith,New,Referral,Champion,Individual Contributor,2023-06-01,,False,,137,False,,,False,False,False,b2b8bf0559484bc7,
d9553c06ca7c4eda,joshua.juarez@johnstonands.com,Joshua,Juarez,,Anderson Group,Qualified,Webinar,Technical Buyer,Manager,2022-01-15,,False,,21,True,Duplicate,2024-06-30,False,False,False,1c2c7771838d4403,
14c6407781a04225,creyes@outlook.com,Cynthia,Powell,,Cross Inc,New,Referral,CISO,Manager,2024-01-22,,False,,153,False,,,True,False,False,,
21857eb2dceb430f,andrewsmith@yandex.com,Patricia,Sherman,,Steele LLC,MQL,Web,,Manager,2024-03-10,2024-11-12,False,,168,False,,,False,False,False,,
dfd42a2e90b64162,larry.garcia@chapmanjacks.com,Larry,Garcia,Hydrogeologist,Bryant-Meyer,MQL,Purchased List,,VP,2023-06-01,2024-11-15,False,,227,False,,,False,False,False,b8c780bd69464ed4,
6d1f644922574f84,alexandria.hamilton@cowancoopera.com,Alexandria,Hamilton,,Martin Group,MQL,Partner,,Individual Contributor,2022-01-15,2025-04-25,False,,98,False,,,False,False,False,55eea98f2b024175,
71ad8514e7c34e19,jasonjohnson@outlook.com,Andrew,Walker,Retail merchandiser,Martinez Ltd,MQL,Web,Technical Buyer,,2024-03-10,2025-02-18,False,,289,False,,,False,False,False,0cb0103ae53c4325,
99496da2ef2047a8,kelsey90@rediffmail.com,Debra,Johnson,,Stanley Ltd,Recycled,Web,,Individual Contributor,2024-03-10,,False,,232,False,,,False,False,False,689303a6de3c4130,
5d3d7a6b32f94b92,justin.cummings@brandtmorris.com,Mary,Williams,Community pharmacist,"King, Miles and Harris",Attempted,Web,Technical Buyer,,2024-03-10,,False,,2,False,,,False,False,False,,
20990d7692cc44c4,gina.smith@stanley-bate.com,Gina,Smith,,"Obrien, Taylor and Rivas",New,Web,Technical Buyer,Individual Contributor,2022-01-15,,False,,128,True,Bad Data,2025-03-20,False,False,False,f1bb53af63424868,
f6a397a673e24c48,daniel.higgins@campbellinc.com,Daniel,Higgins,Research scientist (medical),Lynch LLC,MQL,Purchased List,,C-Level,2023-06-01,2025-04-15,False,,33,False,,,False,False,False,0aecde9747f94869,
cd064a1660b64375,marie.dudley@warner-phill.com,Marie,Dudley,Archaeologist,"Crawford, Clark and Fitzpatrick",Disqualified,Referral,Non-Prospect,Manager,2022-01-15,,False,,5,False,,,False,False,False,1c2c7771838d4403,
6c8fcca0dbef41ad,mark.smith@davisrodrigu.com,Mark,Smith,"Research officer, political party",Herring PLC,MQL,Content Syndication,Non-Prospect,Individual Contributor,2024-03-10,2025-04-27,False,,99,False,,,False,True,False,d379b3da684d4431,
8bb33114045a4900,charles.cummings@newman-bryan.com,Charles,Cummings,,Marshall-Garcia,New,Web,Economic Buyer,,2024-03-10,,False,,74,False,,,False,False,False,0ae9b66c84764902,
6b1deafa9a534ef9,gregg.williams@ward-rhodes.com,Gregg,Williams,Physiological scientist,"Wilson, York and Zamora",New,Referral,,Director,2023-06-01,,False,,243,False,,,False,True,False,daf12e4e24a74a55,
0bd00332314049ad,markkline@gmail.com,Alec,Taylor,Wellsite geologist,Johns-Davis,MQL,Event,,,2022-01-15,2025-03-03,False,,169,False,,,False,False,False,5ae5b36878be4dbe,
91f39ee4b85845a0,lisa.white@ross-bryant.com,Lisa,White,Musician,"Jefferson, Marsh and Banks",Disqualified,Event,,Director,2024-03-10,,False,,112,False,,,False,False,False,2c8f14581a284acd,
3a90f9d2f77e44d4,laura.wilson@barberjarvis.com,Laura,Wilson,Civil Service administrator,Pruitt-Webb,Disqualified,Web,CISO,,2022-01-15,,False,,269,False,,,False,False,False,288755b429cb461d,
506fec74813143f3,ashley.kim@jameshowarda.com,Ashley,Kim,,Knapp-Rodriguez,MQL,Event,Non-Prospect,,2024-03-10,2025-01-11,False,,300,False,,,False,False,True,e883696d459b4467,
6e60a28dfac04af9,admin@pena-smith.net,Robert,Williams,Technical author,"Cunningham, Levine and Santiago",New,Content Syndication,CISO,Individual Contributor,2022-01-15,,False,,260,False,,,True,False,False,fb1930ad7d2042b7,
1aaff514a1ff40cc,matthew.mills@montgomeryre.com,Matthew,Mills,Race relations officer,Alvarado-Davidson,MQL,Partner,Economic Buyer,Manager,2024-03-10,2025-03-10,False,,217,False,,,False,False,False,c008c318a3534a2e,
4cca4480a0e342fc,edgar.serrano@brownschneid.com,Edgar,Serrano,,Booth-Jones,New,Webinar,,VP,2023-06-01,,False,,162,False,,,False,False,False,c5fe231ec72a4d48,
9052fbe13a6a4d7e,travis.allen@williams-wal.com,Travis,Allen,,Montoya-Miller,Qualified,Content Syndication,Non-Prospect,,2022-01-15,,False,,168,True,Competitor,2024-09-29,True,False,False,0e4988a55dc842c0,
85e4c6c3df5f4909,sean.berry@gatesgroup.com,Sean,Berry,Interpreter,Hooper Ltd,Recycled,Partner,,Individual Contributor,2023-06-01,,False,,6,False,,,False,False,False,1b007d218bee4ed9,
04576aec31534f76,jjohnson@outlook.com,Denise,Garcia,Academic librarian,Conner PLC,New,Partner,Technical Buyer,Manager,2023-06-01,,False,,107,False,,,False,False,False,,
d7fe1d585af84df9,dana.wu@clarkpowersa.com,Dana,Wu,Medical physicist,Velasquez Group,Recycled,Referral,,Individual Contributor,2024-03-10,,False,,16,False,,,False,False,False,51fc143e50854e87,
228c5423fd774f7a,martin.saunders@kennedysando.com,Martin,Saunders,,Malone and Sons,MQL,Event,Champion,Individual Contributor,2024-03-10,2025-04-03,False,,155,False,,,False,False,False,24827055fadd4275,
7f45edef5f864de2,aaron.kelly@brandtcarter.com,Aaron,Kelly,,Prince Group,MQL,Purchased List,Non-Prospect,Individual Contributor,2023-06-01,2025-02-15,False,,265,False,,,False,True,True,12a6d3994df441be,
2b614089583f41b3,donald.love@ortizkingand.com,Donald,Love,Community arts worker,Lewis-Summers,MQL,Referral,,Manager,2024-02-04,2025-03-09,False,,81,False,,,False,False,False,0ae9b66c84764902,
6d48e6fd2ed04829,spam_cluster@example.com,James,Morgan,,Barton Group,New,Partner,,Individual Contributor,2024-03-10,,False,,233,False,,,False,False,False,10292fb10553429b,
8921c4e5ae7f4809,eugenewalker@hotmail.com,Stephen,Lawrence,,"Mcconnell, Roberson and Webb",Disqualified,Event,,Individual Contributor,2024-03-22,,False,,275,True,Competitor,2024-11-30,False,False,False,52a06ee62d294ee8,
da103906070c4c65,heatherthompson@hotmail.com,William,Morse,"Conservation officer, historic buildings",Hughes PLC,MQL,Event,Economic Buyer,VP,2022-01-15,2025-04-19,False,,236,False,,,False,True,False,0e4988a55dc842c0,
9395a1f0c9ed4e78,mbarnes@outlook.com,Catherine,Morris,,Sanders-Cooper,New,Web,,,2022-01-15,,False,,82,False,,,False,False,False,ab25cc7830cb4791,
6dcf53704b044dc9,kelly.ballard@gutierrezltd.com,Kelly,Ballard,Science writer,Cameron-Kelley,MQL,Web,,Individual Contributor,2022-01-15,2024-11-09,False,,267,False,,,False,False,True,3bfa3e65fc0044d5,
5f307750e263417d,jamesweber@yahoo.com,Lee,Doyle,,"Reed, Chambers and Zavala",MQL,Partner,,C-Level,2022-01-15,2025-01-13,False,,32,False,,,True,True,False,295c66745123441e,
dafd164e84a442d0,debra.mullen@danielswalsh.com,Debra,Mullen,,"Castillo, Duncan and Contreras",New,Event,,Manager,2024-03-10,,False,,165,False,,,False,False,False,440751f90ac74a98,
34fdbe653b2441db,robert.adkins@mitchellboon.com,Robert,Adkins,,Johnson and Sons,Recycled,Webinar,CISO,Individual Contributor,2023-06-01,,False,,291,False,,,False,False,False,295c66745123441e,
2b2e1858751b4bae,karen24@hotmail.com,Brian,Brown,Fitness centre manager,Franco Ltd,MQL,Event,End User,,2022-07-19,2025-04-26,False,,119,False,,,False,False,False,a0f23a77452b4664,
f6395ef3b4594259,kristen.harris@johnsoncerva.com,Kristen,Harris,"Surveyor, planning and development",Newton PLC,MQL,Referral,Non-Prospect,,2022-01-15,2025-03-26,False,,104,False,,,False,False,False,40c2eda23c4f427f,
6e2e1e7865ba4c11,heather06@gmail.com,Paul,Dixon,Naval architect,Frye-Daugherty,Disqualified,Webinar,Economic Buyer,,2023-06-01,,False,,105,False,,,False,False,False,fa1da2f0ac0345f8,
e7fec4e233a04671,larry.arnold@manningandso.com,Larry,Arnold,,Greer-Pruitt,Attempted,Event,,Director,2024-11-09,,False,,104,True,Duplicate,2024-12-18,True,False,False,a5bc25cbe8de4f49,
c3a7b2f0a9e64d4a,janet.holland@paynemorriso.com,Janet,Holland,"Engineer, biomedical",Cole-Lucero,MQL,Partner,,,2023-06-01,2025-01-28,False,,258,False,,,False,False,False,61c8be67926f4313,
1721f8b94f8543cd,bennettroy@rediffmail.com,Charles,Rivers,,Anderson-Silva,New,Event,Economic Buyer,,2022-01-15,,False,,246,False,,,False,False,False,bf5ee03af2844382,
2d678ba252234af8,jonathan.rivera@pinedawillia.com,Jonathan,Rivera,"Therapist, speech and language",Ayala Ltd,Attempted,Event,Non-Prospect,Individual Contributor,2023-06-01,,False,,209,False,,,False,False,False,3dcfbd7cdace4ae3,
61db3a93ae3e4a99,christina.stanley@tyler-pierce.com,Christina,Stanley,"Buyer, industrial","Stewart, Robinson and White",MQL,Webinar,End User,,2023-06-01,2025-01-22,False,,17,False,,,False,False,False,bdd89c0f129a4920,
e4189e557cbb4162,carlos.wagner@daniels-powe.com,Carlos,Wagner,Magazine journalist,Ware Ltd,MQL,Purchased List,Non-Prospect,,2024-06-04,2024-11-27,False,,59,False,,,False,False,False,bc212a4c068f41f4,
7038872c56d942a7,martin.ward@clementsplc.com,Martin,Ward,Set designer,Barajas-Colon,New,Referral,Champion,,2023-11-01,,False,,210,False,,,False,False,False,99775319017f4b55,
04eb4e4625ec4230,tina.smith@reedallenand.com,Tina,Smith,Wellsite geologist,Haley Ltd,MQL,Event,,Individual Contributor,2022-01-15,2025-04-13,False,,147,False,,,False,False,False,8ad0d1c6bd6144a3,
c5248df4afff46a7,cruzamber@yahoo.com,Nicole,James,,Pruitt LLC,New,Content Syndication,,Individual Contributor,2024-03-10,,False,,85,True,Bad Data,2024-08-19,False,False,False,442af661ffb94595,
475ae63c91f140a4,pwilliams@gmail.com,Willie,Hicks,"Engineer, automotive",Palmer-Vaughan,Attempted,Partner,Non-Prospect,Director,2022-01-15,,False,,266,False,,,True,False,True,f4723066914942c3,
2a96cec2b3d44c1b,simsjason@hotmail.com,Gary,Huber,"Engineer, production","Coleman, Garcia and Medina",MQL,Web,,Individual Contributor,2023-06-01,2025-01-29,False,,205,False,,,False,False,True,,
c5fdd615689c47c8,jacqueline.cherry@lucas-case.com,Jacqueline,Cherry,"Designer, exhibition/display",Stevens LLC,Attempted,Referral,Technical Buyer,Individual Contributor,2023-06-01,,False,,166,True,No Longer With Company,2025-03-24,False,False,False,ea4ab61c9d99480e,
2003be571e0f4457,benjamin.jones@bauerplc.com,Benjamin,Jones,Building services engineer,"Underwood, Bartlett and Russell",MQL,Event,Technical Buyer,Individual Contributor,2022-01-15,2024-11-26,False,,292,False,,,False,False,False,3bfa3e65fc0044d5,
f3cdd089b4d5414d,shannon.sullivan@smith-nunez.com,Shannon,Sullivan,,May PLC,Recycled,Content Syndication,CISO,Individual Contributor,2024-08-08,,False,,45,False,,,False,False,False,,
de23ace60c0348e7,haynescharles@yahoo.com,Bryan,Reese,Retail buyer,Roberts Ltd,Disqualified,Webinar,,Director,2024-03-10,,False,,175,True,No Longer With Company,2024-12-08,False,False,False,3bfa3e65fc0044d5,
29c08f51e8c04415,kevin.miller@james-short.com,Kevin,Miller,Airline pilot,Moore-Robinson,New,Referral,Champion,,2022-01-15,,False,,160,False,,,False,True,False,8807040d699e4b2d,
8f33b4d46cf84897,brian63@yahoo.com,Julie,Robles,Midwife,Spencer PLC,Attempted,Purchased List,End User,Director,2024-03-10,,False,,74,False,,,False,False,False,ec63ce56423e406c,
6141790e321f45cd,donald.williams@carlsonmedin.com,Donald,Williams,,Goodman Ltd,MQL,Webinar,Technical Buyer,Individual Contributor,2024-03-10,2024-12-05,False,,192,False,,,False,False,False,ad9e507474884f1b,
0594a96351c74d55,eugenewalker@hotmail.com,Maurice,Gutierrez,,Wilson Ltd,MQL,Content Syndication,End User,,2023-01-20,2024-11-13,False,,200,False,,,False,False,True,d8466f11f04b43e0,
a5876ac0dc52417a,lauren.phelps@murraydunnan.com,Lauren,Phelps,Broadcast engineer,Garcia-Swanson,MQL,Purchased List,Economic Buyer,Director,2023-01-16,2025-02-07,False,,155,False,,,False,False,False,b501fdae70284fac,
5f68bd241178418b,emilyyoung@gmail.com,Tony,Rivera,Higher education careers adviser,"Jones, Lee and Tucker",Attempted,Web,,Director,2024-03-10,,False,,86,False,,,True,False,False,295c66745123441e,
89bba75bf7a44f3b,mark.hopkins@silvacunning.com,Mark,Hopkins,Interpreter,Jackson-Edwards,MQL,Partner,Non-Prospect,,2024-03-10,2025-03-31,False,,88,False,,,False,False,False,5ae5b36878be4dbe,
bf67297168ea4dd1,spam_cluster@example.com,Kristen,Joseph,Learning disability nurse,Ford-Howard,MQL,Webinar,CISO,Individual Contributor,2022-01-15,2025-03-30,False,,11,False,,,False,False,False,c008c318a3534a2e,
11d4c4bde5154314,kevin.arnold@brewerinc.com,Kevin,Arnold,Health visitor,Vance and Sons,MQL,Referral,,Manager,2022-01-15,2024-12-14,False,,284,False,,,False,False,True,ca94fa518e714acd,
2e505e8d10fc4002,jose.mercado@lunainc.com,Jose,Mercado,,"Johnson, Perkins and Sullivan",New,Content Syndication,Champion,Individual Contributor,2022-01-15,,False,,20,False,,,True,False,False,f4ceb9ab147a4a93,
aa35ee60397d46cb,brittany.escobar@greenshannon.com,Brittany,Escobar,Database administrator,Long-Vance,MQL,Content Syndication,CISO,Manager,2024-03-10,2025-04-19,False,,273,False,,,False,False,False,8807040d699e4b2d,
e87db4515f6a4072,brittany.vincent@marshallplc.com,Brittany,Vincent,,Cox-Smith,MQL,Webinar,,,2023-12-03,2025-03-25,False,,282,False,,,False,False,False,c5eb1fcaebfe4886,
7727bc8b1b0e4b8d,john.maynard@suttontoddan.com,John,Maynard,"Designer, jewellery",Knight PLC,Disqualified,Referral,,Manager,2023-06-01,,False,,98,False,,,False,True,False,e6ea48b0cba94404,
8ac3ff9843fc4993,sales@dennis.info,Donna,Faulkner,Exhibition designer,Baker and Sons,MQL,Event,,Individual Contributor,2022-01-15,2024-12-11,False,,170,False,,,False,False,True,cd5d7d18041a4161,
4e935005810e4f74,paul70@gmail.com,Brad,Clark,Archaeologist,"Nguyen, Padilla and Boyd",New,Content Syndication,CISO,Director,2024-03-10,,False,,144,False,,,True,False,False,,
62a8398c8b354c9e,maria.davenport@lane-hudson.com,Maria,Davenport,Mudlogger,"Gray, Matthews and Villanueva",Recycled,Webinar,,Individual Contributor,2023-06-01,,False,,73,False,,,False,False,False,b558bec84a8345e7,
3043b482604f46ac,christian.king@blackllc.com,Christian,King,,Sparks-Eaton,Attempted,Content Syndication,,Manager,2022-08-16,,False,,117,False,,,False,False,False,2eb67b7f7bd9401b,
e3f1347ca2f24cc2,adam.macias@martin-jones.com,Adam,Macias,Health visitor,Hernandez and Sons,Qualified,Referral,,,2023-06-01,,False,,69,False,,,True,False,False,1b007d218bee4ed9,
45142d33f0c048d0,michael.love@guerrerogrou.com,Michael,Love,Lawyer,"Wilson, Leonard and Mendoza",MQL,Event,Economic Buyer,Individual Contributor,2024-03-10,2024-11-12,False,,270,False,,,False,False,False,e2d578b8b4ae4c6f,
9ca6d6a0be7d43fe,cjohnson@hotmail.com,Brittany,Holland,,"Vargas, Taylor and Hunt",New,Webinar,End User,,2022-11-18,,False,,60,True,Competitor,2024-10-10,False,False,False,a38c0a4809fd493d,
e1fccbd6edb843e8,patricia.thomas@scottandsons.com,Patricia,Thomas,"Scientist, forensic",Greene-Elliott,Disqualified,Purchased List,Economic Buyer,Individual Contributor,2022-08-27,,False,,152,False,,,True,True,False,15074f19aba6405e,
22ca432267564178,andrew.ball@nicholsonval.com,Andrew,Ball,Training and development officer,Dillon-Jackson,MQL,Content Syndication,Technical Buyer,VP,2023-06-01,2024-11-13,False,,186,False,,,False,False,False,7d8d7fc6ccc4471b,
4b8673b3f7b2475a,maria.burke@hooverwhitea.com,Maria,Burke,"Geneticist, molecular",Ramsey LLC,MQL,Event,Non-Prospect,Manager,2023-06-01,2025-03-11,False,,215,False,,,True,False,False,1f0c337008524b22,
7d8da529610c4e57,sandra.carlson@hallgroup.com,Sandra,Carlson,,Smith PLC,New,Content Syndication,End User,VP,2022-01-15,,False,,199,False,,,False,False,False,a49011ff86b645a4,
c5d62def866849ff,info@serrano-jacobs.com,Michele,Gordon,,"Greene, Rich and Schmidt",Recycled,Event,,,2023-06-01,,False,,127,False,,,False,False,False,aabec9493a024b76,
4c503fbe92ce4170,rachelryan@yahoo.com,Karen,Davis,Accommodation manager,"Banks, Boyd and Wood",Disqualified,Purchased List,Economic Buyer,,2024-03-10,,False,,74,False,,,True,True,False,55eea98f2b024175,
8eb65399080b4d29,lisa01@yahoo.com,Bradley,Moreno,,Chapman-Figueroa,MQL,Web,Technical Buyer,,2024-03-10,2025-02-21,False,,126,False,,,False,False,False,29db89c3dc064f21,
cb57b26c7a46498e,kathleen.horton@colemanllc.com,Kathleen,Horton,Publishing rights manager,Kent Inc,New,Webinar,Non-Prospect,,2024-09-07,,False,,6,False,,,False,False,False,b05552fd87fa4635,
63071e9ccb414024,justin.mcdowell@scott-smith.com,Justin,Mcdowell,,"Mills, Meyer and Brooks",MQL,Web,End User,,2022-01-15,2024-11-27,False,,97,False,,,True,False,False,94b73736bf264df3,
a514749e001b48bf,jamie.brock@cox-moore.com,Jamie,Brock,Textile designer,Green-Herrera,Disqualified,Purchased List,,Manager,2022-01-15,,False,,286,False,,,False,False,False,7eb7ff56da0b4ab6,
1ef6a943f15a4fa2,annette.carr@sandersharri.com,Annette,Carr,"Surveyor, hydrographic",White-Hansen,Recycled,Event,Non-Prospect,Manager,2024-03-10,,False,,203,True,Competitor,2024-06-16,True,False,False,ed46b7e1981c4815,
431d0a0c11d043c5,timothy.hinton@cooperthornt.com,Timothy,Hinton,,"Hall, Logan and Avery",New,Web,Champion,Manager,2024-03-10,,False,,112,True,Personal Email,2024-08-11,False,False,False,252a4324713a470b,
9d034611f0f040d5,craig.romero@owen-mendez.com,Craig,Romero,Associate Professor,Price Ltd,Recycled,Referral,Technical Buyer,,2024-12-17,,False,,177,False,,,False,False,True,4fee80985b6b4992,
8770f28245aa438a,adam.davis@ruizplc.com,Adam,Davis,,Brown and Sons,Recycled,Content Syndication,Technical Buyer,Director,2023-06-01,,False,,298,False,,,False,True,False,0e4988a55dc842c0,
979d847f9df3430b,nathan.lynch@cruzjoyceand.com,Nathan,Lynch,,Dawson-Harper,New,Referral,Champion,,2023-06-01,,False,,253,False,,,False,False,False,edf3b7ee3da04803,
5990a2fec4cc42b4,sonya.wilkins@snydersmitha.com,Sonya,Wilkins,,Lee-Bowers,MQL,Partner,End User,,2024-03-10,2025-04-12,False,,206,False,,,False,False,False,,
93e7567f0cee4e15,emilyward@gmail.com,William,Hale,Academic librarian,Miller LLC,MQL,Web,,C-Level,2022-01-15,2024-11-21,False,,54,False,,,False,False,True,ce0cb12b559b414e,
1004b483a96940be,kimberly.gomez@sullivan-gon.com,Kimberly,Gomez,,"Padilla, Calhoun and Dunn",Recycled,Web,Economic Buyer,,2022-01-15,,False,,151,False,,,True,False,False,,
004214bb5f8c40b3,jessica.hansen@baileyrichmo.com,Jessica,Hansen,Trading standards officer,Gibson Group,Recycled,Web,,Director,2024-03-10,,False,,39,False,,,False,False,False,b2e6251e40dc4ba5,
cd4761af0b964500,bailey.green@hunter-hanse.com,Bailey,Green,Retail manager,Morgan-Wilson,MQL,Partner,,Manager,2024-03-10,2025-02-16,False,,188,False,,,False,True,False,10292fb10553429b,
1edf14321170400a,william.scott@liandrewsand.com,William,Scott,,"Webb, Sanchez and Morgan",New,Purchased List,Non-Prospect,,2023-06-01,,False,,142,False,,,False,True,False,5aa70c47cf8a4798,
3feb91ccfcfb451f,kimberly.maldonado@atkinsolsona.com,Kimberly,Maldonado,Museum/gallery exhibitions officer,"Kramer, Robinson and Haynes",MQL,Referral,Economic Buyer,Individual Contributor,2024-03-10,2024-12-11,False,,117,False,,,False,False,False,ec2eb3791de440bc,
0f13bd43e0934199,lauren.gutierrez@black-smith.com,Lauren,Gutierrez,General practice doctor,Mitchell Group,MQL,Content Syndication,Champion,,2025-02-25,2024-12-30,False,,178,False,,,False,False,True,c4fe7dd48ba24f76,
ca913f9d93f2438d,emily.nicholson@spencerandso.com,Emily,Nicholson,Publishing copy,Gomez-Shannon,MQL,Referral,End User,Individual Contributor,2024-03-10,2024-11-03,False,,217,False,,,False,False,True,,
2c5a4605bd6e42ad,diana.bates@larsoninc.com,Joseph,Valentine,Farm manager,"Allen, Baker and Perez",MQL,Content Syndication,Non-Prospect,Individual Contributor,2022-01-15,2024-12-06,False,,240,False,,,False,False,False,afbfd1b9e0074d37,
24363a7a83a645cb,mary.huff@moore-rodrig.com,Mary,Huff,Careers information officer,"Sosa, Vasquez and Smith",Attempted,Webinar,End User,,2024-03-10,,False,,232,True,Duplicate,2025-03-27,False,False,False,0a91cbe4c7254c84,
49bc6d7c3f6b4e3c,sales@watson-stewart.org,Mercedes,Rubio,,White-Duran,MQL,Purchased List,,VP,2022-01-15,2024-12-08,False,,244,False,,,False,True,False,bc212a4c068f41f4,
e1db793a5a4b4ea7,william.sanders@andersonfoxa.com,William,Sanders,,Shaw Group,MQL,Web,End User,,2023-06-01,2025-03-20,False,,158,False,,,False,True,False,844ccdc969e1457f,
791475e0883546ea,michelle.parsons@bray-wolfe.com,Michelle,Parsons,Psychiatrist,Norris-Smith,MQL,Event,CISO,C-Level,2022-01-15,2025-01-29,False,,161,False,,,False,False,False,be70e05cfc124515,
da0693eb3e6c434c,michael42@yahoo.com,Jason,Carpenter,Sports therapist,Young-Ruiz,Disqualified,Webinar,CISO,,2023-06-01,,False,,47,False,,,False,False,False,ea4ab61c9d99480e,
95a1b6484d0e4618,christie.diaz@coleman-barn.com,Christie,Diaz,,Dickerson-Ramirez,Recycled,Referral,End User,Manager,2023-06-01,,False,,198,False,,,False,False,False,afc81c8dac114849,
2cba52a9eda047eb,hector.anderson@parksolsenan.com,Hector,Anderson,Fashion designer,"Reynolds, James and Thomas",Disqualified,Purchased List,Economic Buyer,VP,2024-10-05,,False,,295,False,,,True,False,True,,
3906a92e5cb54c9e,susan.hernandez@thompsongrou.com,Susan,Hernandez,Contractor,"Holmes, Le and Floyd",MQL,Content Syndication,,Individual Contributor,2024-03-10,2025-02-16,False,,66,False,,,False,False,False,1b007d218bee4ed9,
29137dfc101045cc,kevin.hart@williamsgarc.com,Kevin,Hart,"Engineer, structural",Woods-Soto,New,Purchased List,Champion,Director,2024-03-10,,False,,148,False,,,False,True,False,7ebbcae9d3ed43de,
db885c5783cd493b,michael84@gmail.com,Shannon,Cook,,Jenkins LLC,Disqualified,Purchased List,,Manager,2024-03-10,,False,,162,False,,,False,False,False,0cb0103ae53c4325,
1586aa3ff3464303,sales@ray.net,Michelle,Mccarty,Ecologist,Kelly-Nunez,MQL,Partner,Non-Prospect,Manager,2023-06-01,2024-11-28,False,,220,False,,,False,True,False,,
8030f553788642f2,tony.doyle@jamesllc.com,Tony,Doyle,,"Frye, Oneill and Davidson",MQL,Web,Non-Prospect,Individual Contributor,2022-01-15,2025-04-10,False,,268,False,,,False,False,False,0a91cbe4c7254c84,
d2751f3831e24ea6,esweeney@yahoo.com,Sarah,Fisher,Cartographer,Cooper LLC,Disqualified,Event,Non-Prospect,,2023-06-01,,False,,292,False,,,True,False,False,0b184e0bbfcc4953,
7e8b319f662c463e,logan.carter@jacobs-foste.com,Logan,Carter,,Adkins-Meyer,MQL,Purchased List,Non-Prospect,Individual Contributor,2023-06-23,2025-01-03,False,,208,False,,,False,False,False,,
15625a93893e4af1,shannon.jackson@martinezands.com,Shannon,Jackson,Food technologist,"Haynes, Miller and Jackson",New,Content Syndication,End User,Individual Contributor,2022-01-15,,False,,97,False,,,False,False,False,8807040d699e4b2d,
ad84c0204e584177,bkelley@gmx.de,Dakota,Brown,Occupational psychologist,"Hubbard, Miller and Baker",New,Referral,Non-Prospect,Individual Contributor,2023-06-01,,False,,58,False,,,False,False,False,0311d7e9ccde4fe0,
45fd1c947fdc4893,eric.pena@parker-wrigh.com,Eric,Pena,,Sims-Anderson,Disqualified,Webinar,,Individual Contributor,2022-01-15,,False,,278,True,Competitor,2024-05-21,False,True,False,232dc6dccdcc4d58,
012b364fe95a48de,mary.johnson@kellyhermana.com,Mary,Johnson,,"Donovan, Dunn and Taylor",Attempted,Content Syndication,,Manager,2022-01-15,,False,,202,False,,,False,False,False,c9ce7785a3134d1b,
447d6d40fe6249da,stacy.ryan@harperwelcha.com,Stacy,Ryan,,Mills-Fowler,MQL,Event,Technical Buyer,Individual Contributor,2022-12-04,2025-04-24,False,,162,False,,,True,False,False,c008c318a3534a2e,
e2a4cb61e8b64fe8,lindaramos@mail.ru,Kyle,Reed,Medical secretary,Green-Torres,New,Partner,Economic Buyer,,2024-03-10,,False,,64,True,No Longer With Company,2024-07-11,True,False,False,121edb0c9ad44cf9,
f71eaa24903c4ee5,aaron.ochoa@coopergroup.com,Aaron,Ochoa,,Watts Group,MQL,Purchased List,Technical Buyer,,2024-03-10,2024-11-23,False,,195,False,,,False,False,True,,
895257919bd84a7e,stacey.woods@cannonllc.com,Stacey,Woods,"Therapist, speech and language",Robles PLC,Attempted,Web,,,2023-02-17,,False,,296,False,,,False,False,False,c178bf137e024fc3,
79bf4f1a087344db,kfoster@outlook.com,Nathaniel,Jenkins,Newspaper journalist,Walker-Miller,New,Web,,C-Level,2023-06-01,,False,,160,False,,,False,False,False,c9c058f29ef34563,
d8456bcecfc0474c,colleen.black@aguirrecohen.com,Colleen,Black,Ship broker,Gutierrez-Castaneda,New,Event,Champion,,2024-03-10,,False,,262,True,No Longer With Company,2025-01-29,False,True,True,d8a2981ef05a4db6,
45cedc53487047f7,ian.roberts@gibsonchavez.com,Ian,Roberts,Regulatory affairs officer,Flores and Sons,MQL,Content Syndication,Non-Prospect,,2023-06-01,2025-04-07,False,,253,False,,,False,False,False,440751f90ac74a98,
30a21ea6c80449df,brandon.nichols@comptonllc.com,Brandon,Nichols,Geophysical data processor,Espinoza Ltd,New,Event,Champion,Director,2023-06-01,,False,,139,False,,,False,False,False,,
0615c2dba0d3417d,alan.davis@snyderllc.com,Alan,Davis,,Floyd-Jimenez,MQL,Event,Economic Buyer,,2024-03-10,2024-11-16,False,,58,False,,,False,False,False,5aa70c47cf8a4798,
e862d96b8e3b4bdf,nathan.terry@riveraandson.com,Nathan,Terry,Banker,Rowe-Jones,MQL,Event,CISO,Director,2022-01-15,2025-01-01,False,,33,False,,,False,False,False,0cb0103ae53c4325,
54d51060159640ef,lisa01@yahoo.com,Theodore,Lee,Fish farm manager,Wise-Ramos,New,Event,Non-Prospect,Director,2024-03-10,,False,,252,False,,,False,False,True,ebf81ee0f13b4089,
1141c9b10211449e,gmoss@gmail.com,Joan,Johnson,"Scientist, research (life sciences)","Hendrix, Kennedy and Maldonado",MQL,Partner,,,2023-08-28,2025-01-17,False,,172,False,,,True,False,False,52a06ee62d294ee8,
c0876ce1d75b4dc3,larry.morris@chandlergarn.com,Larry,Morris,Community education officer,Olson-Evans,MQL,Event,,Individual Contributor,2024-03-10,2024-11-03,False,,62,False,,,False,False,False,,
b4375e9cdc7a45de,michael.williams@robinsonrodr.com,Michael,Williams,"Journalist, broadcasting",Jackson LLC,MQL,Content Syndication,Non-Prospect,,2023-06-01,2025-03-13,False,,275,False,,,False,False,False,76d78294fdb1416d,
4e6070afa8834b73,brenda.foster@smithinc.com,Brenda,Foster,Television camera operator,"Alvarez, Carlson and Watson",Qualified,Referral,,,2023-06-01,,False,,75,False,,,False,True,False,5845a531d9284083,
0b3eacce15174f2f,gandrews@libero.it,Christopher,Moore,Best boy,Kelly and Sons,MQL,Web,Champion,,2023-06-01,2024-12-09,False,,105,False,,,False,False,False,1e5548d07a324f62,
6bd5d8dce14d4bb6,jacqueline.moody@freemanllc.com,Jacqueline,Moody,,"Sherman, Trujillo and Gonzales",New,Purchased List,Champion,Manager,2022-05-15,,False,,258,False,,,False,False,False,cf56917738834ec9,
49eb06399cd747ff,james.norris@ramsey-king.com,James,Norris,,Mann-Hansen,MQL,Referral,Champion,,2024-03-10,2025-01-02,False,,235,False,,,False,False,False,bd680d58f3ee4049,
777e09dd87e74fa2,amy.henry@lopezbaileya.com,Amy,Henry,,"Rocha, Spencer and Jones",MQL,Referral,Technical Buyer,VP,2024-03-10,2025-02-20,False,,216,False,,,False,True,False,51fda49d72334d69,
0f16c8902c214f93,eric.phillips@weaver-gibso.com,Eric,Phillips,Risk manager,Gross-Andrade,Disqualified,Webinar,Champion,,2022-01-15,,False,,207,False,,,False,False,False,32feb33af3a14087,
f0533b8193504d0a,christine.diaz@allenleandba.com,Christine,Diaz,,Lee-Vega,New,Purchased List,Technical Buyer,,2022-01-15,,False,,122,False,,,False,False,False,,
c08dacf4872547f2,katie.moore@morris-david.com,Katie,Moore,,Mills Inc,Recycled,Partner,CISO,,2024-03-10,,False,,56,False,,,False,False,False,ab25cc7830cb4791,
11ade8e9031140a5,morganharris@hotmail.com,Bradley,Pace,,Garcia PLC,Disqualified,Partner,Champion,,2024-03-10,,False,,180,False,,,False,False,True,ad9e507474884f1b,
d6f4957eb98348f6,darlene.price@fox-miles.com,Darlene,Price,,Diaz PLC,Recycled,Webinar,End User,Director,2023-06-01,,False,,184,True,Bad Data,2025-03-17,False,False,False,2eb67b7f7bd9401b,
42aae2078e404876,jennifer.smith@riosinc.com,Jennifer,Smith,,"Brown, Grant and Hurley",MQL,Webinar,Non-Prospect,Director,2024-04-08,2024-11-08,False,,141,False,,,False,False,False,e2d578b8b4ae4c6f,
09bd947f1a20457f,colonjoseph@hotmail.com,Robert,Wood,Architect,"Jones, Torres and Blackburn",New,Web,Champion,Manager,2022-01-15,,False,,155,True,Duplicate,2024-07-08,False,False,False,75848e4543da43c0,
fdfcda404c1f485e,susan.davis@hallcruzandl.com,Susan,Davis,,"Garrett, White and Curry",MQL,Event,,,2024-12-20,2025-01-31,False,,287,False,,,False,False,False,2eb67b7f7bd9401b,
edf1db30438049ee,robert.garcia@raycraigandp.com,Robert,Garcia,Physiotherapist,Jackson and Sons,MQL,Webinar,Technical Buyer,,2024-03-10,2025-01-18,False,,154,False,,,False,True,False,595d261eba674196,
277c56e9c0bb43f1,andrea.wagner@mooremurillo.com,Andrea,Wagner,,Pierce-Shea,MQL,Content Syndication,,,2023-06-01,2024-11-21,False,,223,False,,,False,False,False,d827793334574da1,
223760ef07ad450b,spam_cluster@example.com,Megan,Gutierrez,Sports administrator,Brooks PLC,Attempted,Referral,,Director,2024-03-10,,False,,124,False,,,False,False,False,,
675f61e3a11f481a,sara.king@west-sanders.com,Sara,King,Animal nutritionist,Larson-Holmes,New,Referral,CISO,VP,2024-03-10,,False,,289,True,No Longer With Company,2024-05-04,True,False,False,b178b28f9f5743da,
f3390f16b44b49d9,tracey35@outlook.com,Victoria,Turner,Advertising copywriter,"Short, Ellison and Dixon",New,Referral,,,2024-03-10,,False,,248,False,,,False,False,True,,
3550247c5202407a,ashley.duncan@johnsonllc.com,Ashley,Duncan,"Designer, furniture",Baker PLC,New,Web,,,2022-01-15,,False,,224,False,,,False,False,False,,
42162a96461c4f0a,john.scott@davis-ross.com,John,Scott,"Engineer, water","Jones, Nguyen and Olson",New,Web,End User,VP,2023-06-01,,False,,54,False,,,False,False,False,,
ad839e91592e4cbb,tracy.nolan@johnstonvele.com,Tracy,Nolan,,Cross PLC,Attempted,Event,,Individual Contributor,2023-06-01,,False,,257,False,,,False,False,False,a0f23a77452b4664,
0e9d7910e78c4ab0,michael66@hotmail.com,Patrick,Deleon,Community arts worker,Adkins PLC,Qualified,Referral,Economic Buyer,Director,2024-03-10,,False,,259,True,Bad Data,2024-09-21,False,False,False,d827793334574da1,
8a1295d2fc8249b1,john.arnold@lee-greene.com,Sarah,Walters,,Fernandez-Hernandez,New,Purchased List,Technical Buyer,,2024-03-10,,False,,121,False,,,False,False,False,595d261eba674196,
fc975ee1dd75442b,wayne.walker@nunezgroup.com,Wayne,Walker,Product designer,"Johnston, Davis and Reynolds",Attempted,Content Syndication,,C-Level,2024-03-10,,False,,293,False,,,False,False,False,4883fd135cf34e68,
f1f808d2e39247e2,kristie.hernandez@miller-dunca.com,Kristie,Hernandez,Artist,"Ross, Miller and Shaw",MQL,Webinar,End User,Manager,2024-03-10,2025-03-26,False,,279,False,,,False,False,False,1114eee3178d4263,
937c92ae3a02407f,timothygonzalez@hotmail.com,Kim,Anderson,Nutritional therapist,"Duncan, Hoffman and Shea",Attempted,Web,End User,,2024-03-10,,False,,65,False,,,False,False,False,,
2c7e77e1daf0468c,tracy.nolan@johnstonvele.com,Alexandria,Allen,Teaching laboratory technician,Rodriguez Group,New,Purchased List,,Individual Contributor,2022-01-15,,False,,204,True,Personal Email,2024-11-29,False,False,False,475ce8a925de4fb3,
0712d3ab8ac149dc,alan.davis@snyderllc.com,Rodney,Bailey,,Huerta PLC,MQL,Referral,End User,C-Level,2024-12-01,2024-12-11,False,,31,False,,,False,False,False,15f83994f0344e83,
5edb0277ccfd46a1,support@thomas.com,Lorraine,Lang,Midwife,Todd Inc,New,Partner,End User,C-Level,2022-01-15,,False,,220,True,Competitor,2025-02-07,True,False,False,,
f803332fb9b94089,daniel.brown@mcintoshmelt.com,Daniel,Brown,"Administrator, education",Benson-Rodriguez,New,Event,Technical Buyer,Director,2023-06-01,,False,,188,False,,,False,False,False,1114eee3178d4263,
01bf1ceeaf464edd,jodylewis@gmail.com,Shannon,Johnson,,"Christensen, Dunn and Dean",Disqualified,Content Syndication,Non-Prospect,C-Level,2025-03-02,,False,,144,False,,,True,True,False,af7b2cc79182453f,
632bf1944ef540f3,bennettrebecca@outlook.com,Victoria,Neal,,Scott Inc,Disqualified,Content Syndication,Economic Buyer,,2024-03-10,,False,,282,False,,,False,False,False,b3341cbdfd8d43b0,
c34be6121a1343be,justin.mccormick@nelsonmarsha.com,Justin,Mccormick,,Guerrero-Alvarado,Qualified,Purchased List,,Individual Contributor,2022-01-15,,False,,72,False,,,False,False,False,40c2eda23c4f427f,
ec09a94996f94fa7,roberta.ward@smithltd.com,Roberta,Ward,,Whitney PLC,MQL,Webinar,CISO,Director,2024-11-30,2024-11-25,False,,227,False,,,False,True,False,f4ceb9ab147a4a93,
a91ebc03bcf94e80,tiffany.garcia@washington-h.com,Tiffany,Garcia,Chartered management accountant,Gonzalez Group,Disqualified,Partner,,,2023-06-01,,False,,222,False,,,False,False,False,99775319017f4b55,
4260cf476a5044d1,ann.marquez@wrightplc.com,Ann,Marquez,Industrial/product designer,Burns-Garner,New,Partner,Non-Prospect,Manager,2022-08-26,,False,,239,False,,,False,False,False,,
046a929b19964d19,andrew.sutton@garrett-youn.com,Andrew,Sutton,,Cain-Garrett,MQL,Content Syndication,Technical Buyer,,2023-06-01,2025-02-25,False,,63,False,,,False,False,False,4a3dce0bed0b45e5,
8c46ec1eba674e24,natasha.zamora@raymondllc.com,Natasha,Zamora,Equality and diversity officer,Peterson Group,New,Partner,,,2024-03-10,,False,,32,False,,,True,False,False,0a91cbe4c7254c84,
7a1fca6565744cd6,diane.miller@meyer-gregor.com,Diane,Miller,Ergonomist,Allen-Hernandez,Disqualified,Content Syndication,,Individual Contributor,2022-01-15,,False,,132,False,,,False,False,False,ab25cc7830cb4791,
f380eb61c2ad420b,tara.browning@cole-anderso.com,Tara,Browning,,"Weaver, Mcbride and Huffman",New,Purchased List,,VP,2022-01-15,,False,,144,False,,,False,True,False,12a6d3994df441be,
1c958a482e9641b4,kyle.thornton@browningjord.com,Kyle,Thornton,Dance movement psychotherapist,"Fitzpatrick, Stark and Stewart",MQL,Event,Economic Buyer,,2022-01-15,2024-11-26,False,,260,False,,,False,False,False,10292fb10553429b,
6fc7af1570014c5d,angela.fry@whiteandsons.com,Angela,Fry,Air traffic controller,Beard-Gutierrez,Qualified,Webinar,Champion,VP,2023-12-29,,False,,62,False,,,False,False,False,ca94fa518e714acd,
ddb613f1449b4ace,robert.ramos@mahoneyhilla.com,Robert,Ramos,Clinical biochemist,Lopez PLC,New,Content Syndication,,,2023-06-01,,False,,209,False,,,True,False,False,b8c780bd69464ed4,
9cc443a34aae4d79,spam_cluster@example.com,Christina,Obrien,,Miller-Chan,Attempted,Event,Champion,Manager,2023-11-17,,False,,146,False,,,False,False,False,,
4711ab279fd6463a,dennis.mathis@joseph-brook.com,Dennis,Mathis,Naval architect,Wells-Martin,Disqualified,Purchased List,Champion,Individual Contributor,2023-06-01,,False,,12,False,,,True,False,False,,
bab60e41a9294f16,jeremy.ortiz@schaefergrou.com,Jeremy,Ortiz,Environmental education officer,"Powers, Harris and Harris",Disqualified,Purchased List,Economic Buyer,Manager,2023-05-13,,False,,181,False,,,False,True,False,b0f594e2e75947f9,
942a0273f9014c6f,fcamacho@libero.it,Gregory,Blevins,"Journalist, broadcasting",Clay-Patterson,Attempted,Web,,VP,2022-01-15,,False,,143,False,,,False,False,False,295c66745123441e,
b6b05648d6bb438d,kimberly.franklin@cortez-long.com,Kimberly,Franklin,,"Herrera, Davidson and Padilla",MQL,Content Syndication,End User,Individual Contributor,2022-01-15,2025-03-08,False,,160,False,,,False,False,False,fa9639ba24c74b7c,
f0ed3fc2bb1d4428,info@wilcox-williams.com,Benjamin,Rodriguez,"Scientist, physiological","Foster, Moss and Grant",MQL,Event,Economic Buyer,Director,2023-09-09,2025-03-09,False,,20,False,,,False,False,False,8c1fc9cab9544c54,
d16d1ef257264313,zachary.mccoy@leegroup.com,Zachary,Mccoy,Occupational therapist,Ayala-Mitchell,New,Event,Non-Prospect,,2022-11-10,,False,,61,False,,,False,False,False,61c8be67926f4313,
1a93e516d575417f,vaughnrebecca@gmail.com,Garrett,Phillips,"Psychologist, educational","Hayes, Sharp and Wilson",MQL,Webinar,,,2024-03-10,2024-11-20,False,,161,False,,,False,False,True,209bb6e2f63a425d,
5c940c36c3f04d54,kimberly.pace@paynelongand.com,Kimberly,Pace,,Chavez Ltd,MQL,Content Syndication,Technical Buyer,Individual Contributor,2022-01-15,2025-01-24,False,,240,False,,,False,False,False,edf3b7ee3da04803,
69a38cd513434aab,paula.khan@wrightltd.com,Paula,Khan,,"Quinn, Davis and Mccarthy",Qualified,Event,,Manager,2023-06-01,,False,,298,False,,,True,False,False,af7b2cc79182453f,
24633722aaf444af,michael.love@guerrerogrou.com,Cynthia,Miller,"Designer, jewellery",Pierce-Williams,MQL,Webinar,End User,Individual Contributor,2024-03-10,2025-03-05,False,,147,False,,,True,False,False,94b73736bf264df3,
1edf1a3d8a8f48ac,perryrandy@gmail.com,George,Rogers,,Parker-Cross,Qualified,Purchased List,Technical Buyer,,2023-06-01,,False,,209,False,,,True,False,False,b05552fd87fa4635,
649cebe977a74fea,davidanderson@hotmail.com,Susan,Roberts,"Engineer, electrical",Dean LLC,New,Referral,,,2022-01-15,,False,,56,False,,,False,False,False,55eea98f2b024175,
84ad417ece39491b,alexander.jimenez@stephens-smi.com,Alexander,Jimenez,"Research officer, political party",Robinson Ltd,MQL,Event,Non-Prospect,Individual Contributor,2023-06-01,2025-04-18,False,,80,False,,,False,False,False,03957adc73dd40f8,
9164fa454f634cf7,thomas.ortiz@burkeinc.com,Thomas,Ortiz,,"Ramirez, Fuller and Wilkins",MQL,Web,,Manager,2022-01-15,2025-01-19,False,,12,False,,,False,True,False,b05552fd87fa4635,
411f48eeea59416b,delgadobenjamin@hotmail.com,Jared,Lopez,,"Lane, Morrison and Rivera",MQL,Event,Technical Buyer,,2024-10-27,2025-01-14,False,,77,False,,,True,False,False,b2b8bf0559484bc7,
07d629b3114d4819,christopher.rodriguez@martinllc.com,Christopher,Rodriguez,Tree surgeon,"Holt, Larson and Cobb",Disqualified,Referral,End User,Manager,2022-01-15,,False,,208,False,,,False,False,False,a38c0a4809fd493d,
43d6f7cee8624aad,gregory.gibson@wardjohnsona.com,Gregory,Gibson,,Merritt-Wilkins,New,Event,CISO,Manager,2022-01-15,,False,,159,False,,,False,False,False,121edb0c9ad44cf9,
e4f74a67044a4279,carterdennis@yahoo.com,Katherine,Bridges,Haematologist,Rose-Warren,Disqualified,Partner,End User,VP,2023-06-01,,False,,208,False,,,False,True,False,252a4324713a470b,
d34a3718faaa4250,heather.salazar@duncanltd.com,Heather,Salazar,,Webb Ltd,MQL,Event,Economic Buyer,Director,2024-03-10,2025-04-04,False,,6,False,,,False,True,False,,
42d93ac1ab504bbb,ronald54@outlook.com,Cassandra,French,Secondary school teacher,"Carney, Gomez and Anderson",MQL,Referral,,,2024-03-10,2025-02-14,False,,138,False,,,True,False,False,55eea98f2b024175,
f4960ccba2514315,anna.stone@jimenezmorto.com,Anna,Stone,,"Roberts, Lee and Wilson",New,Purchased List,Technical Buyer,Director,2023-06-01,,False,,69,False,,,False,False,False,3bfa3e65fc0044d5,
fcc5a2c2ac4d4aea,steven.robles@charlesmarsh.com,Steven,Robles,Patent attorney,Cook PLC,MQL,Event,Economic Buyer,C-Level,2023-06-01,2024-11-22,False,,286,False,,,False,False,False,934a566d86104271,
96f10c050d374afb,linda.lewis@harriscampbe.com,Linda,Lewis,,Hunter-Nguyen,Disqualified,Referral,End User,,2023-06-01,,False,,143,False,,,True,False,False,,
bf008e0a7be44b4c,support@foster-carroll.com,Adam,Jennings,,Rivera LLC,MQL,Content Syndication,Economic Buyer,Individual Contributor,2023-06-01,2025-03-02,False,,75,False,,,False,True,False,f1bb53af63424868,
15050558075d4378,probles@outlook.com,Sandra,Mendoza,Copy,Moore-Murray,Disqualified,Partner,Non-Prospect,,2023-06-01,,False,,159,True,Personal Email,2024-09-12,False,False,False,fd4c6872a5bd46e2,
2b51f0c72b2c4350,michelle.huang@bowers-gutie.com,Michelle,Huang,Banker,"Evans, Hardy and Stewart",Disqualified,Event,Technical Buyer,,2024-03-10,,False,,187,False,,,False,False,True,b05552fd87fa4635,
7a454575c5064e1f,lauren51@gmail.com,Amanda,Clark,Database administrator,Pittman-Morgan,MQL,Web,End User,VP,2023-06-01,2024-12-01,False,,129,False,,,False,True,False,88123fd214dc4799,
1840dd8fbe094904,nicholas.ferguson@duncangroup.com,Nicholas,Ferguson,"Embryologist, clinical","Wilson, Patton and Parker",Disqualified,Web,,Individual Contributor,2024-03-10,,False,,242,False,,,False,False,False,540e52a761d74268,
17c848de5624434e,robert73@gmail.com,Michaela,Mckinney,Meteorologist,Gallegos-Turner,Disqualified,Partner,Champion,,2022-01-15,,False,,99,False,,,False,False,False,,
791d216dd5be432d,alicia.thompson@glover-stric.com,Alicia,Thompson,Chief Executive Officer,Hunter-Lloyd,New,Referral,,Individual Contributor,2024-03-10,,False,,75,False,,,True,False,False,442af661ffb94595,
2915d5054e8a4b3e,rebecca.moore@mclean-oconn.com,Rebecca,Moore,,Rowe-Thomas,MQL,Web,,Individual Contributor,2023-06-01,2024-12-06,False,,45,False,,,False,True,False,16c030bda2c84e26,
393dc7a7de064117,monica.short@rhodesanders.com,Monica,Short,,Reeves-Boyd,New,Event,Champion,Individual Contributor,2022-01-15,,False,,67,False,,,False,False,False,41aad464896e418d,
65bed7b292d34060,contact@charles.com,Adam,Randolph,,"Miranda, Reese and Johnson",Attempted,Event,Economic Buyer,,2023-06-01,,False,,87,False,,,False,False,False,c494e2d9b4f44771,
a7a11a05ef1f4a92,john.scott@davis-ross.com,Katherine,Fowler,Historic buildings inspector/conservation officer,Patel-Mejia,MQL,Event,Economic Buyer,,2023-09-29,2025-03-08,False,,59,False,,,False,False,True,121edb0c9ad44cf9,
09a59d5417214a95,emily.nelson@hillinc.com,Emily,Nelson,,"Palmer, Clark and Bell",MQL,Partner,Technical Buyer,Individual Contributor,2023-06-01,2024-12-30,False,,183,False,,,False,False,False,daf12e4e24a74a55,
2c4144adf70c4fd2,spam_cluster@example.com,Lucas,Thomas,,"Mcclain, Fernandez and Williams",Recycled,Referral,Non-Prospect,Individual Contributor,2023-06-01,,False,,153,False,,,False,False,False,ea4ab61c9d99480e,
44d526b4ff1f47d2,anthony.berger@rodriguezinc.com,Anthony,Berger,Chartered legal executive (England and Wales),Myers-Bush,MQL,Event,Non-Prospect,,2022-01-15,2025-02-13,False,,101,False,,,False,False,False,7ebbcae9d3ed43de,
5c9a7261ec164816,patricia.soto@lyonsjensena.com,Patricia,Soto,,"Chang, Lamb and Miller",Disqualified,Event,,VP,2023-06-01,,False,,94,False,,,False,False,False,f4ceb9ab147a4a93,
f38eed6887ab4e13,sandra.duran@andersonhess.com,Sandra,Duran,Psychotherapist,Bryant Ltd,New,Partner,,,2024-03-10,,False,,49,False,,,False,False,False,fd4c6872a5bd46e2,
2ed601eea0ed40b2,deanna.miranda@hall-walker.com,Deanna,Miranda,Warehouse manager,Durham-Myers,New,Event,Technical Buyer,Individual Contributor,2024-03-10,,False,,0,True,Personal Email,2024-12-31,False,False,False,99e324fd84e444ea,
0d9e70e6a3a74c85,holly.ortega@chavez-johns.com,Holly,Ortega,Public relations officer,Bell Group,MQL,Purchased List,,,2023-06-01,2024-12-28,False,,83,False,,,True,False,False,fb1930ad7d2042b7,
45b448c1414b4586,cassandra28@yahoo.com,Megan,Campbell,"Civil engineer, contracting",Roth-Robles,MQL,Webinar,Technical Buyer,Individual Contributor,2024-03-10,2025-01-04,False,,216,False,,,True,False,False,2214cc99c6874f4a,
832e43ecb7c2469c,mark.banks@patel-morale.com,Mark,Banks,,Oliver PLC,MQL,Webinar,Champion,Manager,2024-03-10,2025-03-16,False,,40,False,,,False,False,False,ce0cb12b559b414e,
2b7e33670caa4a32,erik.olson@petersonltd.com,Erik,Olson,"Therapist, art",Mueller-Graham,Attempted,Purchased List,Technical Buyer,Individual Contributor,2022-01-15,,False,,12,True,Personal Email,2024-09-24,False,False,False,0fce65eaa1234650,
157ef23d4ced4dfe,gilbertcaldwell@yahoo.com,Kristin,Stephens,"Teacher, secondary school",Wilson-Carlson,MQL,Partner,Champion,,2024-03-10,2025-03-24,False,,234,False,,,False,False,False,5e8f0b6a8c314397,
e912041a2dba4f56,mark.davis@thompson-bla.com,Mark,Davis,,"Rodriguez, Cervantes and Wise",Qualified,Web,End User,,2024-03-10,,False,,205,True,Personal Email,2025-02-20,False,False,False,afbfd1b9e0074d37,
b9e315916c8f490f,nicholas.snyder@brownrobinso.com,Nicholas,Snyder,,"Pacheco, Sherman and Guerrero",New,Event,,,2022-01-15,,False,,95,False,,,False,False,False,,
34a5e532419647da,shawn.carter@lanegonzalez.com,Shawn,Carter,Investment analyst,Hudson-Gentry,MQL,Referral,Technical Buyer,C-Level,2024-03-10,2025-03-05,False,,147,False,,,False,False,False,876f1bb8e2924b75,
c8aa684b4b91468e,kevin.harding@robbins-herm.com,Kevin,Harding,Chartered public finance accountant,"Smith, Downs and Powell",Recycled,Webinar,Champion,Manager,2023-06-01,,False,,130,False,,,False,False,False,4a3dce0bed0b45e5,
bb5d1c5f27f54a20,david.phillips@santana-faul.com,David,Phillips,Academic librarian,"Castro, Irwin and Rodriguez",Attempted,Event,,Individual Contributor,2023-06-01,,False,,11,True,Personal Email,2025-01-06,False,False,False,fa9639ba24c74b7c,
fc471e4b437c4b3e,julian.johnson@park-long.com,Julian,Johnson,"Investment banker, corporate","Reyes, James and Gardner",MQL,Referral,,,2022-01-15,2025-03-21,False,,281,False,,,False,False,False,99e324fd84e444ea,
4ab7078284f94e9d,elaine.wells@petersllc.com,Elaine,Wells,,Roberts Ltd,New,Partner,End User,Individual Contributor,2024-03-10,,False,,230,False,,,False,False,False,0fce65eaa1234650,
902341ff82c44e28,david.smith@smithgriffit.com,David,Smith,Press sub,Miller Ltd,MQL,Web,,Individual Contributor,2022-12-13,2025-04-23,False,,41,False,,,False,False,False,6c632017f5da412d,
abe498bbd0004266,linda.dalton@munozsimmons.com,Linda,Dalton,,Arnold-Cole,New,Content Syndication,Technical Buyer,,2024-03-10,,False,,122,False,,,False,False,False,10292fb10553429b,
82d044f2be824dba,michael.lopez@smithjimenez.com,Michael,Lopez,Retail banker,Jenkins-Payne,Disqualified,Web,Non-Prospect,C-Level,2023-06-01,,False,,169,False,,,False,True,False,0000024fcc2d43e2,
e9db4c96d9b4486a,hbush@gmx.de,Michael,Good,Telecommunications researcher,Nixon-Miller,Disqualified,Content Syndication,Non-Prospect,C-Level,2024-11-08,,False,,273,False,,,False,False,False,9ca6086ecb6a4ce0,
00258b75677a4282,steven18@gmx.de,Jessica,Fox,Travel agency manager,Sanchez Ltd,MQL,Event,End User,C-Level,2022-01-15,2025-02-22,False,,86,False,,,False,False,False,3ea7d8229ce34bc1,
09d6d030269940ea,suttonamber@gmx.de,Judith,Horne,TEFL teacher,Austin-Berger,MQL,Referral,,,2023-06-01,2025-01-07,False,,140,False,,,False,False,False,,
deeddd9bfe104ab2,sales@hunt-harrison.com,Amanda,Smith,"Pharmacist, community",Yu-Yates,New,Event,,,2023-06-01,,False,,149,False,,,True,False,False,12025383a1cb4224,
9535d18286d9449f,jessica94@libero.it,Keith,Johnson,"Biochemist, clinical","Kennedy, Jackson and Williams",Disqualified,Purchased List,,Director,2024-03-10,,False,,193,False,,,False,False,False,a89c906141864d2f,
4da81b34652a48ac,veronica.lamb@johnsonwashi.com,Veronica,Lamb,Camera operator,King-Gilbert,Disqualified,Content Syndication,,,2023-06-01,,False,,6,False,,,False,False,False,d827793334574da1,
c46382fd6f214817,joshua.scott@rodrigueztho.com,Joshua,Scott,Dentist,"Griffin, Morton and Green",Qualified,Event,,,2024-03-10,,False,,131,False,,,True,False,False,7d8d7fc6ccc4471b,
7c400e5860724c83,jaclyn.washington@atkinscooper.com,Jaclyn,Washington,Dance movement psychotherapist,"Peck, Moore and Crawford",New,Partner,,,2024-03-10,,False,,244,True,No Longer With Company,2025-03-01,False,False,False,e883696d459b4467,
ff6d7fc108cd459f,victoria.townsend@guerreroltd.com,Victoria,Townsend,Diplomatic Services operational officer,Lane LLC,Attempted,Web,,,2023-06-01,,False,,99,False,,,False,True,False,bf1e4608d7904f64,
381266fe5481476d,brian.baker@williamsgrou.com,Brian,Baker,Oceanographer,Turner-Reese,MQL,Event,,,2024-03-10,2024-12-15,False,,158,False,,,False,False,False,c178bf137e024fc3,
6903ba36d47e4082,morganmatthew@yahoo.com,Karen,Patel,Garment/textile technologist,Moreno Group,New,Partner,Technical Buyer,,2023-06-01,,False,,55,False,,,False,False,False,c6ac99ebfd304307,
de87bda1458f4d51,alexander.ho@reyes-stewar.com,Alexander,Ho,Senior tax professional/tax inspector,"Blanchard, Davis and Schmidt",New,Partner,,Manager,2023-06-01,,False,,213,False,,,True,False,False,252a4324713a470b,
f9f1519998c1481f,michael.richard@hullgarrison.com,Michael,Richard,"Geologist, engineering",Scott PLC,New,Webinar,,Individual Contributor,2024-03-10,,False,,233,True,Bad Data,2025-03-04,False,False,False,ab25cc7830cb4791,
764f8734eb3b4ba7,peter.mejia@allenpowersa.com,Peter,Mejia,"Scientist, product/process development",Byrd-Kaiser,Recycled,Web,,Director,2022-01-15,,False,,245,False,,,False,True,False,6325df2ef5104f7e,
4b15b313ad354856,support@decker.biz,Lawrence,Smith,Chief Technology Officer,"Garcia, Griffin and Robinson",Disqualified,Purchased List,Economic Buyer,,2022-01-15,,False,,68,False,,,False,False,False,15f83994f0344e83,
583582279caf41f4,justin.lee@harveyinc.com,Justin,Lee,"Therapist, music","Shannon, Robinson and Greene",MQL,Content Syndication,End User,Manager,2024-03-10,2024-12-16,False,,34,False,,,False,False,False,8a4c192396b94fd1,
859d9c0b210a43d9,david.rosario@gatesandsons.com,David,Rosario,Mining engineer,"Gallagher, Wong and Pratt",MQL,Purchased List,Economic Buyer,,2023-06-01,2025-02-23,False,,61,False,,,False,False,True,689303a6de3c4130,
05172afb032f47b0,jack.rodriguez@kinggroup.com,Jack,Rodriguez,Call centre manager,"Chavez, Carney and Hammond",Attempted,Web,,Individual Contributor,2022-06-04,,False,,34,False,,,False,False,False,,
6e49bff651674ad2,heather.contreras@scott-norman.com,Heather,Contreras,Health and safety inspector,Reyes LLC,Attempted,Purchased List,End User,VP,2024-11-03,,False,,77,False,,,False,False,False,15f83994f0344e83,
dfe096d7499543b6,wendy.scott@thompson-jon.com,Wendy,Scott,"Engineer, control and instrumentation","Long, Brewer and Rodriguez",MQL,Partner,Champion,,2023-06-01,2025-02-07,False,,167,False,,,False,False,False,b3341cbdfd8d43b0,
4129ec11788a481e,joseph.thomas@hamiltongrou.com,Amber,Reynolds,,Jones PLC,MQL,Content Syndication,End User,Individual Contributor,2023-06-01,2024-12-15,False,,276,False,,,False,False,False,52a06ee62d294ee8,
4197b3f2c1284376,jessica.waters@mosleyandson.com,Jessica,Waters,Academic librarian,Ortega LLC,MQL,Event,,VP,2023-04-05,2025-01-08,False,,106,False,,,True,False,True,94b73736bf264df3,
c0f464bef0f940f5,spam_cluster@example.com,Edward,Rivera,Recycling officer,Graham-Anthony,New,Web,Economic Buyer,,2022-01-15,,False,,107,False,,,False,False,False,333bd94553c8466a,
086e9c8927ef422a,kimberly.floyd@perezcruzand.com,Kimberly,Floyd,Race relations officer,Bradley LLC,New,Webinar,,Manager,2023-06-01,,False,,199,False,,,False,False,True,ab25cc7830cb4791,
a9c755f9b410472d,mathew.turner@chenltd.com,Mathew,Turner,Chemical engineer,Nichols-Woodward,MQL,Referral,CISO,,2023-06-01,2025-03-08,False,,212,False,,,False,False,False,7834506c04fd4abd,
6170d8cc4769436f,christopher.stevens@holland-thom.com,Christopher,Stevens,Archaeologist,Guerrero-Evans,MQL,Purchased List,End User,VP,2023-06-01,2024-11-21,False,,14,False,,,False,False,False,,
f6cc166acabe4d35,peter.rodriguez@howardmiller.com,Peter,Rodriguez,Energy manager,Johnson Inc,Disqualified,Referral,Non-Prospect,Individual Contributor,2024-03-10,,False,,57,True,Competitor,2024-10-05,False,True,False,1c2c7771838d4403,
be4f6beacac74cef,yprice@rediffmail.com,Jennifer,Watkins,,"Parker, Ferguson and Flowers",MQL,Partner,End User,C-Level,2024-03-10,2024-11-24,False,,292,False,,,False,True,False,77ad07a1315c47a3,
b2e37206348d4ae4,morganmatthew@yahoo.com,Shannon,Forbes,Archivist,Wilson-Roman,New,Purchased List,,VP,2023-06-01,,False,,264,False,,,False,False,False,252a4324713a470b,
ef35d8ac13c74194,joycehall@gmail.com,Elizabeth,Ellis,Building surveyor,Moss Group,MQL,Event,Technical Buyer,Individual Contributor,2022-01-15,2025-04-22,False,,5,False,,,False,False,False,a38c0a4809fd493d,
ba094cc19d8d4be5,desiree.ruiz@williamshayn.com,Desiree,Ruiz,,"Williams, Parker and Leon",MQL,Purchased List,End User,,2022-01-15,2024-12-20,False,,130,False,,,False,False,False,a89c906141864d2f,
11c5396e579e41ed,stephen.jackson@brownrothand.com,Stephen,Jackson,"Therapist, nutritional","Walker, Brock and Simmons",MQL,Referral,,,2024-03-10,2025-01-03,False,,64,False,,,False,False,False,2dd397a157a7457b,
c9374fa4bc4e48c2,rnguyen@libero.it,Lisa,Hendrix,,"Taylor, Copeland and Mcguire",New,Referral,CISO,Manager,2024-03-10,,False,,268,True,No Longer With Company,2024-07-06,False,False,False,ed46b7e1981c4815,
3c4923305a2a4efe,kathryn.watkins@brown-hill.com,Kathryn,Watkins,,Horton PLC,Disqualified,Purchased List,Technical Buyer,Individual Contributor,2024-05-25,,False,,205,False,,,False,False,True,31bba107f3a64f50,
bb99a4618f3c4fef,frederick.sanchez@williamsgarc.com,Frederick,Sanchez,Video editor,Strickland-Smith,New,Event,,C-Level,2024-03-10,,False,,124,True,Bad Data,2025-01-20,True,False,False,0000024fcc2d43e2,
2d3fd2cbc31f4adc,tony.smith@howeltd.com,Tony,Smith,"Therapist, horticultural",Butler-Aguirre,MQL,Webinar,,,2024-03-10,2025-01-07,False,,60,False,,,True,False,False,,
f9d9172b1dd7474b,kendra.schwartz@thomasllc.com,Kendra,Schwartz,"Scientist, research (medical)",Jenkins-Hurley,Qualified,Partner,Technical Buyer,Individual Contributor,2024-03-10,,False,,238,False,,,True,False,False,8ad0d1c6bd6144a3,
53e519d851d347c7,contact@love.com,Cheryl,Johnson,Illustrator,Barnes-Grant,New,Referral,Technical Buyer,VP,2024-03-10,,False,,143,False,,,False,False,False,6c632017f5da412d,
a12b60070559498f,james.downs@montgomerypl.com,James,Downs,"Runner, broadcasting/film/video",Marshall Ltd,MQL,Referral,,,2024-03-10,2025-01-09,False,,249,False,,,False,True,False,e6ea48b0cba94404,
216a4b712cc24f83,donna.hill@rodriguezand.com,Donna,Hill,Public relations account executive,Thompson-Santiago,Disqualified,Partner,,VP,2022-01-15,,False,,201,False,,,False,False,False,e2d578b8b4ae4c6f,
1213ba82d7cf4765,jason45@outlook.com,Bradley,Newman,Warehouse manager,Williams-Yang,Qualified,Content Syndication,,Manager,2022-01-15,,False,,233,True,No Longer With Company,2025-02-10,False,False,True,fc2523a6d56548e9,
88b7fadc92a046da,contact@washington.com,Sara,Thompson,Farm manager,"Wallace, Riley and Barnes",Qualified,Webinar,Technical Buyer,C-Level,2022-01-15,,False,,88,False,,,False,False,False,2eb67b7f7bd9401b,
b3f09a8fc0b340fd,julie.villanueva@maxwellllc.com,Julie,Villanueva,Estate agent,Young Group,Recycled,Content Syndication,,Director,2024-03-10,,False,,172,False,,,False,False,False,bdd89c0f129a4920,
ed11359719184edd,molly.bennett@jonesplc.com,Molly,Bennett,Radio producer,Zamora and Sons,Attempted,Purchased List,Non-Prospect,,2023-06-01,,False,,207,False,,,False,False,True,cd5d7d18041a4161,
ab15bd51465a4de6,paultaylor@gmail.com,Javier,Lynch,"Engineer, biomedical","Howard, Nelson and Rogers",New,Webinar,Economic Buyer,Individual Contributor,2022-01-15,,False,,114,False,,,True,False,True,77ad07a1315c47a3,
5333c58ec0f9489d,antonio.carroll@taylor-york.com,Antonio,Carroll,Proofreader,Jackson-Cooper,New,Partner,,Individual Contributor,2024-03-10,,False,,198,True,Duplicate,2024-07-10,False,False,False,a0f23a77452b4664,
b6b6af03334a45e1,olivia.munoz@cisneroswhit.com,Olivia,Munoz,Surgeon,Miller PLC,MQL,Partner,Economic Buyer,,2024-06-30,2024-11-02,False,,259,False,,,False,False,False,e883696d459b4467,
d710b08c351a4edb,rhood@yahoo.com,Tracy,Forbes,"Administrator, education","Patterson, Salas and Wright",Disqualified,Purchased List,,Individual Contributor,2024-03-10,,False,,11,False,,,False,True,False,3a672abbc554408c,
ab96b38464ec4528,ryan.walker@shahmcintyre.com,Ryan,Walker,Pensions consultant,Williams Group,Qualified,Content Syndication,Technical Buyer,C-Level,2025-02-04,,False,,110,False,,,False,False,False,0ae9b66c84764902,
daeec39b83a04b33,vp.security@targetcorp.com,Sarah,Chen,VP of Security,TargetCorp,MQL,Webinar,CISO,VP,2024-07-17,2025-04-20,False,,245,False,,,False,False,False,15074f19aba6405e,persona_1_vp_security_recent
8b138678d0164775,ciso.stale@bigbank.com,Michael,Torres,CISO,BigBank,Attempted,Event,CISO,VP,2023-10-29,2024-07-10,False,,180,False,,,False,False,False,15074f19aba6405e,persona_2_stale_engagement
974e60a7e90c41ab,j.analyst@startup.io,Priya,Sharma,Security Analyst,StartupIO,New,Content Syndication,End User,Individual Contributor,2025-03-17,,False,,35,False,,,False,False,False,8ac96def092b4ded,persona_3_junior_high_activity
6ec60a7043514057,ciso@fortune500.com,David,Okafor,Chief Information Security Officer,Fortune500Corp,New,Purchased List,CISO,C-Level,2025-02-20,,False,,0,False,,,False,False,False,68084facbf064402,persona_4_ciso_no_engagement
ff0991d8ac8c4217,spy@competitorcorp.com,Alex,Rival,Product Manager,CompetitorCorp,MQL,Webinar,Non-Prospect,Manager,2024-11-27,2025-04-02,False,,200,True,Competitor,2025-04-17,False,False,False,,persona_5_competitor
7b19df702b264467,bounced.user@oldcompany.com,Lisa,Park,IT Manager,OldCompany,Attempted,Event,Technical Buyer,Manager,2024-07-05,2025-04-25,False,,90,False,,,True,True,False,e0b54a72a3144e3d,persona_6_bounced_but_engaged
5dc4173891894cbd,recycled.prospect@cycler.com,James,Walker,VP Engineering,CyclerInc,MQL,Web,Technical Buyer,VP,2023-05-16,2025-04-15,False,,160,False,,,False,False,False,f217124e9bd44a95,persona_9_recycled_bouncer
0307f38393e94602,broken.link@splitdata.com,Tom,Brokenlink,Director of IT,SplitData Corp,MQL,Webinar,Technical Buyer,Director,2024-02-29,2025-04-01,True,,140,False,,,False,False,False,ad9e507474884f1b,persona_7_broken_link_lead
6cd7e58c426348f0,automation.victim@drip.com,Carlos,Mendez,IT Analyst,DripTarget Inc,Attempted,Email,End User,Individual Contributor,2024-10-02,2025-02-09,False,,110,False,,,False,False,False,252a4324713a470b,persona_8_automation_inflated
