entity_id,entity_type,first_name,last_name,email,email_type,title,job_persona,job_level,company,lead_status,readiness_score,priority_tier,is_actionable,score_recency,score_quality,score_profile,score_account,real_engagements,total_engagements,auto_share,days_since_last,recent_30d,recent_90d,webinar_attended,event_attended,content_responded,engagement_quality_avg,burst_score,account_id,is_icp_qualified,is_named_account,intent_score,employee_count,industry,mkto_score,mkto_score_normalized,mql_date,is_mql,dq_flags,flag_count,has_opted_out,email_bounced,no_longer_with_company,is_disqualified,dq_reason,score_explanation,_archetype,rank
f9764d7182164086,lead,Allen,Noble,allen.noble@alexanderinc.com,corporate,Phytotherapist,Technical Buyer,,,MQL,92.4,High,True,100.0,100.0,72.0,90.0,17,45,0.622,5,4,7,2,3,0,0.656,0.235,295c66745123441e,True,True,80.0,1943.0,Financial Services,157,52.33333333333333,2024-11-02,True,EMAIL_BOUNCED,1,False,True,False,False,,engaged in last 7 days | attended 2 webinar(s) | attended 3 event(s) | nan Technical Buyer | named target account | ICP-qualified account | high intent score (80) | flags: EMAIL_BOUNCED,,1
5f307750e263417d,lead,Lee,Doyle,jamesweber@yahoo.com,free_email,,,C-Level,,MQL,90.0,High,True,100.0,100.0,60.0,90.0,16,35,0.543,3,7,9,6,2,1,0.762,0.438,295c66745123441e,True,True,80.0,1943.0,Financial Services,32,10.666666666666668,2025-01-13,True,OPT_OUT|EMAIL_BOUNCED|FREE_EMAIL|INCOMPLETE_PROFILE,4,True,True,False,False,,engaged in last 7 days | attended 6 webinar(s) | attended 2 event(s) | C-Level nan | named target account | ICP-qualified account | high intent score (80) | flags: OPT_OUT|EMAIL_BOUNCED|FREE_EMAIL|INCOMPLETE_PROFILE,,2
5f68bd241178418b,lead,Tony,Rivera,emilyyoung@gmail.com,free_email,Higher education careers adviser,,Director,,Attempted,89.9,High,True,98.8,100.0,61.5,90.0,17,38,0.553,11,4,6,3,4,1,0.729,0.235,295c66745123441e,True,True,80.0,1943.0,Financial Services,86,28.666666666666668,,False,OPT_OUT|FREE_EMAIL,2,True,False,False,False,,engaged in last 30 days | attended 3 webinar(s) | attended 4 event(s) | Director nan | named target account | ICP-qualified account | high intent score (80) | flags: OPT_OUT|FREE_EMAIL,,3
f5feba78fb7e48ea,lead,Charles,Owens,david89@outlook.com,free_email,"Education officer, environmental",Economic Buyer,Director,,MQL,89.7,High,True,100.0,100.0,85.5,63.0,31,74,0.581,2,10,18,6,3,2,0.661,0.323,d8466f11f04b43e0,True,False,92.0,715.0,Technology,247,82.33333333333334,2025-04-15,True,EMAIL_BOUNCED|FREE_EMAIL,2,False,True,False,False,,engaged in last 7 days | attended 6 webinar(s) | attended 3 event(s) | Director Economic Buyer | ICP-qualified account | high intent score (92) | flags: EMAIL_BOUNCED|FREE_EMAIL,,4
e1fccbd6edb843e8,lead,Patricia,Thomas,patricia.thomas@scottandsons.com,corporate,"Scientist, forensic",Economic Buyer,Individual Contributor,,Disqualified,88.2,High,True,100.0,100.0,64.0,76.8,17,48,0.646,6,4,5,3,2,0,0.665,0.235,15074f19aba6405e,True,True,27.0,1357.0,Financial Services,152,50.66666666666667,,False,OPT_OUT|EMAIL_BOUNCED,2,True,True,False,False,,engaged in last 7 days | attended 3 webinar(s) | attended 2 event(s) | Individual Contributor Economic Buyer | named target account | ICP-qualified account | flags: OPT_OUT|EMAIL_BOUNCED,,5
5a714aaf7208405b,contact,Madeline,Shepard,madeline.shepard@mclaughlin-h.com,corporate,Learning mentor,Champion,VP,,Nurture,85.4,High,True,100.0,100.0,75.0,52.2,22,67,0.672,2,8,11,5,3,2,0.698,0.364,80b9756d5130404e,True,False,9.0,41309.0,Healthcare,31,15.5,,False,,0,False,False,False,False,,engaged in last 7 days | attended 5 webinar(s) | attended 3 event(s) | VP Champion | ICP-qualified account,,6
19c2857cad4247ff,contact,Edward,Molina,edward.molina@cobb-taylor.com,corporate,"Pilot, airline",Technical Buyer,Individual Contributor,,MQL,85.0,High,True,100.0,100.0,62.0,63.0,8,14,0.429,2,3,4,4,0,0,0.775,0.375,d8466f11f04b43e0,True,False,92.0,715.0,Technology,8,4.0,2024-12-01,True,NO_LONGER_WITH_COMPANY,1,False,False,True,False,,engaged in last 7 days | attended 4 webinar(s) | Individual Contributor Technical Buyer | ICP-qualified account | high intent score (92) | flags: NO_LONGER_WITH_COMPANY,,7
4cca4480a0e342fc,lead,Edgar,Serrano,edgar.serrano@brownschneid.com,corporate,,,VP,,New,84.6,High,True,100.0,100.0,62.0,61.0,7,22,0.682,12,3,5,0,4,1,0.929,0.429,c5fe231ec72a4d48,False,True,84.0,33701.0,Media,162,54.0,,False,INCOMPLETE_PROFILE,1,False,False,False,False,,engaged in last 30 days | attended 4 event(s) | VP nan | named target account | high intent score (84) | flags: INCOMPLETE_PROFILE,,8
16bba9f43ad44a2f,lead,Lisa,Wilkerson,perryrandy@gmail.com,free_email,,,VP,,Attempted,84.5,High,True,100.0,100.0,62.0,60.5,31,76,0.592,1,11,18,8,2,0,0.645,0.355,51fda49d72334d69,True,False,42.0,21604.0,Financial Services,169,56.333333333333336,,False,NO_LONGER_WITH_COMPANY|FREE_EMAIL|INCOMPLETE_PROFILE,3,False,False,True,False,,engaged in last 7 days | attended 8 webinar(s) | attended 2 event(s) | VP nan | ICP-qualified account | flags: NO_LONGER_WITH_COMPANY|FREE_EMAIL|INCOMPLETE_PROFILE,,9
daeec39b83a04b33,lead,Sarah,Chen,vp.security@targetcorp.com,corporate,VP of Security,CISO,VP,,MQL,84.5,High,True,100.0,59.0,97.0,76.8,3,18,0.833,4,3,3,3,0,0,1.0,1.0,15074f19aba6405e,True,True,27.0,1357.0,Financial Services,245,81.66666666666667,2025-04-20,True,AUTOMATION_INFLATED,1,False,False,False,False,,engaged in last 7 days | attended 3 webinar(s) | ⚠ engagement mostly automated emails | VP CISO | named target account | ICP-qualified account | flags: AUTOMATION_INFLATED,persona_1_vp_security_recent,10
d783db3721a949bf,contact,Charles,Webster,michelleramsey@outlook.com,free_email,Occupational psychologist,Technical Buyer,Manager,,Nurture,84.4,High,True,100.0,98.0,69.5,54.8,5,14,0.643,5,2,3,3,0,0,0.78,0.4,1e5548d07a324f62,True,False,39.0,2328.0,Healthcare,169,84.5,,False,FREE_EMAIL|BROKEN_CONV_LINK,2,False,False,False,False,,engaged in last 7 days | attended 3 webinar(s) | Manager Technical Buyer | ICP-qualified account | flags: FREE_EMAIL|BROKEN_CONV_LINK,,11
f0ed3fc2bb1d4428,lead,Benjamin,Rodriguez,info@wilcox-williams.com,shared_mailbox,"Scientist, physiological",Economic Buyer,Director,,MQL,84.3,High,True,100.0,95.6,87.5,39.5,9,23,0.609,6,2,4,2,0,2,0.706,0.222,8c1fc9cab9544c54,False,False,98.0,6558.0,Legal,20,6.666666666666667,2025-03-09,True,SHARED_MAILBOX,1,False,False,False,False,,engaged in last 7 days | attended 2 webinar(s) | Director Economic Buyer | high intent score (98) | flags: SHARED_MAILBOX,,12
d9a8226710c34690,contact,Leslie,Vang,leslie.vang@petersltd.com,corporate,Printmaker,Champion,Director,,Active,84.3,High,True,100.0,100.0,70.5,51.0,23,66,0.652,6,8,11,4,4,1,0.72,0.348,ab25cc7830cb4791,False,True,44.0,32060.0,Government,116,57.99999999999999,,False,,0,False,False,False,False,,engaged in last 7 days | attended 4 webinar(s) | attended 4 event(s) | Director Champion | named target account,,13
781bc30af1a4488a,contact,Todd,Esparza,clucas@yahoo.com,free_email,"Engineer, drilling",End User,Director,,MQL,84.1,High,True,100.0,100.0,55.5,65.0,7,12,0.417,8,2,3,2,2,1,0.829,0.286,475ce8a925de4fb3,False,True,100.0,5796.0,Legal,81,40.5,2025-04-01,True,FREE_EMAIL,1,False,False,False,False,,engaged in last 30 days | attended 2 webinar(s) | attended 2 event(s) | Director End User | named target account | high intent score (100) | flags: FREE_EMAIL,,14
3feb91ccfcfb451f,lead,Kimberly,Maldonado,kimberly.maldonado@atkinsolsona.com,corporate,Museum/gallery exhibitions officer,Economic Buyer,Individual Contributor,,MQL,83.3,High,True,100.0,100.0,72.0,44.5,34,71,0.521,1,12,18,7,6,4,0.778,0.353,ec2eb3791de440bc,False,True,58.0,560.0,Telecommunications,117,39.0,2024-12-11,True,,0,False,False,False,False,,engaged in last 7 days | attended 7 webinar(s) | attended 6 event(s) | Individual Contributor Economic Buyer | named target account,,15
1d5f9f0182fb45d2,contact,Eric,Cox,eric.cox@martinezands.com,corporate,,,VP,,Nurture,83.1,High,True,100.0,100.0,55.0,60.5,32,75,0.573,1,10,15,9,3,0,0.705,0.312,cd5d7d18041a4161,False,True,82.0,7574.0,Government,3,1.5,,False,OPT_OUT|EMAIL_BOUNCED|INCOMPLETE_PROFILE,3,True,True,False,False,,engaged in last 7 days | attended 9 webinar(s) | attended 3 event(s) | VP nan | named target account | high intent score (82) | flags: OPT_OUT|EMAIL_BOUNCED|INCOMPLETE_PROFILE,,16
d19a7663ff3541b1,lead,Mathew,Santiago,mathew.santiago@riveraltd.com,corporate,Research scientist (life sciences),,,,MQL,83.0,High,True,100.0,100.0,53.0,62.0,1,2,0.5,4,1,1,1,0,0,1.0,1.0,1b007d218bee4ed9,True,False,48.0,21801.0,Healthcare,81,27.0,2025-03-21,True,INCOMPLETE_PROFILE,1,False,False,False,False,,engaged in last 7 days | attended 1 webinar(s) | nan nan | ICP-qualified account | flags: INCOMPLETE_PROFILE,,17
431d0a0c11d043c5,lead,Timothy,Hinton,timothy.hinton@cooperthornt.com,corporate,,Champion,Manager,,New,82.6,High,True,100.0,100.0,55.5,57.5,6,11,0.455,3,3,3,2,2,0,0.817,0.5,252a4324713a470b,True,False,30.0,6960.0,Healthcare,112,37.333333333333336,,False,,0,False,False,False,True,Personal Email,engaged in last 7 days | attended 2 webinar(s) | attended 2 event(s) | Manager Champion | ICP-qualified account,,18
688027029ba74e22,contact,Christine,Martin,christine.martin@mitchellmcph.com,corporate,"Designer, exhibition/display",Champion,,,MQL,82.6,High,True,100.0,100.0,60.0,52.8,16,40,0.6,3,5,7,4,4,0,0.756,0.312,e2d578b8b4ae4c6f,True,False,51.0,229.0,Financial Services,49,24.5,2024-12-02,True,,0,False,False,False,False,,engaged in last 7 days | attended 4 webinar(s) | attended 4 event(s) | nan Champion | ICP-qualified account,,19
632bf1944ef540f3,lead,Victoria,Neal,bennettrebecca@outlook.com,free_email,,Economic Buyer,,,Disqualified,82.4,High,True,100.0,100.0,63.0,49.0,16,44,0.636,9,7,10,2,3,0,0.669,0.438,b3341cbdfd8d43b0,False,True,36.0,8465.0,Media,282,94.0,,False,FREE_EMAIL|INCOMPLETE_PROFILE,2,False,False,False,False,,engaged in last 30 days | attended 2 webinar(s) | attended 3 event(s) | nan Economic Buyer | named target account | flags: FREE_EMAIL|INCOMPLETE_PROFILE,,20
a12b60070559498f,lead,James,Downs,james.downs@montgomerypl.com,corporate,"Runner, broadcasting/film/video",,,,MQL,82.4,High,True,100.0,100.0,55.0,57.0,4,10,0.6,5,1,2,3,0,0,0.85,0.25,e6ea48b0cba94404,False,True,68.0,46525.0,Government,249,83.0,2025-01-09,True,EMAIL_BOUNCED|INCOMPLETE_PROFILE,2,False,True,False,False,,engaged in last 7 days | attended 3 webinar(s) | nan nan | named target account | flags: EMAIL_BOUNCED|INCOMPLETE_PROFILE,,21
e3a388cdc15948bd,contact,Lee,Evans,lesterrichard@yahoo.com,free_email,Medical physicist,End User,Individual Contributor,,Active,82.4,High,True,100.0,100.0,42.0,69.8,13,28,0.536,4,4,5,1,3,3,0.769,0.308,15f83994f0344e83,True,False,99.0,1815.0,Technology,145,72.5,,False,FREE_EMAIL,1,False,False,False,False,,engaged in last 7 days | attended 1 webinar(s) | attended 3 event(s) | Individual Contributor End User | ICP-qualified account | high intent score (99) | flags: FREE_EMAIL,,22
a8eaa1ce309d468f,lead,Nicole,Pena,amitchell@outlook.com,free_email,Clinical cytogeneticist,,Director,,New,82.2,High,True,96.4,97.5,65.5,54.8,4,6,0.333,14,1,2,0,1,2,0.825,0.25,1e5548d07a324f62,True,False,39.0,2328.0,Healthcare,90,30.0,,False,FREE_EMAIL,1,False,False,False,False,,engaged in last 30 days | attended 1 event(s) | Director nan | ICP-qualified account | flags: FREE_EMAIL,,23
2989ceaedfbd4e39,lead,Allen,Rivera,allen.rivera@whitneyplc.com,corporate,Insurance account manager,CISO,C-Level,,MQL,82.2,High,True,88.6,93.0,100.0,39.8,8,20,0.6,23,2,3,3,0,0,0.7,0.25,ed46b7e1981c4815,False,False,99.0,8243.0,Insurance,15,5.0,2025-04-08,True,,0,False,False,False,False,,engaged in last 30 days | attended 3 webinar(s) | C-Level CISO | high intent score (99),,24
dfe096d7499543b6,lead,Wendy,Scott,wendy.scott@thompson-jon.com,corporate,"Engineer, control and instrumentation",Champion,,,MQL,82.2,High,True,100.0,100.0,62.0,49.0,9,21,0.571,2,5,7,1,3,2,0.783,0.556,b3341cbdfd8d43b0,False,True,36.0,8465.0,Media,167,55.666666666666664,2025-02-07,True,,0,False,False,False,False,,engaged in last 7 days | attended 1 webinar(s) | attended 3 event(s) | nan Champion | named target account,,25
da103906070c4c65,lead,William,Morse,heatherthompson@hotmail.com,free_email,"Conservation officer, historic buildings",Economic Buyer,VP,,MQL,82.0,High,True,99.2,100.0,92.0,19.2,15,48,0.688,11,4,7,4,1,0,0.72,0.267,0e4988a55dc842c0,False,False,57.0,798.0,Media,236,78.66666666666666,2025-04-19,True,EMAIL_BOUNCED|FREE_EMAIL,2,False,True,False,False,,engaged in last 30 days | attended 4 webinar(s) | attended 1 event(s) | VP Economic Buyer | flags: EMAIL_BOUNCED|FREE_EMAIL,,26
99496da2ef2047a8,lead,Debra,Johnson,kelsey90@rediffmail.com,free_email,,,Individual Contributor,,Recycled,81.9,High,True,100.0,100.0,38.0,71.5,23,49,0.531,6,7,11,6,4,0,0.707,0.304,689303a6de3c4130,True,False,86.0,9713.0,Financial Services,232,77.33333333333333,,False,FREE_EMAIL|INCOMPLETE_PROFILE,2,False,False,False,False,,engaged in last 7 days | attended 6 webinar(s) | attended 4 event(s) | Individual Contributor nan | ICP-qualified account | high intent score (86) | flags: FREE_EMAIL|INCOMPLETE_PROFILE,,27
94d1abe6f9584401,lead,Brian,Harris,brian.harris@saundersllc.com,corporate,Horticultural consultant,CISO,Manager,,Disqualified,81.8,High,True,99.8,100.0,81.5,28.0,3,7,0.571,11,1,1,1,2,0,1.0,0.333,08db683f415a486a,False,False,72.0,1279.0,Manufacturing,188,62.66666666666667,,False,OPT_OUT,1,True,False,False,False,,engaged in last 30 days | attended 1 webinar(s) | attended 2 event(s) | Manager CISO | high intent score (72) | flags: OPT_OUT,,28
411f48eeea59416b,lead,Jared,Lopez,delgadobenjamin@hotmail.com,free_email,,Technical Buyer,,,MQL,81.8,High,True,100.0,100.0,62.0,46.8,10,26,0.615,2,4,5,3,3,1,0.885,0.4,b2b8bf0559484bc7,False,True,47.0,2672.0,Retail,77,25.666666666666664,2025-01-14,True,OPT_OUT|FREE_EMAIL|INCOMPLETE_PROFILE,3,True,False,False,False,,engaged in last 7 days | attended 3 webinar(s) | attended 3 event(s) | nan Technical Buyer | named target account | flags: OPT_OUT|FREE_EMAIL|INCOMPLETE_PROFILE,,29
a09154a48e16497c,contact,Jason,Williams,jason.williams@howardllc.com,corporate,Marketing executive,Champion,,,Qualified,81.8,High,True,100.0,100.0,60.0,49.2,12,27,0.556,1,6,6,5,1,0,0.746,0.5,ec63ce56423e406c,True,False,17.0,3312.0,Healthcare,42,21.0,,False,OPT_OUT,1,True,False,False,False,,engaged in last 7 days | attended 5 webinar(s) | attended 1 event(s) | nan Champion | ICP-qualified account | flags: OPT_OUT,,30
7d781bcc38c143e7,lead,Kevin,Oliver,contact@choi.com,shared_mailbox,"Geneticist, molecular",Economic Buyer,Manager,,MQL,81.7,High,True,100.0,100.0,75.5,32.8,13,28,0.536,3,8,9,2,3,1,0.719,0.615,a90c8d2ed11948be,False,True,31.0,89.0,Retail,95,31.666666666666664,2025-01-27,True,SHARED_MAILBOX,1,False,False,False,False,,engaged in last 7 days | attended 2 webinar(s) | attended 3 event(s) | Manager Economic Buyer | named target account | flags: SHARED_MAILBOX,,31
5c9ea74df17f43e3,contact,Andrew,Landry,andrew.landry@bryantallena.com,corporate,Art therapist,Technical Buyer,Director,,MQL,81.7,High,True,100.0,100.0,75.5,32.8,5,9,0.444,8,4,4,2,2,0,0.88,0.8,a90c8d2ed11948be,False,True,31.0,89.0,Retail,160,80.0,2025-02-02,True,EMAIL_BOUNCED|BROKEN_CONV_LINK,2,False,True,False,False,,engaged in last 30 days | attended 2 webinar(s) | attended 2 event(s) | Director Technical Buyer | named target account | flags: EMAIL_BOUNCED|BROKEN_CONV_LINK,,32
5c214e15534843ae,lead,James,Carson,james.carson@flowersllc.com,corporate,IT consultant,CISO,Director,,MQL,81.5,High,True,100.0,76.0,86.5,50.8,5,15,0.667,7,1,1,1,0,0,0.66,0.2,a49011ff86b645a4,False,True,83.0,417.0,Media,132,44.0,2025-03-14,True,EMAIL_BOUNCED,1,False,True,False,False,,engaged in last 7 days | attended 1 webinar(s) | Director CISO | named target account | high intent score (83) | flags: EMAIL_BOUNCED,,33
dc0148cf0d7f488d,contact,Kevin,Oliver,contact@choi.com,shared_mailbox,"Geneticist, molecular",Economic Buyer,Manager,,Attempted,81.5,High,True,100.0,100.0,74.5,32.8,22,51,0.569,1,9,14,9,3,0,0.745,0.409,a90c8d2ed11948be,False,True,31.0,89.0,Retail,48,24.0,,False,SHARED_MAILBOX|BROKEN_CONV_LINK,2,False,False,False,False,,engaged in last 7 days | attended 9 webinar(s) | attended 3 event(s) | Manager Economic Buyer | named target account | flags: SHARED_MAILBOX|BROKEN_CONV_LINK,,34
13e1a00cc5794a0e,contact,Brian,Hernandez,isaacharrison@hotmail.com,free_email,,,Director,,MQL,81.5,High,True,97.8,100.0,50.5,61.0,13,30,0.567,14,5,7,3,2,1,0.762,0.385,c5fe231ec72a4d48,False,True,84.0,33701.0,Media,123,61.5,2025-04-11,True,FREE_EMAIL|INCOMPLETE_PROFILE,2,False,False,False,False,,engaged in last 30 days | attended 3 webinar(s) | attended 2 event(s) | Director nan | named target account | high intent score (84) | flags: FREE_EMAIL|INCOMPLETE_PROFILE,,35
f8549acfd19142e7,lead,Anthony,Small,anthony.small@robertsfryea.com,corporate,,End User,Director,,MQL,81.4,High,True,100.0,100.0,46.5,60.5,27,67,0.597,1,9,11,5,5,1,0.73,0.333,51fda49d72334d69,True,False,42.0,21604.0,Financial Services,201,67.0,2025-01-16,True,BROKEN_CONV_LINK,1,False,False,False,False,,engaged in last 7 days | attended 5 webinar(s) | attended 5 event(s) | Director End User | ICP-qualified account | flags: BROKEN_CONV_LINK,,36
6b1deafa9a534ef9,lead,Gregg,Williams,gregg.williams@ward-rhodes.com,corporate,Physiological scientist,,Director,,New,81.4,High,True,89.9,100.0,65.5,59.0,7,19,0.632,22,2,4,1,2,0,0.786,0.286,daf12e4e24a74a55,True,False,76.0,625.0,Technology,243,81.0,,False,EMAIL_BOUNCED,1,False,True,False,False,,engaged in last 30 days | attended 1 webinar(s) | attended 2 event(s) | Director nan | ICP-qualified account | high intent score (76) | flags: EMAIL_BOUNCED,,37
90558e3d7e4e46cb,lead,Jeremy,Patterson,jeremy.patterson@villegascard.com,corporate,"Surveyor, hydrographic",,,,New,80.9,High,True,100.0,100.0,52.0,52.5,31,74,0.581,2,9,15,4,3,2,0.631,0.29,b2e6251e40dc4ba5,True,False,30.0,4425.0,Healthcare,44,14.666666666666666,,False,EMAIL_BOUNCED|INCOMPLETE_PROFILE,2,False,True,False,False,,engaged in last 7 days | attended 4 webinar(s) | attended 3 event(s) | nan nan | ICP-qualified account | flags: EMAIL_BOUNCED|INCOMPLETE_PROFILE,,38
eaf992e6625f4f43,lead,Kevin,White,kevin.white@thomaspricea.com,corporate,"Teacher, special educational needs",End User,Individual Contributor,,MQL,80.9,High,True,100.0,100.0,47.0,57.5,16,35,0.543,2,5,7,4,1,1,0.678,0.312,252a4324713a470b,True,False,30.0,6960.0,Healthcare,121,40.33333333333333,2025-03-14,True,EMAIL_BOUNCED,1,False,True,False,False,,engaged in last 7 days | attended 4 webinar(s) | attended 1 event(s) | Individual Contributor End User | ICP-qualified account | flags: EMAIL_BOUNCED,,39
7091bbbdc57c4a1f,contact,William,Johnston,william.johnston@martin-brown.com,corporate,IT consultant,CISO,C-Level,,Attempted,80.9,High,True,100.0,84.3,93.0,31.2,6,15,0.6,5,1,3,1,1,0,0.683,0.167,0000024fcc2d43e2,False,False,85.0,3882.0,Legal,63,31.5,,False,OPT_OUT|NO_LONGER_WITH_COMPANY,2,True,False,True,False,,engaged in last 7 days | attended 1 webinar(s) | attended 1 event(s) | C-Level CISO | high intent score (85) | flags: OPT_OUT|NO_LONGER_WITH_COMPANY,,40
d7fe1d585af84df9,lead,Dana,Wu,dana.wu@clarkpowersa.com,corporate,Medical physicist,,Individual Contributor,,Recycled,80.8,High,True,100.0,100.0,52.0,51.8,1,3,0.667,4,1,1,0,1,0,1.0,1.0,51fc143e50854e87,True,False,47.0,268.0,Healthcare,16,5.333333333333334,,False,,0,False,False,False,False,,engaged in last 7 days | attended 1 event(s) | Individual Contributor nan | ICP-qualified account,,41
e4f74a67044a4279,lead,Katherine,Bridges,carterdennis@yahoo.com,free_email,Haematologist,End User,VP,,Disqualified,80.8,High,True,91.1,100.0,62.0,57.5,3,9,0.667,21,1,2,2,1,0,1.0,0.333,252a4324713a470b,True,False,30.0,6960.0,Healthcare,208,69.33333333333334,,False,EMAIL_BOUNCED|FREE_EMAIL,2,False,True,False,False,,engaged in last 30 days | attended 2 webinar(s) | attended 1 event(s) | VP End User | ICP-qualified account | flags: EMAIL_BOUNCED|FREE_EMAIL,,42
192ad006dd814c60,contact,John,Arnold,john.arnold@lee-greene.com,corporate,Copy,Economic Buyer,Manager,,Qualified,80.7,High,True,100.0,100.0,74.5,29.2,27,70,0.614,1,12,20,5,7,1,0.75,0.444,fbd6e881517a44c4,False,False,97.0,395.0,Education,121,60.5,,False,EMAIL_BOUNCED|BROKEN_CONV_LINK,2,False,True,False,False,,engaged in last 7 days | attended 5 webinar(s) | attended 7 event(s) | Manager Economic Buyer | high intent score (97) | flags: EMAIL_BOUNCED|BROKEN_CONV_LINK,,43
2b51f0c72b2c4350,lead,Michelle,Huang,michelle.huang@bowers-gutie.com,corporate,Banker,Technical Buyer,,,Disqualified,80.5,High,True,100.0,100.0,72.0,30.5,10,28,0.643,9,3,3,2,2,0,0.76,0.3,b05552fd87fa4635,False,False,82.0,3904.0,Retail,187,62.33333333333333,,False,NO_LONGER_WITH_COMPANY,1,False,False,True,False,,engaged in last 30 days | attended 2 webinar(s) | attended 2 event(s) | nan Technical Buyer | high intent score (82) | flags: NO_LONGER_WITH_COMPANY,,44
9bc854a1a3e04572,lead,Matthew,Beard,matthew.beard@beardpetersa.com,corporate,"Engineer, aeronautical",Technical Buyer,Individual Contributor,,Disqualified,80.4,High,True,100.0,89.9,67.0,47.8,7,15,0.533,7,3,3,1,1,0,0.729,0.429,29b003713a4d4d1c,True,False,11.0,2636.0,Technology,70,23.333333333333332,,False,,0,False,False,False,False,,engaged in last 7 days | attended 1 webinar(s) | attended 1 event(s) | Individual Contributor Technical Buyer | ICP-qualified account,,45
95a993a6c6c04f9f,contact,Gregory,Khan,sarahjohnson@gmail.com,free_email,Occupational psychologist,End User,Manager,,Nurture,80.4,High,True,100.0,100.0,49.5,52.5,21,42,0.5,5,7,9,6,4,1,0.76,0.333,b2e6251e40dc4ba5,True,False,30.0,4425.0,Healthcare,58,28.999999999999996,,False,FREE_EMAIL|BROKEN_CONV_LINK,2,False,False,False,False,,engaged in last 7 days | attended 6 webinar(s) | attended 4 event(s) | Manager End User | ICP-qualified account | flags: FREE_EMAIL|BROKEN_CONV_LINK,,46
19a5aeaf769d4fbb,contact,Sandra,Barron,sandra.barron@vaughn-fowle.com,corporate,Hotel manager,CISO,,,Attempted,80.3,High,True,100.0,96.3,75.0,31.2,7,13,0.462,2,3,5,1,2,0,0.743,0.429,844ccdc969e1457f,False,False,65.0,14550.0,Retail,134,67.0,,False,NO_LONGER_WITH_COMPANY|BROKEN_CONV_LINK,2,False,False,True,False,,engaged in last 7 days | attended 1 webinar(s) | attended 2 event(s) | nan CISO | flags: NO_LONGER_WITH_COMPANY|BROKEN_CONV_LINK,,47
7a1fca6565744cd6,lead,Diane,Miller,diane.miller@meyer-gregor.com,corporate,Ergonomist,,Individual Contributor,,Disqualified,80.2,High,True,100.0,100.0,50.0,51.0,21,53,0.604,2,6,12,6,4,0,0.757,0.286,ab25cc7830cb4791,False,True,44.0,32060.0,Government,132,44.0,,False,,0,False,False,False,False,,engaged in last 7 days | attended 6 webinar(s) | attended 4 event(s) | Individual Contributor nan | named target account,,48
fdd4570b56f948c5,lead,Rachel,Morris,rachel.morris@jonesllc.com,corporate,Textile designer,Champion,Individual Contributor,,MQL,79.9,High,True,100.0,100.0,62.0,37.5,17,37,0.541,2,8,12,3,1,1,0.653,0.471,1c2c7771838d4403,False,False,90.0,20091.0,Media,228,76.0,2025-03-05,True,,0,False,False,False,False,,engaged in last 7 days | attended 3 webinar(s) | attended 1 event(s) | Individual Contributor Champion | high intent score (90),,49
2bcfa8395a3c47f0,contact,Christina,Graham,jonesdana@yahoo.com,free_email,,,Director,,MQL,79.9,High,True,100.0,100.0,50.5,49.2,25,55,0.545,4,9,9,8,2,3,0.75,0.36,ec63ce56423e406c,True,False,17.0,3312.0,Healthcare,77,38.5,2025-04-17,True,FREE_EMAIL|BROKEN_CONV_LINK|INCOMPLETE_PROFILE,3,False,False,False,False,,engaged in last 7 days | attended 8 webinar(s) | attended 2 event(s) | Director nan | ICP-qualified account | flags: FREE_EMAIL|BROKEN_CONV_LINK|INCOMPLETE_PROFILE,,50
8ac3ff9843fc4993,lead,Donna,Faulkner,sales@dennis.info,shared_mailbox,Exhibition designer,,Individual Contributor,,MQL,79.8,High,True,100.0,87.7,54.0,60.5,3,7,0.571,7,3,3,0,1,1,0.767,1.0,cd5d7d18041a4161,False,True,82.0,7574.0,Government,170,56.666666666666664,2024-12-11,True,NO_LONGER_WITH_COMPANY|SHARED_MAILBOX,2,False,False,True,False,,engaged in last 7 days | attended 1 event(s) | Individual Contributor nan | named target account | high intent score (82) | flags: NO_LONGER_WITH_COMPANY|SHARED_MAILBOX,,51
a1f483b47daf480f,contact,Todd,Vasquez,todd.vasquez@camachomarti.com,corporate,Herpetologist,,,,Active,79.8,High,True,99.2,100.0,50.0,50.2,26,70,0.629,11,7,11,6,2,2,0.69,0.269,ecab15ef30c045e4,False,True,41.0,8422.0,Government,15,7.5,,False,INCOMPLETE_PROFILE,1,False,False,False,False,,engaged in last 30 days | attended 6 webinar(s) | attended 2 event(s) | nan nan | named target account | flags: INCOMPLETE_PROFILE,,52
f803332fb9b94089,lead,Daniel,Brown,daniel.brown@mcintoshmelt.com,corporate,"Administrator, education",Technical Buyer,Director,,New,79.5,High,True,100.0,100.0,82.5,14.8,10,18,0.444,5,4,7,3,2,0,0.725,0.4,1114eee3178d4263,False,False,59.0,73.0,Education,188,62.66666666666667,,False,,0,False,False,False,False,,engaged in last 7 days | attended 3 webinar(s) | attended 2 event(s) | Director Technical Buyer,,53
7dda89aa4f0d4a42,contact,Nina,Kowalski,security.manager@highintent.com,corporate,Security Manager,Technical Buyer,Manager,,Active,79.4,High,True,100.0,98.0,69.5,30.0,2,2,0.0,6,2,2,0,0,2,0.9,1.0,3f39b0af3d2e4661,False,False,100.0,220.0,Government,55,27.500000000000004,,False,,0,False,False,False,False,,engaged in last 7 days | Manager Technical Buyer | high intent score (100),,54
26ff5a8db9d64d27,lead,Alan,Gonzalez,alan.gonzalez@muellersteve.com,corporate,"Merchandiser, retail",,Director,,Disqualified,79.3,High,True,100.0,100.0,65.5,30.8,5,12,0.583,1,1,2,3,0,0,0.86,0.2,31cd82025a844220,False,False,83.0,3719.0,Energy,39,13.0,,False,,0,False,False,False,False,,engaged in last 7 days | attended 3 webinar(s) | Director nan | high intent score (83),,55
0d1d60d28b354021,contact,Tony,Tucker,tony.tucker@hardymcconne.com,corporate,Ranger/warden,Champion,,,MQL,79.3,High,True,100.0,95.5,60.0,42.0,8,15,0.467,1,2,4,3,0,0,0.725,0.25,7eb7ff56da0b4ab6,False,True,68.0,81.0,Energy,113,56.49999999999999,2025-02-10,True,,0,False,False,False,False,,engaged in last 7 days | attended 3 webinar(s) | nan Champion | named target account,,56
666f5ddeb5544831,contact,Eric,Vasquez,eric.vasquez@hahn-snyder.com,corporate,Farm manager,Economic Buyer,,,MQL,79.3,High,True,96.3,100.0,70.0,33.2,6,12,0.5,15,2,3,2,2,0,0.817,0.333,10292fb10553429b,False,True,13.0,926.0,Energy,73,36.5,2025-03-12,True,,0,False,False,False,False,,engaged in last 30 days | attended 2 webinar(s) | attended 2 event(s) | nan Economic Buyer | named target account,,57
65d641e051364537,contact,Tom,Brokenlink,broken.link@splitdata.com,corporate,Director of IT,Technical Buyer,Director,,Active,79.3,High,True,100.0,100.0,75.5,21.2,2,2,0.0,8,1,2,2,0,0,1.0,0.5,2264035d9d624a0a,False,False,85.0,193.0,Telecommunications,75,37.5,2025-04-18,True,BROKEN_CONV_LINK,1,False,False,False,False,,engaged in last 30 days | attended 2 webinar(s) | Director Technical Buyer | high intent score (85) | flags: BROKEN_CONV_LINK,,58
da7f0d0ac9064b98,lead,Kristy,Johnson,kristy.johnson@armstrongmcd.com,corporate,"Conservation officer, nature",End User,,,New,79.2,High,True,100.0,100.0,47.0,49.2,27,65,0.585,2,11,17,7,6,1,0.802,0.407,ec63ce56423e406c,True,False,17.0,3312.0,Healthcare,118,39.33333333333333,,False,EMAIL_BOUNCED|BROKEN_CONV_LINK,2,False,True,False,True,Personal Email,engaged in last 7 days | attended 7 webinar(s) | attended 6 event(s) | nan End User | ICP-qualified account | flags: EMAIL_BOUNCED|BROKEN_CONV_LINK,,59
bf67297168ea4dd1,lead,Kristen,Joseph,spam_cluster@example.com,corporate,Learning disability nurse,CISO,Individual Contributor,,MQL,79.2,High,True,100.0,100.0,79.0,17.0,18,44,0.591,1,10,12,7,2,0,0.828,0.556,c008c318a3534a2e,False,False,28.0,4622.0,Energy,11,3.6666666666666665,2025-03-30,True,,0,False,False,False,False,,engaged in last 7 days | attended 7 webinar(s) | attended 2 event(s) | Individual Contributor CISO,,60
2e505e8d10fc4002,lead,Jose,Mercado,jose.mercado@lunainc.com,corporate,,Champion,Individual Contributor,,New,79.1,High,True,99.8,94.0,50.0,53.2,4,12,0.667,13,2,2,0,1,0,0.85,0.5,f4ceb9ab147a4a93,True,False,33.0,2357.0,Healthcare,20,6.666666666666667,,False,OPT_OUT,1,True,False,False,False,,engaged in last 30 days | attended 1 event(s) | Individual Contributor Champion | ICP-qualified account | flags: OPT_OUT,,61
086e9c8927ef422a,lead,Kimberly,Floyd,kimberly.floyd@perezcruzand.com,corporate,Race relations officer,,Manager,,New,79.1,High,True,95.4,93.0,61.5,51.0,3,8,0.625,20,2,3,1,1,0,0.8,0.667,ab25cc7830cb4791,False,True,44.0,32060.0,Government,199,66.33333333333333,,False,NO_LONGER_WITH_COMPANY,1,False,False,True,False,,engaged in last 30 days | attended 1 webinar(s) | attended 1 event(s) | Manager nan | named target account | flags: NO_LONGER_WITH_COMPANY,,62
0307f38393e94602,lead,Tom,Brokenlink,broken.link@splitdata.com,corporate,Director of IT,Technical Buyer,Director,,MQL,79.1,High,True,89.4,100.0,82.5,31.5,3,3,0.0,23,1,3,3,0,0,1.0,0.333,ad9e507474884f1b,False,False,66.0,8767.0,Government,140,46.666666666666664,2025-04-01,True,BROKEN_CONV_LINK,1,False,False,False,False,,engaged in last 30 days | attended 3 webinar(s) | Director Technical Buyer | flags: BROKEN_CONV_LINK,persona_7_broken_link_lead,63
9d034611f0f040d5,lead,Craig,Romero,craig.romero@owen-mendez.com,corporate,Associate Professor,Technical Buyer,,,Recycled,78.8,High,True,100.0,100.0,70.0,24.2,15,40,0.625,5,5,6,4,3,2,0.84,0.333,4fee80985b6b4992,False,False,97.0,106.0,Retail,177,59.0,,False,NO_LONGER_WITH_COMPANY,1,False,False,True,False,,engaged in last 7 days | attended 4 webinar(s) | attended 3 event(s) | nan Technical Buyer | high intent score (97) | flags: NO_LONGER_WITH_COMPANY,,64
a514749e001b48bf,lead,Jamie,Brock,jamie.brock@cox-moore.com,corporate,Textile designer,,Manager,,Disqualified,78.7,High,True,100.0,100.0,51.5,42.0,29,74,0.608,1,10,14,7,10,0,0.779,0.345,7eb7ff56da0b4ab6,False,True,68.0,81.0,Energy,286,95.33333333333334,,False,,0,False,False,False,False,,engaged in last 7 days | attended 7 webinar(s) | attended 10 event(s) | Manager nan | named target account,,65
1e4dc7cebd0d4bb7,lead,Patricia,Craig,patricia.craig@perezplc.com,corporate,"Accountant, chartered",CISO,Manager,,MQL,78.6,High,True,100.0,94.0,82.5,18.0,4,7,0.429,8,3,3,1,1,0,0.8,0.75,93e420a20a19499e,False,False,72.0,4.0,Retail,227,75.66666666666667,2025-02-11,True,NO_LONGER_WITH_COMPANY,1,False,False,True,False,,engaged in last 30 days | attended 1 webinar(s) | attended 1 event(s) | Manager CISO | high intent score (72) | flags: NO_LONGER_WITH_COMPANY,,66
3a90f9d2f77e44d4,lead,Laura,Wilson,laura.wilson@barberjarvis.com,corporate,Civil Service administrator,CISO,,,Disqualified,78.6,High,True,100.0,100.0,76.0,16.8,11,24,0.542,7,6,7,4,2,1,0.759,0.545,288755b429cb461d,False,False,7.0,44174.0,Legal,269,89.66666666666666,,False,,0,False,False,False,False,,engaged in last 7 days | attended 4 webinar(s) | attended 2 event(s) | nan CISO,,67
c0f464bef0f940f5,lead,Edward,Rivera,spam_cluster@example.com,corporate,Recycling officer,Economic Buyer,,,New,78.6,High,True,100.0,100.0,71.0,22.0,9,25,0.64,6,1,1,3,1,0,0.761,0.111,333bd94553c8466a,False,False,88.0,49.0,Healthcare,107,35.66666666666667,,False,,0,False,False,False,False,,engaged in last 7 days | attended 3 webinar(s) | attended 1 event(s) | nan Economic Buyer | high intent score (88),,68
0f97f082036d4131,contact,Matthew,Beard,matthew.beard@beardpetersa.com,corporate,"Engineer, aeronautical",Technical Buyer,Individual Contributor,,Active,78.6,High,True,90.3,100.0,62.0,47.8,4,12,0.667,21,1,3,0,2,1,0.925,0.25,29b003713a4d4d1c,True,False,11.0,2636.0,Technology,197,98.5,,False,BROKEN_CONV_LINK,1,False,False,False,False,,engaged in last 30 days | attended 2 event(s) | Individual Contributor Technical Buyer | ICP-qualified account | flags: BROKEN_CONV_LINK,,69
bc3973e8f6b0427f,lead,Eric,Perry,mharris@gmx.de,free_email,Cytogeneticist,CISO,,,New,78.5,High,True,100.0,96.8,77.0,19.5,16,31,0.484,5,4,10,3,0,1,0.628,0.25,0fce65eaa1234650,False,False,18.0,6222.0,Energy,260,86.66666666666667,,False,FREE_EMAIL|BROKEN_CONV_LINK,2,False,False,False,False,,engaged in last 7 days | attended 3 webinar(s) | nan CISO | flags: FREE_EMAIL|BROKEN_CONV_LINK,,70
9df7bbaad1404132,lead,Stephanie,Bond,stephanie.bond@adkinswright.com,corporate,Counselling psychologist,Economic Buyer,Individual Contributor,,MQL,78.4,High,True,100.0,99.0,68.0,25.0,10,26,0.615,4,4,5,3,1,0,0.69,0.4,52a06ee62d294ee8,False,False,80.0,457.0,Telecommunications,50,16.666666666666664,2024-12-26,True,,0,False,False,False,False,,engaged in last 7 days | attended 3 webinar(s) | attended 1 event(s) | Individual Contributor Economic Buyer | high intent score (80),,71
95e164a09c6c470c,lead,Shane,Cox,shane.cox@rodriguezgor.com,corporate,Armed forces logistics/support/administrative officer,Technical Buyer,Manager,,New,78.3,High,True,96.8,94.0,76.5,28.0,10,26,0.615,13,2,3,2,1,0,0.69,0.2,08db683f415a486a,False,False,72.0,1279.0,Manufacturing,209,69.66666666666667,,False,EMAIL_BOUNCED,1,False,True,False,False,,engaged in last 30 days | attended 2 webinar(s) | attended 1 event(s) | Manager Technical Buyer | high intent score (72) | flags: EMAIL_BOUNCED,,72
bc51df4fff3d4e2a,lead,Nicole,Bell,egarcia@hotmail.com,free_email,Technical brewer,,Director,,MQL,78.3,High,True,100.0,100.0,61.5,30.0,20,57,0.649,1,8,13,4,1,2,0.688,0.4,b0f594e2e75947f9,False,False,100.0,433.0,Manufacturing,96,32.0,2025-03-09,True,FREE_EMAIL,1,False,False,False,False,,engaged in last 7 days | attended 4 webinar(s) | attended 1 event(s) | Director nan | high intent score (100) | flags: FREE_EMAIL,,73
aa35ee60397d46cb,lead,Brittany,Escobar,brittany.escobar@greenshannon.com,corporate,Database administrator,CISO,Manager,,MQL,78.3,High,True,100.0,100.0,82.5,9.2,3,4,0.25,11,2,2,1,2,0,1.0,0.667,8807040d699e4b2d,False,False,17.0,966.0,Legal,273,91.0,2025-04-19,True,,0,False,False,False,False,,engaged in last 30 days | attended 1 webinar(s) | attended 2 event(s) | Manager CISO,,74
bf9bdb60be5944ec,contact,Jose,Hunt,jose.hunt@owens-lang.com,corporate,"Psychotherapist, child",,Director,,MQL,78.3,High,True,100.0,100.0,60.5,30.8,13,34,0.618,4,6,9,2,6,0,0.846,0.462,31cd82025a844220,False,False,83.0,3719.0,Energy,13,6.5,2025-04-13,True,BROKEN_CONV_LINK,1,False,False,False,False,,engaged in last 7 days | attended 2 webinar(s) | attended 6 event(s) | Director nan | high intent score (83) | flags: BROKEN_CONV_LINK,,75
859d9c0b210a43d9,lead,David,Rosario,david.rosario@gatesandsons.com,corporate,Mining engineer,Economic Buyer,,,MQL,78.2,High,True,89.5,76.5,67.0,71.5,4,10,0.6,22,1,1,0,1,0,0.675,0.25,689303a6de3c4130,True,False,86.0,9713.0,Financial Services,61,20.333333333333332,2025-02-23,True,NO_LONGER_WITH_COMPANY,1,False,False,True,False,,engaged in last 30 days | attended 1 event(s) | nan Economic Buyer | ICP-qualified account | high intent score (86) | flags: NO_LONGER_WITH_COMPANY,,76
b74b6e958297440c,contact,Megan,Jenkins,megan.jenkins@waltersgroup.com,corporate,,Economic Buyer,,,Active,78.2,High,True,100.0,100.0,60.0,30.8,21,62,0.661,3,10,14,4,3,2,0.733,0.476,2dd397a157a7457b,False,True,3.0,315.0,Legal,43,21.5,,False,INCOMPLETE_PROFILE,1,False,False,False,False,,engaged in last 7 days | attended 4 webinar(s) | attended 3 event(s) | nan Economic Buyer | named target account | flags: INCOMPLETE_PROFILE,,77
a29caee96ebf462a,lead,Patrick,Li,patrick.li@mayltd.com,corporate,Customer service manager,CISO,Director,,MQL,78.1,High,True,77.1,74.7,92.5,69.8,3,8,0.625,37,0,1,0,1,0,0.667,0.0,15f83994f0344e83,True,False,99.0,1815.0,Technology,248,82.66666666666667,2025-04-17,True,,0,False,False,False,False,,engaged in last 90 days | attended 1 event(s) | Director CISO | ICP-qualified account | high intent score (99),,78
177b9837c61e4cf8,contact,Allen,Rivera,allen.rivera@whitneyplc.com,corporate,Insurance account manager,CISO,C-Level,,MQL,78.1,High,True,100.0,66.3,93.0,39.8,3,4,0.25,7,2,3,1,0,0,0.583,0.667,ed46b7e1981c4815,False,False,99.0,8243.0,Insurance,6,3.0,2025-02-14,True,BROKEN_CONV_LINK,1,False,False,False,False,,engaged in last 7 days | attended 1 webinar(s) | C-Level CISO | high intent score (99) | flags: BROKEN_CONV_LINK,,79
5a24b37bcd1140cf,lead,Johnny,Moore,emccormick@rediffmail.com,free_email,,End User,Manager,,MQL,78.0,High,True,94.7,86.5,42.5,73.8,4,11,0.636,16,1,1,1,1,0,0.725,0.25,2214cc99c6874f4a,True,False,95.0,37628.0,Healthcare,154,51.33333333333333,2025-01-15,True,FREE_EMAIL|BROKEN_CONV_LINK,2,False,False,False,False,,engaged in last 30 days | attended 1 webinar(s) | attended 1 event(s) | Manager End User | ICP-qualified account | high intent score (95) | flags: FREE_EMAIL|BROKEN_CONV_LINK,,80
f531dcd19aec41b4,contact,Luke,Johnson,luke.johnson@andersonllc.com,corporate,Magazine journalist,,C-Level,,Attempted,77.8,High,True,100.0,100.0,68.0,20.8,10,21,0.524,2,5,7,4,2,0,0.81,0.5,a89c906141864d2f,False,False,63.0,698.0,Legal,36,18.0,,False,,0,False,False,False,False,,engaged in last 7 days | attended 4 webinar(s) | attended 2 event(s) | C-Level nan,,81
674bd4b42c374576,lead,Danielle,Dean,danielle.dean@rodriguezgro.com,corporate,"Therapist, speech and language",Champion,VP,,Disqualified,77.7,High,True,93.6,100.0,77.0,22.5,7,17,0.588,16,1,2,2,1,0,0.821,0.143,0a91cbe4c7254c84,False,False,70.0,814.0,Telecommunications,75,25.0,,False,BROKEN_CONV_LINK,1,False,False,False,False,,engaged in last 30 days | attended 2 webinar(s) | attended 1 event(s) | VP Champion | high intent score (70) | flags: BROKEN_CONV_LINK,,82
78dd4e518d4f47e7,lead,Janet,Harris,raylauren@yahoo.com,free_email,Software engineer,Technical Buyer,Individual Contributor,,Recycled,77.7,High,True,100.0,100.0,63.0,25.5,22,52,0.577,4,7,13,4,3,0,0.655,0.318,3463ef6750fb4689,False,False,42.0,9029.0,Education,155,51.66666666666667,,False,FREE_EMAIL,1,False,False,False,False,,engaged in last 7 days | attended 4 webinar(s) | attended 3 event(s) | Individual Contributor Technical Buyer | flags: FREE_EMAIL,,83
6141790e321f45cd,lead,Donald,Williams,donald.williams@carlsonmedin.com,corporate,,Technical Buyer,Individual Contributor,,MQL,77.7,High,True,100.0,98.5,59.0,31.5,6,10,0.4,2,3,4,2,1,0,0.775,0.5,ad9e507474884f1b,False,False,66.0,8767.0,Government,192,64.0,2024-12-05,True,,0,False,False,False,False,,engaged in last 7 days | attended 2 webinar(s) | attended 1 event(s) | Individual Contributor Technical Buyer,,84
954e75a5b6714862,contact,Michael,Tucker,michael.tucker@gallegosharr.com,corporate,,,,,Active,77.7,High,True,100.0,100.0,40.0,48.5,1,3,0.667,16,1,1,0,1,0,1.0,1.0,0aecde9747f94869,True,False,14.0,2030.0,Financial Services,133,66.5,,False,INCOMPLETE_PROFILE,1,False,False,False,False,,engaged in last 30 days | attended 1 event(s) | nan nan | ICP-qualified account | flags: INCOMPLETE_PROFILE,,85
17c4e1f292e94f46,lead,Denise,Moon,denise.moon@sheagroup.com,corporate,Regulatory affairs officer,Economic Buyer,,,Attempted,77.6,High,True,100.0,100.0,71.0,17.2,5,12,0.583,6,2,3,1,2,0,0.84,0.4,cf56917738834ec9,False,False,69.0,126.0,Financial Services,176,58.666666666666664,,False,,0,False,False,False,False,,engaged in last 7 days | attended 1 webinar(s) | attended 2 event(s) | nan Economic Buyer,,86
7a454575c5064e1f,lead,Amanda,Clark,lauren51@gmail.com,free_email,Database administrator,End User,VP,,MQL,77.6,High,True,100.0,73.0,61.0,60.8,5,11,0.545,10,2,3,1,0,0,0.63,0.4,88123fd214dc4799,True,False,43.0,10426.0,Technology,129,43.0,2024-12-01,True,EMAIL_BOUNCED|FREE_EMAIL,2,False,True,False,False,,engaged in last 30 days | attended 1 webinar(s) | VP End User | ICP-qualified account | flags: EMAIL_BOUNCED|FREE_EMAIL,,87
22fcf6c2c9494619,contact,Amy,Brennan,amy.brennan@marshnelsona.com,corporate,,,Individual Contributor,,Attempted,77.6,High,True,100.0,100.0,37.0,50.8,12,22,0.455,1,5,7,4,1,1,0.746,0.417,a49011ff86b645a4,False,True,83.0,417.0,Media,37,18.5,,False,INCOMPLETE_PROFILE,1,False,False,False,False,,engaged in last 7 days | attended 4 webinar(s) | attended 1 event(s) | Individual Contributor nan | named target account | high intent score (83) | flags: INCOMPLETE_PROFILE,,88
91f39ee4b85845a0,lead,Lisa,White,lisa.white@ross-bryant.com,corporate,Musician,,Director,,Disqualified,77.5,High,True,100.0,88.0,67.5,34.8,10,21,0.524,1,6,6,3,0,0,0.63,0.6,2c8f14581a284acd,False,False,99.0,3594.0,Telecommunications,112,37.333333333333336,,False,,0,False,False,False,False,,engaged in last 7 days | attended 3 webinar(s) | Director nan | high intent score (99),,89
4bd3da8e9a7f4f4d,lead,Rebecca,Turner,rebecca.turner@lewisandsons.com,corporate,,Champion,Manager,,Disqualified,77.4,High,True,100.0,100.0,61.5,25.5,17,36,0.528,2,7,10,6,2,1,0.785,0.412,1f0c337008524b22,False,False,82.0,308.0,Media,248,82.66666666666667,,False,OPT_OUT|BROKEN_CONV_LINK,2,True,False,False,False,,engaged in last 7 days | attended 6 webinar(s) | attended 2 event(s) | Manager Champion | high intent score (82) | flags: OPT_OUT|BROKEN_CONV_LINK,,90
1aaff514a1ff40cc,lead,Matthew,Mills,matthew.mills@montgomeryre.com,corporate,Race relations officer,Economic Buyer,Manager,,MQL,77.4,High,True,99.0,96.3,76.5,17.0,3,4,0.25,12,1,1,1,1,0,0.833,0.333,c008c318a3534a2e,False,False,28.0,4622.0,Energy,217,72.33333333333334,2025-03-10,True,,0,False,False,False,False,,engaged in last 30 days | attended 1 webinar(s) | attended 1 event(s) | Manager Economic Buyer,,91
8dd78c60d3e742ad,contact,Daniel,Jordan,erika97@rediffmail.com,free_email,Secretary/administrator,,,,Active,77.4,High,True,100.0,100.0,50.0,37.0,19,53,0.642,4,5,10,4,5,1,0.747,0.263,16c030bda2c84e26,False,True,28.0,425.0,Education,67,33.5,,False,OPT_OUT|NO_LONGER_WITH_COMPANY|FREE_EMAIL|BROKEN_CONV_LINK|INCOMPLETE_PROFILE,5,True,False,True,False,,engaged in last 7 days | attended 4 webinar(s) | attended 5 event(s) | nan nan | named target account | flags: OPT_OUT|NO_LONGER_WITH_COMPANY|FREE_EMAIL|BROKEN_CONV_LINK|INCOMPLETE_PROFILE,,92
0712d3ab8ac149dc,lead,Rodney,Bailey,alan.davis@snyderllc.com,corporate,,End User,C-Level,,MQL,77.1,High,True,100.0,66.3,58.0,69.8,7,23,0.696,11,3,3,1,0,0,0.543,0.429,15f83994f0344e83,True,False,99.0,1815.0,Technology,31,10.333333333333334,2024-12-11,True,,0,False,False,False,False,,engaged in last 30 days | attended 1 webinar(s) | C-Level End User | ICP-qualified account | high intent score (99),,93
f8a9d908842a49e8,lead,Kevin,Hill,brittany.vincent@marshallplc.com,corporate,Insurance claims handler,Technical Buyer,Director,,MQL,76.8,High,True,100.0,100.0,80.5,3.5,29,79,0.633,6,8,13,8,2,0,0.7,0.276,0ae9b66c84764902,False,False,14.0,40.0,Technology,144,48.0,2024-12-19,True,EMAIL_BOUNCED,1,False,True,False,False,,engaged in last 7 days | attended 8 webinar(s) | attended 2 event(s) | Director Technical Buyer | flags: EMAIL_BOUNCED,,94
be148230ba8c4edb,lead,Jose,Hunt,jose.hunt@owens-lang.com,corporate,"Psychotherapist, child",,Director,,MQL,76.8,High,True,100.0,91.8,63.5,30.8,6,20,0.7,9,2,2,2,1,0,0.708,0.333,31cd82025a844220,False,False,83.0,3719.0,Energy,212,70.66666666666667,2024-11-13,True,,0,False,False,False,False,,engaged in last 30 days | attended 2 webinar(s) | attended 1 event(s) | Director nan | high intent score (83),,95
24be141c3d704ce8,contact,Mathew,Santiago,mathew.santiago@riveraltd.com,corporate,Research scientist (life sciences),,,,Active,76.6,High,True,97.0,81.0,50.0,62.0,1,3,0.667,22,1,1,0,0,0,0.8,1.0,1b007d218bee4ed9,True,False,48.0,21801.0,Healthcare,3,1.5,,False,NO_LONGER_WITH_COMPANY|BROKEN_CONV_LINK|INCOMPLETE_PROFILE,3,False,False,True,False,,engaged in last 30 days | nan nan | ICP-qualified account | flags: NO_LONGER_WITH_COMPANY|BROKEN_CONV_LINK|INCOMPLETE_PROFILE,,96
a9c4b464b8d2458c,lead,Rebecca,Sullivan,rebecca.sullivan@johnsonerick.com,corporate,Energy manager,,,,MQL,76.5,High,True,97.0,100.0,57.0,30.8,5,13,0.615,15,2,3,2,1,0,0.8,0.4,2dd397a157a7457b,False,True,3.0,315.0,Legal,24,8.0,2025-04-23,True,INCOMPLETE_PROFILE,1,False,False,False,False,,engaged in last 30 days | attended 2 webinar(s) | attended 1 event(s) | nan nan | named target account | flags: INCOMPLETE_PROFILE,,97
0f16c8902c214f93,lead,Eric,Phillips,eric.phillips@weaver-gibso.com,corporate,Risk manager,Champion,,,Disqualified,76.5,High,True,100.0,100.0,67.0,15.5,7,19,0.632,6,3,3,3,1,1,0.843,0.429,32feb33af3a14087,False,False,62.0,22.0,Manufacturing,207,69.0,,False,,0,False,False,False,False,,engaged in last 7 days | attended 3 webinar(s) | attended 1 event(s) | nan Champion,,98
f3230243253846ca,contact,Hannah,Bowers,smithtodd@yahoo.com,free_email,Plant breeder/geneticist,Champion,,,MQL,76.5,High,True,100.0,100.0,60.0,22.5,2,6,0.667,1,2,2,0,1,1,0.95,1.0,8ac96def092b4ded,False,False,50.0,4590.0,Manufacturing,70,35.0,2025-02-25,True,FREE_EMAIL,1,False,False,False,False,,engaged in last 7 days | attended 1 event(s) | nan Champion | flags: FREE_EMAIL,,99
1485914cb52e4f1c,contact,Christopher,Edwards,christopher.edwards@hamiltongrou.com,corporate,,Champion,Manager,,Attempted,76.5,High,True,100.0,100.0,54.5,28.2,3,8,0.625,7,2,2,1,2,0,1.0,0.667,ed8d9c184c104dd2,False,False,53.0,6077.0,Retail,96,48.0,,False,,0,False,False,False,False,,engaged in last 7 days | attended 1 webinar(s) | attended 2 event(s) | Manager Champion,,100
9d9c18ea82f74155,contact,Michael,Anderson,mark62@outlook.com,free_email,,,VP,,MQL,76.4,High,True,100.0,100.0,55.0,27.2,10,27,0.63,3,5,7,2,3,0,0.735,0.5,bdd89c0f129a4920,False,False,89.0,418.0,Telecommunications,180,90.0,2025-02-12,True,FREE_EMAIL|BROKEN_CONV_LINK|INCOMPLETE_PROFILE,3,False,False,False,False,,engaged in last 7 days | attended 2 webinar(s) | attended 3 event(s) | VP nan | high intent score (89) | flags: FREE_EMAIL|BROKEN_CONV_LINK|INCOMPLETE_PROFILE,,101
a8d80a49be2b46b7,contact,Joshua,Lawrence,support@carlson.com,shared_mailbox,Ergonomist,Technical Buyer,Manager,,MQL,76.3,High,True,100.0,100.0,69.5,11.8,10,18,0.444,2,2,4,2,2,0,0.7,0.2,934a566d86104271,False,False,27.0,215.0,Energy,81,40.5,2025-03-09,True,SHARED_MAILBOX|BROKEN_CONV_LINK,2,False,False,False,False,,engaged in last 7 days | attended 2 webinar(s) | attended 2 event(s) | Manager Technical Buyer | flags: SHARED_MAILBOX|BROKEN_CONV_LINK,,102
abbdc16492114261,contact,Brandy,Davis,brandy.davis@griffinbrown.com,corporate,Pathologist,,Director,,MQL,76.3,High,True,100.0,100.0,60.5,20.8,35,80,0.562,1,13,19,8,3,1,0.646,0.371,a89c906141864d2f,False,False,63.0,698.0,Legal,67,33.5,2025-01-10,True,OPT_OUT|BROKEN_CONV_LINK,2,True,False,False,False,,engaged in last 7 days | attended 8 webinar(s) | attended 3 event(s) | Director nan | flags: OPT_OUT|BROKEN_CONV_LINK,,103
cddb1e175c674a16,lead,Debbie,Velez,info@jimenez.com,shared_mailbox,Social researcher,Champion,,,Qualified,76.2,High,True,100.0,100.0,57.0,24.2,22,42,0.476,2,6,11,5,5,1,0.782,0.273,4fee80985b6b4992,False,False,97.0,106.0,Retail,220,73.33333333333333,,False,OPT_OUT|SHARED_MAILBOX|BROKEN_CONV_LINK,3,True,False,False,False,,engaged in last 7 days | attended 5 webinar(s) | attended 5 event(s) | nan Champion | high intent score (97) | flags: OPT_OUT|SHARED_MAILBOX|BROKEN_CONV_LINK,,104
044d95ea3c554d97,contact,Kelly,Roberts,reedscott@hotmail.com,free_email,Furniture conservator/restorer,Technical Buyer,Manager,,MQL,76.2,High,True,96.4,99.2,69.5,19.0,8,15,0.467,14,2,4,0,3,0,0.762,0.25,be8d4927317045e1,False,False,16.0,8346.0,Media,199,99.5,2024-12-22,True,OPT_OUT|FREE_EMAIL|BROKEN_CONV_LINK,3,True,False,False,False,,engaged in last 30 days | attended 3 event(s) | Manager Technical Buyer | flags: OPT_OUT|FREE_EMAIL|BROKEN_CONV_LINK,,105
5947b9c057614df7,lead,Ryan,Garner,ryan.garner@cain-hawkins.com,corporate,Theatre director,Technical Buyer,Manager,,MQL,76.0,High,True,91.1,100.0,74.5,21.0,2,6,0.667,23,1,1,1,1,0,1.0,0.5,7834506c04fd4abd,False,False,64.0,853.0,Government,72,24.0,2025-03-27,True,EMAIL_BOUNCED,1,False,True,False,False,,engaged in last 30 days | attended 1 webinar(s) | attended 1 event(s) | Manager Technical Buyer | flags: EMAIL_BOUNCED,,106
030f2d1a122241e3,contact,Samantha,Hall,samantha.hall@clayalvareza.com,corporate,Cabin crew,Technical Buyer,,,Nurture,76.0,High,True,100.0,100.0,65.0,15.0,36,77,0.532,8,12,19,8,5,0,0.722,0.333,59d9bcc03ed14e5f,False,False,0.0,5161.0,Insurance,63,31.5,,False,OPT_OUT|BROKEN_CONV_LINK,2,True,False,False,False,,engaged in last 30 days | attended 8 webinar(s) | attended 5 event(s) | nan Technical Buyer | flags: OPT_OUT|BROKEN_CONV_LINK,,107
62318b94bb604b39,contact,Rebecca,Jennings,rebecca.jennings@camachomathe.com,corporate,"Nurse, learning disability",Champion,,,MQL,76.0,High,True,100.0,67.0,60.0,61.0,2,5,0.6,12,1,1,0,0,0,0.65,0.5,c5fe231ec72a4d48,False,True,84.0,33701.0,Media,125,62.5,2025-01-20,True,,0,False,False,False,False,,engaged in last 30 days | nan Champion | named target account | high intent score (84),,108
1a3f5bb36b53426f,contact,Holly,Bender,holly.bender@fernandezkim.com,corporate,Podiatrist,,VP,,Active,75.9,High,True,100.0,82.0,65.0,37.0,2,4,0.5,6,2,2,1,0,0,0.75,1.0,16c030bda2c84e26,False,True,28.0,425.0,Education,142,71.0,,False,BROKEN_CONV_LINK,1,False,False,False,False,,engaged in last 7 days | attended 1 webinar(s) | VP nan | named target account | flags: BROKEN_CONV_LINK,,109
06a314de65cf414e,lead,Bobby,Smith,bobby.smith@atkinsplc.com,corporate,"Pilot, airline",,VP,,New,75.8,High,True,100.0,100.0,62.0,17.0,27,73,0.63,6,9,14,6,1,2,0.709,0.333,716010f0b4954f11,False,False,28.0,2373.0,Manufacturing,151,50.33333333333333,,False,,0,False,False,False,False,,engaged in last 7 days | attended 6 webinar(s) | attended 1 event(s) | VP nan,,110
d15101b92547480d,lead,Amanda,Glover,amanda.glover@howardevansa.com,corporate,"Surveyor, insurance",,,,Disqualified,75.8,High,True,100.0,100.0,57.0,22.0,30,69,0.565,3,12,14,6,5,1,0.693,0.4,333bd94553c8466a,False,False,88.0,49.0,Healthcare,67,22.333333333333332,,False,INCOMPLETE_PROFILE,1,False,False,False,False,,engaged in last 7 days | attended 6 webinar(s) | attended 5 event(s) | nan nan | high intent score (88) | flags: INCOMPLETE_PROFILE,,111
9545b79a24c94fad,contact,Kevin,Hill,kevin.hill@bellinc.com,corporate,Insurance claims handler,Technical Buyer,Director,,Active,75.8,High,True,100.0,100.0,75.5,3.5,24,66,0.636,1,7,9,6,3,1,0.681,0.292,0ae9b66c84764902,False,False,14.0,40.0,Technology,78,39.0,,False,EMAIL_BOUNCED|NO_LONGER_WITH_COMPANY|BROKEN_CONV_LINK,3,False,True,True,False,,engaged in last 7 days | attended 6 webinar(s) | attended 3 event(s) | Director Technical Buyer | flags: EMAIL_BOUNCED|NO_LONGER_WITH_COMPANY|BROKEN_CONV_LINK,,112
2b7e33670caa4a32,lead,Erik,Olson,erik.olson@petersonltd.com,corporate,"Therapist, art",Technical Buyer,Individual Contributor,,Attempted,75.7,High,True,100.0,100.0,59.0,19.5,8,16,0.5,8,3,3,2,4,0,0.912,0.375,0fce65eaa1234650,False,False,18.0,6222.0,Energy,12,4.0,,False,,0,False,False,False,True,Personal Email,engaged in last 30 days | attended 2 webinar(s) | attended 4 event(s) | Individual Contributor Technical Buyer,,113
abe498bbd0004266,lead,Linda,Dalton,linda.dalton@munozsimmons.com,corporate,,Technical Buyer,,,New,75.7,High,True,97.7,92.9,58.0,33.2,7,22,0.682,13,2,3,0,2,1,0.729,0.286,10292fb10553429b,False,True,13.0,926.0,Energy,122,40.666666666666664,,False,INCOMPLETE_PROFILE,1,False,False,False,False,,engaged in last 30 days | attended 2 event(s) | nan Technical Buyer | named target account | flags: INCOMPLETE_PROFILE,,114
5534dfe730d141f6,lead,Travis,Ray,travis.ray@brownhernand.com,corporate,,End User,Individual Contributor,,MQL,75.6,High,True,99.8,92.8,33.0,54.5,4,8,0.5,13,2,3,2,0,0,0.788,0.5,232dc6dccdcc4d58,False,True,98.0,546.0,Energy,218,72.66666666666667,2025-04-04,True,BROKEN_CONV_LINK,1,False,False,False,False,,engaged in last 30 days | attended 2 webinar(s) | Individual Contributor End User | named target account | high intent score (98) | flags: BROKEN_CONV_LINK,,115
49bc6d7c3f6b4e3c,lead,Mercedes,Rubio,sales@watson-stewart.org,shared_mailbox,,,VP,,MQL,75.6,High,True,100.0,100.0,52.0,26.2,21,51,0.588,4,7,10,7,2,1,0.721,0.333,bc212a4c068f41f4,False,False,85.0,713.0,Energy,244,81.33333333333333,2024-12-08,True,EMAIL_BOUNCED|SHARED_MAILBOX|INCOMPLETE_PROFILE,3,False,True,False,False,,engaged in last 7 days | attended 7 webinar(s) | attended 2 event(s) | VP nan | high intent score (85) | flags: EMAIL_BOUNCED|SHARED_MAILBOX|INCOMPLETE_PROFILE,,116
77a89a0bf54c49d5,contact,Matthew,Rodriguez,matthew.rodriguez@mccullough-t.com,corporate,Structural engineer,Technical Buyer,,,MQL,75.6,High,True,100.0,100.0,65.0,13.2,10,27,0.63,10,4,4,2,2,0,0.75,0.4,3ea7d8229ce34bc1,False,False,13.0,3079.0,Legal,190,95.0,2025-03-24,True,,0,False,False,False,False,,engaged in last 30 days | attended 2 webinar(s) | attended 2 event(s) | nan Technical Buyer,,117
5c940c36c3f04d54,lead,Kimberly,Pace,kimberly.pace@paynelongand.com,corporate,,Technical Buyer,Individual Contributor,,MQL,75.5,High,True,100.0,100.0,55.0,22.5,8,14,0.429,3,6,7,2,2,0,0.812,0.75,edf3b7ee3da04803,False,False,30.0,36633.0,Media,240,80.0,2025-01-24,True,,0,False,False,False,False,,engaged in last 7 days | attended 2 webinar(s) | attended 2 event(s) | Individual Contributor Technical Buyer,,118
4b15b313ad354856,lead,Lawrence,Smith,support@decker.biz,shared_mailbox,Chief Technology Officer,Economic Buyer,,,Disqualified,75.5,High,True,68.3,97.0,67.0,69.8,2,2,0.0,58,0,1,1,0,0,0.9,0.0,15f83994f0344e83,True,False,99.0,1815.0,Technology,68,22.666666666666664,,False,SHARED_MAILBOX,1,False,False,False,False,,engaged in last 90 days | attended 1 webinar(s) | nan Economic Buyer | ICP-qualified account | high intent score (99) | flags: SHARED_MAILBOX,,119
8ed62e96c62a4aaf,lead,Samantha,Hall,contact@washington.com,shared_mailbox,Cabin crew,Technical Buyer,,,New,75.4,High,True,100.0,100.0,62.0,15.0,22,38,0.421,2,10,15,5,2,3,0.743,0.455,59d9bcc03ed14e5f,False,False,0.0,5161.0,Insurance,15,5.0,,False,OPT_OUT|SHARED_MAILBOX,2,True,False,False,False,,engaged in last 7 days | attended 5 webinar(s) | attended 2 event(s) | nan Technical Buyer | flags: OPT_OUT|SHARED_MAILBOX,,120
1141c9b10211449e,lead,Joan,Johnson,gmoss@gmail.com,free_email,"Scientist, research (life sciences)",,,,MQL,75.4,High,True,100.0,100.0,52.0,25.0,21,40,0.475,3,10,15,3,1,2,0.602,0.476,52a06ee62d294ee8,False,False,80.0,457.0,Telecommunications,172,57.333333333333336,2025-01-17,True,OPT_OUT|FREE_EMAIL|INCOMPLETE_PROFILE,3,True,False,False,False,,engaged in last 7 days | attended 3 webinar(s) | attended 1 event(s) | nan nan | high intent score (80) | flags: OPT_OUT|FREE_EMAIL|INCOMPLETE_PROFILE,,121
8a1295d2fc8249b1,lead,Sarah,Walters,john.arnold@lee-greene.com,corporate,,Technical Buyer,,,New,75.4,High,True,100.0,97.0,52.0,28.5,5,8,0.375,13,3,4,1,1,0,0.82,0.6,595d261eba674196,False,False,54.0,7146.0,Education,121,40.33333333333333,,False,INCOMPLETE_PROFILE,1,False,False,False,False,,engaged in last 30 days | attended 1 webinar(s) | attended 1 event(s) | nan Technical Buyer | flags: INCOMPLETE_PROFILE,,122
996e7c7b1f9d4ec7,contact,Kathleen,Johnson,kathleen.johnson@edwardsllc.com,corporate,Commercial art gallery manager,,,,MQL,75.4,High,True,100.0,90.5,50.0,39.0,10,29,0.655,1,7,8,1,2,0,0.655,0.7,99775319017f4b55,False,False,96.0,5618.0,Legal,164,82.0,2025-01-23,True,EMAIL_BOUNCED|BROKEN_CONV_LINK|INCOMPLETE_PROFILE,3,False,True,False,False,,engaged in last 7 days | attended 1 webinar(s) | attended 2 event(s) | nan nan | high intent score (96) | flags: EMAIL_BOUNCED|BROKEN_CONV_LINK|INCOMPLETE_PROFILE,,123
6813164b02d344e9,contact,Nicholas,Johnson,nicholas.johnson@combsltd.com,corporate,,,VP,,MQL,75.4,High,True,100.0,100.0,55.0,22.2,15,43,0.651,6,6,8,4,2,0,0.757,0.4,b456f25952eb43f7,False,False,29.0,9517.0,Manufacturing,194,97.0,2025-02-17,True,BROKEN_CONV_LINK|INCOMPLETE_PROFILE,2,False,False,False,False,,engaged in last 7 days | attended 4 webinar(s) | attended 2 event(s) | VP nan | flags: BROKEN_CONV_LINK|INCOMPLETE_PROFILE,,124
3a572581908f43c0,contact,Jordan,Nunez,jordan.nunez@ferguson-smi.com,corporate,Commercial horticulturist,,Manager,,MQL,75.4,High,True,100.0,100.0,54.5,22.5,17,37,0.541,1,9,10,4,3,1,0.721,0.529,0a91cbe4c7254c84,False,False,70.0,814.0,Telecommunications,38,19.0,2025-01-09,True,,0,False,False,False,False,,engaged in last 7 days | attended 4 webinar(s) | attended 3 event(s) | Manager nan | high intent score (70),,125
9164fa454f634cf7,lead,Thomas,Ortiz,thomas.ortiz@burkeinc.com,corporate,,,Manager,,MQL,75.2,High,True,100.0,100.0,45.5,30.5,15,50,0.7,1,7,8,3,2,0,0.69,0.467,b05552fd87fa4635,False,False,82.0,3904.0,Retail,12,4.0,2025-01-19,True,EMAIL_BOUNCED|INCOMPLETE_PROFILE,2,False,True,False,False,,engaged in last 7 days | attended 3 webinar(s) | attended 2 event(s) | Manager nan | high intent score (82) | flags: EMAIL_BOUNCED|INCOMPLETE_PROFILE,,126
a91ebc03bcf94e80,lead,Tiffany,Garcia,tiffany.garcia@washington-h.com,corporate,Chartered management accountant,,,,Disqualified,75.1,High,True,100.0,87.7,52.0,39.0,3,5,0.4,5,2,3,0,1,1,0.767,0.667,99775319017f4b55,False,False,96.0,5618.0,Legal,222,74.0,,False,INCOMPLETE_PROFILE,1,False,False,False,False,,engaged in last 7 days | attended 1 event(s) | nan nan | high intent score (96) | flags: INCOMPLETE_PROFILE,,127
fe6fdf5a360b4e07,contact,Christopher,Phelps,christopher.phelps@pricegroup.com,corporate,,Champion,Individual Contributor,,MQL,75.1,High,True,100.0,100.0,47.0,28.5,17,44,0.614,2,8,10,6,2,0,0.709,0.471,595d261eba674196,False,False,54.0,7146.0,Education,156,78.0,2025-04-14,True,OPT_OUT,1,True,False,False,False,,engaged in last 7 days | attended 6 webinar(s) | attended 2 event(s) | Individual Contributor Champion | flags: OPT_OUT,,128
29c08f51e8c04415,lead,Kevin,Miller,kevin.miller@james-short.com,corporate,Airline pilot,Champion,,,New,74.8,High,True,100.0,100.0,65.0,9.2,20,49,0.592,1,8,9,7,2,1,0.745,0.4,8807040d699e4b2d,False,False,17.0,966.0,Legal,160,53.333333333333336,,False,EMAIL_BOUNCED,1,False,True,False,False,,engaged in last 7 days | attended 7 webinar(s) | attended 2 event(s) | nan Champion | flags: EMAIL_BOUNCED,,129
2c7e77e1daf0468c,lead,Alexandria,Allen,tracy.nolan@johnstonvele.com,corporate,Teaching laboratory technician,,Individual Contributor,,New,74.8,High,True,92.8,82.0,44.0,65.0,2,3,0.333,21,1,1,0,1,0,0.75,0.5,475ce8a925de4fb3,False,True,100.0,5796.0,Legal,204,68.0,,False,,0,False,False,False,True,Personal Email,engaged in last 30 days | attended 1 event(s) | Individual Contributor nan | named target account | high intent score (100),,130
f56d8f8da7864e89,lead,Monica,Roberts,monica.roberts@smithplc.com,corporate,Toxicologist,,VP,,Attempted,74.7,High,True,95.5,91.3,68.0,24.2,3,8,0.625,16,1,2,2,0,0,0.783,0.333,4fee80985b6b4992,False,False,97.0,106.0,Retail,285,95.0,,False,,0,False,False,False,False,,engaged in last 30 days | attended 2 webinar(s) | VP nan | high intent score (97),,131
20990d7692cc44c4,lead,Gina,Smith,gina.smith@stanley-bate.com,corporate,,Technical Buyer,Individual Contributor,,New,74.7,High,True,100.0,100.0,53.0,20.5,28,73,0.616,2,12,16,4,4,2,0.691,0.429,f1bb53af63424868,False,False,62.0,353.0,Insurance,128,42.66666666666667,,False,,0,False,False,False,True,Bad Data,engaged in last 7 days | attended 4 webinar(s) | attended 4 event(s) | Individual Contributor Technical Buyer,,132
583582279caf41f4,lead,Justin,Lee,justin.lee@harveyinc.com,corporate,"Therapist, music",End User,Manager,,MQL,74.7,High,True,100.0,100.0,52.5,21.2,28,74,0.622,11,10,13,4,2,2,0.652,0.357,8a4c192396b94fd1,False,False,45.0,3883.0,Telecommunications,34,11.333333333333332,2024-12-16,True,,0,False,False,False,False,,engaged in last 30 days | attended 4 webinar(s) | attended 2 event(s) | Manager End User,,133
89d92d66377e4b5b,lead,Kristina,Cooper,kristina.cooper@sandovalgarc.com,corporate,,CISO,,,MQL,74.6,High,True,100.0,100.0,62.0,11.2,27,70,0.614,4,7,10,7,2,2,0.672,0.259,c6ac99ebfd304307,False,False,5.0,1474.0,Insurance,45,15.0,2025-01-07,True,INCOMPLETE_PROFILE,1,False,False,False,False,,engaged in last 7 days | attended 7 webinar(s) | attended 2 event(s) | nan CISO | flags: INCOMPLETE_PROFILE,,134
f4853397b7384ac8,lead,Scott,Mcknight,scott.mcknight@clarkltd.com,corporate,,,VP,,Disqualified,74.6,High,True,100.0,100.0,56.0,17.0,29,73,0.603,4,10,13,4,5,1,0.712,0.345,0b184e0bbfcc4953,False,False,28.0,1815.0,Media,92,30.666666666666664,,False,INCOMPLETE_PROFILE,1,False,False,False,False,,engaged in last 7 days | attended 4 webinar(s) | attended 5 event(s) | VP nan | flags: INCOMPLETE_PROFILE,,135
a3e2d2f0cef74b54,contact,Sheila,Reed,sheila.reed@grahammartin.com,corporate,,Economic Buyer,Individual Contributor,,Active,74.6,High,True,100.0,100.0,57.0,16.0,13,28,0.536,7,6,8,3,2,0,0.688,0.462,24827055fadd4275,False,False,24.0,3361.0,Education,25,12.5,,False,NO_LONGER_WITH_COMPANY,1,False,False,True,False,,engaged in last 7 days | attended 3 webinar(s) | attended 2 event(s) | Individual Contributor Economic Buyer | flags: NO_LONGER_WITH_COMPANY,,136
a3e3f3f6beeb4c97,contact,Sarah,Horton,danielyang@gmx.de,free_email,Film/video editor,Technical Buyer,,,MQL,74.5,High,True,100.0,67.0,65.0,48.8,2,3,0.333,6,1,1,0,0,0,0.65,0.5,a38c0a4809fd493d,False,True,95.0,197.0,Government,144,72.0,2024-12-14,True,EMAIL_BOUNCED|FREE_EMAIL|BROKEN_CONV_LINK,3,False,True,False,False,,engaged in last 7 days | nan Technical Buyer | named target account | high intent score (95) | flags: EMAIL_BOUNCED|FREE_EMAIL|BROKEN_CONV_LINK,,137
1502cd8e22ae409a,contact,Ashley,Arnold,ashley.arnold@palmerplc.com,corporate,,Technical Buyer,Individual Contributor,,Active,74.5,High,True,100.0,100.0,52.0,20.5,29,79,0.633,4,7,13,4,6,1,0.736,0.241,6325df2ef5104f7e,False,False,82.0,143.0,Legal,171,85.5,,False,,0,False,False,False,False,,engaged in last 7 days | attended 4 webinar(s) | attended 6 event(s) | Individual Contributor Technical Buyer | high intent score (82),,138
6d48e6fd2ed04829,lead,James,Morgan,spam_cluster@example.com,corporate,,,Individual Contributor,,New,74.4,High,True,100.0,100.0,39.0,33.2,22,58,0.621,2,5,10,5,6,1,0.759,0.227,10292fb10553429b,False,True,13.0,926.0,Energy,233,77.66666666666666,,False,INCOMPLETE_PROFILE,1,False,False,False,False,,engaged in last 7 days | attended 5 webinar(s) | attended 6 event(s) | Individual Contributor nan | named target account | flags: INCOMPLETE_PROFILE,,139
c82537ec8ec1481c,lead,Angela,Butler,kimberlyjames@gmail.com,free_email,,End User,Manager,,MQL,74.3,High,True,100.0,100.0,46.5,25.0,17,43,0.605,4,4,8,4,1,2,0.694,0.235,52a06ee62d294ee8,False,False,80.0,457.0,Telecommunications,224,74.66666666666667,2024-11-08,True,OPT_OUT|FREE_EMAIL|BROKEN_CONV_LINK,3,True,False,False,False,,engaged in last 7 days | attended 4 webinar(s) | attended 1 event(s) | Manager End User | high intent score (80) | flags: OPT_OUT|FREE_EMAIL|BROKEN_CONV_LINK,,140
0b3eacce15174f2f,lead,Christopher,Moore,gandrews@libero.it,free_email,Best boy,Champion,,,MQL,74.3,High,True,86.0,84.0,61.0,54.8,4,8,0.5,26,1,1,1,0,0,0.75,0.25,1e5548d07a324f62,True,False,39.0,2328.0,Healthcare,105,35.0,2024-12-09,True,FREE_EMAIL,1,False,False,False,False,,engaged in last 30 days | attended 1 webinar(s) | nan Champion | ICP-qualified account | flags: FREE_EMAIL,,141
b5c5be6cd5244f0b,contact,Vanessa,Reed,vanessa.reed@anderson-woo.com,corporate,,Economic Buyer,Individual Contributor,,MQL,74.3,High,True,96.3,100.0,57.0,21.2,25,41,0.39,14,6,11,3,3,2,0.696,0.24,8a4c192396b94fd1,False,False,45.0,3883.0,Telecommunications,104,52.0,2025-01-18,True,BROKEN_CONV_LINK,1,False,False,False,False,,engaged in last 30 days | attended 3 webinar(s) | attended 3 event(s) | Individual Contributor Economic Buyer | flags: BROKEN_CONV_LINK,,142
8bf5870480484cbb,lead,Joshua,Lawrence,support@carlson.com,shared_mailbox,Ergonomist,Technical Buyer,Manager,,MQL,74.2,High,True,100.0,86.2,76.5,11.8,9,22,0.591,6,2,2,1,2,0,0.622,0.222,934a566d86104271,False,False,27.0,215.0,Energy,182,60.66666666666667,2024-12-31,True,SHARED_MAILBOX|BROKEN_CONV_LINK,2,False,False,False,False,,engaged in last 7 days | attended 1 webinar(s) | attended 2 event(s) | Manager Technical Buyer | flags: SHARED_MAILBOX|BROKEN_CONV_LINK,,143
7448b37b50ee42df,lead,Amanda,Ellison,amanda.ellison@petersgroup.com,corporate,Homeopath,,Manager,,MQL,74.2,High,True,98.1,100.0,55.5,19.0,9,12,0.25,13,3,3,3,1,0,0.756,0.333,31bba107f3a64f50,False,False,56.0,962.0,Telecommunications,238,79.33333333333333,2024-12-17,True,,0,False,False,False,False,,engaged in last 30 days | attended 3 webinar(s) | attended 1 event(s) | Manager nan,,144
11d4c4bde5154314,lead,Kevin,Arnold,kevin.arnold@brewerinc.com,corporate,Health visitor,,Manager,,MQL,74.1,High,True,100.0,91.0,59.5,22.2,10,16,0.375,10,3,4,2,1,1,0.63,0.3,ca94fa518e714acd,False,False,89.0,16.0,Energy,284,94.66666666666667,2024-12-14,True,NO_LONGER_WITH_COMPANY,1,False,False,True,False,,engaged in last 30 days | attended 2 webinar(s) | attended 1 event(s) | Manager nan | high intent score (89) | flags: NO_LONGER_WITH_COMPANY,,145
09bd947f1a20457f,lead,Robert,Wood,colonjoseph@hotmail.com,free_email,Architect,Champion,Manager,,New,74.1,High,True,100.0,100.0,65.5,5.0,14,33,0.576,2,7,8,3,3,1,0.743,0.5,75848e4543da43c0,False,False,0.0,375.0,Government,155,51.66666666666667,,False,FREE_EMAIL,1,False,False,False,True,Duplicate,engaged in last 7 days | attended 3 webinar(s) | attended 3 event(s) | Manager Champion | flags: FREE_EMAIL,,146
4b772f636355433d,contact,Donna,May,donna.may@brownwelchan.com,corporate,"Scientist, product/process development",Champion,Manager,,Qualified,74.1,High,True,90.0,86.8,64.5,40.0,8,16,0.5,20,1,5,2,1,0,0.638,0.125,f16e9a908c10417b,False,False,100.0,14576.0,Government,164,82.0,,False,,0,False,False,False,False,,engaged in last 30 days | attended 2 webinar(s) | attended 1 event(s) | Manager Champion | high intent score (100),,147
5568bcfbf06541ad,lead,Laurie,Taylor,brett75@yahoo.com,free_email,,Technical Buyer,,,New,74.0,High,True,100.0,96.1,57.0,17.8,8,23,0.652,3,4,5,2,2,0,0.681,0.5,22870b34a8464cf1,False,False,31.0,1797.0,Government,5,1.6666666666666667,,False,FREE_EMAIL|INCOMPLETE_PROFILE,2,False,False,False,False,,engaged in last 7 days | attended 2 webinar(s) | attended 2 event(s) | nan Technical Buyer | flags: FREE_EMAIL|INCOMPLETE_PROFILE,,148
f9b10063478744cc,lead,Lauren,Johnson,lauren.johnson@floresinc.com,corporate,"Buyer, retail",Technical Buyer,Individual Contributor,,MQL,74.0,High,True,94.8,100.0,63.0,16.2,11,30,0.633,14,1,1,4,2,1,0.823,0.091,b558bec84a8345e7,False,False,45.0,727.0,Retail,196,65.33333333333333,2025-02-07,True,,0,False,False,False,False,,engaged in last 30 days | attended 4 webinar(s) | attended 2 event(s) | Individual Contributor Technical Buyer,,149
62a8398c8b354c9e,lead,Maria,Davenport,maria.davenport@lane-hudson.com,corporate,Mudlogger,,Individual Contributor,,Recycled,74.0,High,True,100.0,100.0,54.0,16.2,11,30,0.633,2,6,6,4,2,0,0.8,0.545,b558bec84a8345e7,False,False,45.0,727.0,Retail,73,24.333333333333336,,False,,0,False,False,False,False,,engaged in last 7 days | attended 4 webinar(s) | attended 2 event(s) | Individual Contributor nan,,150
d8456bcecfc0474c,lead,Colleen,Black,colleen.black@aguirrecohen.com,corporate,Ship broker,Champion,,,New,73.9,High,True,97.3,89.0,67.0,21.2,4,8,0.5,13,1,2,2,0,0,0.75,0.25,d8a2981ef05a4db6,False,False,25.0,45288.0,Media,262,87.33333333333333,,False,EMAIL_BOUNCED|NO_LONGER_WITH_COMPANY,2,False,True,True,True,No Longer With Company,engaged in last 30 days | attended 2 webinar(s) | nan Champion | flags: EMAIL_BOUNCED|NO_LONGER_WITH_COMPANY,,151
99a43c233e0043f3,contact,Craig,Johnson,craig.johnson@powersbrenna.com,corporate,,,Director,,Active,73.9,High,True,100.0,100.0,50.5,19.2,12,27,0.556,1,9,10,2,2,0,0.704,0.75,0e4988a55dc842c0,False,False,57.0,798.0,Media,157,78.5,,False,BROKEN_CONV_LINK|INCOMPLETE_PROFILE,2,False,False,False,False,,engaged in last 7 days | attended 2 webinar(s) | attended 2 event(s) | Director nan | flags: BROKEN_CONV_LINK|INCOMPLETE_PROFILE,,152
21614aa0be8f46ef,contact,Zachary,Fisher,dominguezbrianna@yahoo.com,free_email,Investment analyst,,,,Nurture,73.9,High,True,100.0,97.7,50.0,22.5,7,14,0.5,3,4,4,1,2,0,0.757,0.571,edf3b7ee3da04803,False,False,30.0,36633.0,Media,57,28.499999999999996,,False,OPT_OUT|FREE_EMAIL|INCOMPLETE_PROFILE,3,True,False,False,False,,engaged in last 7 days | attended 1 webinar(s) | attended 2 event(s) | nan nan | flags: OPT_OUT|FREE_EMAIL|INCOMPLETE_PROFILE,,153
ebd8f866c50e460d,lead,Michael,Carson,michael.carson@wolfgroup.com,corporate,,Champion,Individual Contributor,,Attempted,73.8,High,True,100.0,100.0,49.0,20.0,10,20,0.5,11,4,6,1,3,0,0.73,0.4,440751f90ac74a98,False,False,20.0,23618.0,Retail,26,8.666666666666668,,False,OPT_OUT,1,True,False,False,True,Personal Email,engaged in last 30 days | attended 1 webinar(s) | attended 3 event(s) | Individual Contributor Champion | flags: OPT_OUT,,154
228c5423fd774f7a,lead,Martin,Saunders,martin.saunders@kennedysando.com,corporate,,Champion,Individual Contributor,,MQL,73.8,High,True,99.4,100.0,54.0,16.0,13,30,0.567,13,6,8,2,3,0,0.688,0.462,24827055fadd4275,False,False,24.0,3361.0,Education,155,51.66666666666667,2025-04-03,True,,0,False,False,False,False,,engaged in last 30 days | attended 2 webinar(s) | attended 3 event(s) | Individual Contributor Champion,,155
bf008e0a7be44b4c,lead,Adam,Jennings,support@foster-carroll.com,shared_mailbox,,Economic Buyer,Individual Contributor,,MQL,73.8,High,True,100.0,91.0,60.0,20.5,5,12,0.583,6,2,2,1,1,0,0.76,0.4,f1bb53af63424868,False,False,62.0,353.0,Insurance,75,25.0,2025-03-02,True,EMAIL_BOUNCED|SHARED_MAILBOX,2,False,True,False,False,,engaged in last 7 days | attended 1 webinar(s) | attended 1 event(s) | Individual Contributor Economic Buyer | flags: EMAIL_BOUNCED|SHARED_MAILBOX,,156
7c400e5860724c83,lead,Jaclyn,Washington,jaclyn.washington@atkinscooper.com,corporate,Dance movement psychotherapist,,,,New,73.8,High,True,100.0,100.0,52.0,17.2,14,42,0.667,2,6,7,4,2,1,0.739,0.429,e883696d459b4467,False,False,29.0,4053.0,Retail,244,81.33333333333333,,False,INCOMPLETE_PROFILE,1,False,False,False,True,No Longer With Company,engaged in last 7 days | attended 4 webinar(s) | attended 2 event(s) | nan nan | flags: INCOMPLETE_PROFILE,,157
20345e8b37f9427f,contact,Samantha,Bright,hamiltoncorey@yahoo.com,free_email,Chiropodist,,Individual Contributor,,Active,73.8,High,True,100.0,100.0,47.0,22.0,18,57,0.684,1,6,7,4,2,1,0.692,0.333,333bd94553c8466a,False,False,88.0,49.0,Healthcare,195,97.5,,False,EMAIL_BOUNCED|FREE_EMAIL|BROKEN_CONV_LINK,3,False,True,False,False,,engaged in last 7 days | attended 4 webinar(s) | attended 2 event(s) | Individual Contributor nan | high intent score (88) | flags: EMAIL_BOUNCED|FREE_EMAIL|BROKEN_CONV_LINK,,158
950d9206521b4af9,lead,Justin,Cummings,justin.cummings@brandtmorris.com,corporate,Ceramics designer,End User,,,MQL,73.7,High,True,100.0,100.0,46.0,22.5,22,53,0.585,3,6,10,4,4,0,0.643,0.273,0a91cbe4c7254c84,False,False,70.0,814.0,Telecommunications,43,14.333333333333334,2025-03-05,True,BROKEN_CONV_LINK,1,False,False,False,False,,engaged in last 7 days | attended 4 webinar(s) | attended 4 event(s) | nan End User | high intent score (70) | flags: BROKEN_CONV_LINK,,159
28c266a022484428,lead,Amber,Brown,amber.brown@andersengrou.com,corporate,Ambulance person,Champion,,,Disqualified,73.6,High,True,99.4,88.4,61.0,22.5,7,12,0.417,11,2,3,1,2,0,0.664,0.286,afc81c8dac114849,False,False,30.0,5212.0,Energy,172,57.333333333333336,,False,,0,False,False,False,False,,engaged in last 30 days | attended 1 webinar(s) | attended 2 event(s) | nan Champion,,160
f1f808d2e39247e2,lead,Kristie,Hernandez,kristie.hernandez@miller-dunca.com,corporate,Artist,End User,Manager,,MQL,73.6,High,True,100.0,97.4,56.5,14.8,8,12,0.333,2,4,6,4,0,0,0.744,0.5,1114eee3178d4263,False,False,59.0,73.0,Education,279,93.0,2025-03-26,True,,0,False,False,False,False,,engaged in last 7 days | attended 4 webinar(s) | Manager End User,,161
974e60a7e90c41ab,lead,Priya,Sharma,j.analyst@startup.io,corporate,Security Analyst,End User,Individual Contributor,,New,73.5,High,True,100.0,100.0,45.0,22.5,12,23,0.478,2,10,10,5,2,2,0.842,0.833,8ac96def092b4ded,False,False,50.0,4590.0,Manufacturing,35,11.666666666666666,,False,,0,False,False,False,False,,engaged in last 7 days | attended 5 webinar(s) | attended 2 event(s) | Individual Contributor End User,persona_3_junior_high_activity,162
9ad26c51d20e4137,contact,Linda,Miller,alexanderrodriguez@rediffmail.com,free_email,,End User,,,MQL,73.5,High,True,100.0,91.3,35.0,43.2,3,5,0.4,3,2,2,1,1,0,0.783,0.667,ebf81ee0f13b4089,False,True,53.0,670.0,Government,145,72.5,2025-04-22,True,FREE_EMAIL|INCOMPLETE_PROFILE,2,False,False,False,False,,engaged in last 7 days | attended 1 webinar(s) | attended 1 event(s) | nan End User | named target account | flags: FREE_EMAIL|INCOMPLETE_PROFILE,,163
005d1a8e203d4082,lead,Carla,Johnson,carla.johnson@brown-frey.com,corporate,Senior tax professional/tax inspector,,Manager,,Qualified,73.4,High,True,94.7,100.0,59.5,16.8,20,41,0.512,16,5,8,2,5,1,0.782,0.25,288755b429cb461d,False,False,7.0,44174.0,Legal,212,70.66666666666667,,False,,0,False,False,False,False,,engaged in last 30 days | attended 2 webinar(s) | attended 5 event(s) | Manager nan,,164
95a1b6484d0e4618,lead,Christie,Diaz,christie.diaz@coleman-barn.com,corporate,,End User,Manager,,Recycled,73.4,High,True,100.0,100.0,44.5,22.5,14,42,0.667,4,7,10,4,1,2,0.711,0.5,afc81c8dac114849,False,False,30.0,5212.0,Energy,198,66.0,,False,,0,False,False,False,False,,engaged in last 7 days | attended 4 webinar(s) | attended 1 event(s) | Manager End User,,165
367d941ba82f46c4,contact,Michael,Ingram,michael.ingram@beckerlaraan.com,corporate,Radio broadcast assistant,,,,MQL,73.4,High,True,100.0,81.8,50.0,39.5,18,31,0.419,3,7,8,1,0,1,0.558,0.389,8c1fc9cab9544c54,False,False,98.0,6558.0,Legal,6,3.0,2024-12-27,True,NO_LONGER_WITH_COMPANY|BROKEN_CONV_LINK|INCOMPLETE_PROFILE,3,False,False,True,False,,engaged in last 7 days | attended 1 webinar(s) | nan nan | high intent score (98) | flags: NO_LONGER_WITH_COMPANY|BROKEN_CONV_LINK|INCOMPLETE_PROFILE,,166
a271fb03058b4035,contact,James,Edwards,james.edwards@novak-carter.com,corporate,Recycling officer,End User,,,Active,73.4,High,True,100.0,100.0,45.0,22.2,15,35,0.571,9,3,6,3,3,0,0.637,0.2,b456f25952eb43f7,False,False,29.0,9517.0,Manufacturing,155,77.5,,False,NO_LONGER_WITH_COMPANY|BROKEN_CONV_LINK,2,False,False,True,False,,engaged in last 30 days | attended 3 webinar(s) | attended 3 event(s) | nan End User | flags: NO_LONGER_WITH_COMPANY|BROKEN_CONV_LINK,,167
04c0e47b5c624533,contact,Brandy,Bonilla,robertjones@gmail.com,free_email,,,Individual Contributor,,Nurture,73.4,High,True,100.0,100.0,37.0,30.2,7,16,0.562,3,3,3,1,3,0,0.786,0.429,209bb6e2f63a425d,False,False,81.0,3987.0,Education,188,94.0,,False,EMAIL_BOUNCED|FREE_EMAIL|INCOMPLETE_PROFILE,3,False,True,False,False,,engaged in last 7 days | attended 1 webinar(s) | attended 3 event(s) | Individual Contributor nan | high intent score (81) | flags: EMAIL_BOUNCED|FREE_EMAIL|INCOMPLETE_PROFILE,,168
54989dc4a342475e,contact,William,Burns,william.burns@alvarez-hart.com,corporate,Pharmacologist,,,,MQL,73.4,High,True,100.0,94.7,50.0,23.8,3,9,0.667,2,1,1,0,1,0,0.867,0.333,61c8be67926f4313,False,False,35.0,21482.0,Legal,169,84.5,2025-02-22,True,EMAIL_BOUNCED|INCOMPLETE_PROFILE,2,False,True,False,False,,engaged in last 7 days | attended 1 event(s) | nan nan | flags: EMAIL_BOUNCED|INCOMPLETE_PROFILE,,169
6b49ce7b68ef49b3,contact,Robert,Ortiz,robert.ortiz@crane-black.com,corporate,Medical illustrator,End User,C-Level,,Active,73.4,High,True,100.0,92.9,63.0,12.8,7,14,0.5,1,5,6,2,0,1,0.729,0.714,9ca6086ecb6a4ce0,False,False,51.0,135.0,Education,176,88.0,,False,NO_LONGER_WITH_COMPANY,1,False,False,True,False,,engaged in last 7 days | attended 2 webinar(s) | C-Level End User | flags: NO_LONGER_WITH_COMPANY,,170
9484855c8f664875,lead,Mercedes,Holland,josephortiz@libero.it,free_email,Advertising account planner,End User,Individual Contributor,,Qualified,73.2,High,True,100.0,100.0,49.0,16.8,5,11,0.545,8,4,5,3,1,0,0.96,0.8,288755b429cb461d,False,False,7.0,44174.0,Legal,105,35.0,,False,FREE_EMAIL,1,False,False,False,True,No Longer With Company,engaged in last 30 days | attended 3 webinar(s) | attended 1 event(s) | Individual Contributor End User | flags: FREE_EMAIL,,171
f4960ccba2514315,lead,Anna,Stone,anna.stone@jimenezmorto.com,corporate,,Technical Buyer,Director,,New,73.2,High,True,100.0,89.0,62.5,17.0,5,10,0.5,8,1,1,2,0,0,0.74,0.2,3bfa3e65fc0044d5,False,False,28.0,1323.0,Retail,69,23.0,,False,,0,False,False,False,False,,engaged in last 30 days | attended 2 webinar(s) | Director Technical Buyer,,172
a7b9bfaefdba48c8,contact,Marie,Holmes,sales@martin-morris.com,shared_mailbox,Logistics and distribution manager,,Individual Contributor,,MQL,73.2,High,True,100.0,100.0,47.0,19.0,15,41,0.634,2,4,6,2,3,0,0.68,0.267,be8d4927317045e1,False,False,16.0,8346.0,Media,69,34.5,2024-12-07,True,SHARED_MAILBOX|BROKEN_CONV_LINK,2,False,False,False,False,,engaged in last 7 days | attended 2 webinar(s) | attended 3 event(s) | Individual Contributor nan | flags: SHARED_MAILBOX|BROKEN_CONV_LINK,,173
c513cbe471444b3c,contact,Erin,Hernandez,erin.hernandez@hansonwolfan.com,corporate,,,C-Level,,Qualified,73.1,High,True,98.5,91.0,58.0,21.2,5,16,0.688,11,1,2,2,0,1,0.73,0.2,d8a2981ef05a4db6,False,False,25.0,45288.0,Media,57,28.499999999999996,,False,EMAIL_BOUNCED|NO_LONGER_WITH_COMPANY|INCOMPLETE_PROFILE,3,False,True,True,False,,engaged in last 30 days | attended 2 webinar(s) | C-Level nan | flags: EMAIL_BOUNCED|NO_LONGER_WITH_COMPANY|INCOMPLETE_PROFILE,,174
541a7fe4f1f84052,contact,Victor,Mcpherson,victor.mcpherson@adkins-howe.com,corporate,,Champion,Individual Contributor,,MQL,73.0,High,True,100.0,84.9,47.0,37.0,8,20,0.6,10,3,5,2,0,0,0.669,0.375,16c030bda2c84e26,False,True,28.0,425.0,Education,142,71.0,2025-02-17,True,,0,False,False,False,False,,engaged in last 30 days | attended 2 webinar(s) | Individual Contributor Champion | named target account,,175
9bd1613aab584a1f,contact,Kevin,Joyce,kevin.joyce@leachskinner.com,corporate,Hotel manager,,Individual Contributor,,MQL,73.0,High,True,100.0,100.0,47.0,18.2,22,65,0.662,3,10,16,3,2,1,0.589,0.455,fd4c6872a5bd46e2,False,False,73.0,130.0,Financial Services,23,11.5,2025-04-19,True,OPT_OUT,1,True,False,False,False,,engaged in last 7 days | attended 3 webinar(s) | attended 2 event(s) | Individual Contributor nan | high intent score (73) | flags: OPT_OUT,,176
2631ea5d7e37492f,lead,Timothy,Young,bailey40@hotmail.com,free_email,Occupational hygienist,,,,MQL,72.8,High,True,94.6,100.0,57.0,16.2,2,3,0.333,19,1,1,1,1,0,1.0,0.5,b558bec84a8345e7,False,False,45.0,727.0,Retail,285,95.0,2025-03-25,True,FREE_EMAIL|INCOMPLETE_PROFILE,2,False,False,False,False,,engaged in last 30 days | attended 1 webinar(s) | attended 1 event(s) | nan nan | flags: FREE_EMAIL|INCOMPLETE_PROFILE,,177
e64391b7743c43b5,contact,Jessica,Wallace,jessica.wallace@lara-roberts.com,corporate,Photographer,,Individual Contributor,,Active,72.8,High,True,100.0,100.0,47.0,16.8,7,11,0.364,2,3,5,1,3,0,0.857,0.429,442af661ffb94595,False,False,67.0,83.0,Telecommunications,45,22.5,,False,,0,False,False,False,False,,engaged in last 7 days | attended 1 webinar(s) | attended 3 event(s) | Individual Contributor nan,,178
e3e474f35af54b0b,lead,Jeremiah,Hall,jeremiah.hall@gutierrezltd.com,corporate,Public house manager,,C-Level,,MQL,72.7,High,True,79.2,96.0,70.0,34.8,5,12,0.583,32,0,2,3,0,0,0.76,0.0,2c8f14581a284acd,False,False,99.0,3594.0,Telecommunications,288,96.0,2025-03-19,True,,0,False,False,False,False,,engaged in last 90 days | attended 3 webinar(s) | C-Level nan | high intent score (99),,179
b6b05648d6bb438d,lead,Kimberly,Franklin,kimberly.franklin@cortez-long.com,corporate,,End User,Individual Contributor,,MQL,72.7,High,True,100.0,100.0,35.0,28.5,12,26,0.538,7,5,6,5,2,0,0.771,0.417,fa9639ba24c74b7c,False,False,94.0,937.0,Government,160,53.333333333333336,2025-03-08,True,,0,False,False,False,False,,engaged in last 7 days | attended 5 webinar(s) | attended 2 event(s) | Individual Contributor End User | high intent score (94),,180
1c1e26b0dd2f4238,contact,Jorge,Griffin,jorge.griffin@mitchellhend.com,corporate,,,Individual Contributor,,MQL,72.7,High,True,100.0,82.0,37.0,49.2,2,3,0.333,11,2,2,1,0,0,0.75,1.0,88190e43a2dc4ccf,False,True,37.0,8764.0,Government,157,78.5,2025-04-30,True,EMAIL_BOUNCED|BROKEN_CONV_LINK|INCOMPLETE_PROFILE,3,False,True,False,False,,engaged in last 30 days | attended 1 webinar(s) | Individual Contributor nan | named target account | flags: EMAIL_BOUNCED|BROKEN_CONV_LINK|INCOMPLETE_PROFILE,,181
3fd8b7d88f6f463c,lead,Steven,Wilson,info@jimenez.com,shared_mailbox,Sales executive,,,,New,72.5,High,True,95.5,96.3,57.0,18.0,3,9,0.667,16,1,1,2,0,0,0.833,0.333,fb1930ad7d2042b7,False,False,32.0,1587.0,Legal,31,10.333333333333334,,False,SHARED_MAILBOX|INCOMPLETE_PROFILE,2,False,False,False,False,,engaged in last 30 days | attended 2 webinar(s) | nan nan | flags: SHARED_MAILBOX|INCOMPLETE_PROFILE,,182
c6c60b670f6b4a8f,contact,Justin,Bell,fsawyer@gmail.com,free_email,,Economic Buyer,Director,,MQL,72.5,High,True,85.6,100.0,70.5,17.0,8,15,0.467,25,1,2,3,2,0,0.756,0.125,716010f0b4954f11,False,False,28.0,2373.0,Manufacturing,197,98.5,2025-03-22,True,FREE_EMAIL,1,False,False,False,False,,engaged in last 30 days | attended 3 webinar(s) | attended 2 event(s) | Director Economic Buyer | flags: FREE_EMAIL,,183
ab03c268eb794850,lead,Brandy,Blackburn,brandy.blackburn@kennedyandso.com,corporate,,End User,Manager,,New,72.4,High,True,100.0,100.0,46.5,15.5,7,12,0.417,1,1,2,2,2,0,0.793,0.143,32feb33af3a14087,False,False,62.0,22.0,Manufacturing,131,43.666666666666664,,False,,0,False,False,False,True,Bad Data,engaged in last 7 days | attended 2 webinar(s) | attended 2 event(s) | Manager End User,,184
11ade8e9031140a5,lead,Bradley,Pace,morganharris@hotmail.com,free_email,,Champion,,,Disqualified,72.4,High,True,100.0,82.8,52.0,31.5,4,6,0.333,6,2,2,1,1,0,0.688,0.5,ad9e507474884f1b,False,False,66.0,8767.0,Government,180,60.0,,False,NO_LONGER_WITH_COMPANY|FREE_EMAIL|INCOMPLETE_PROFILE,3,False,False,True,False,,engaged in last 7 days | attended 1 webinar(s) | attended 1 event(s) | nan Champion | flags: NO_LONGER_WITH_COMPANY|FREE_EMAIL|INCOMPLETE_PROFILE,,185
0de46bdea6274da1,contact,Sherry,Clark,marie16@hotmail.com,free_email,Restaurant manager,,Individual Contributor,,Nurture,72.4,High,True,100.0,100.0,47.0,15.0,32,62,0.484,2,11,14,5,5,1,0.755,0.344,59d9bcc03ed14e5f,False,False,0.0,5161.0,Insurance,155,77.5,,False,FREE_EMAIL|BROKEN_CONV_LINK,2,False,False,False,False,,engaged in last 7 days | attended 5 webinar(s) | attended 5 event(s) | Individual Contributor nan | flags: FREE_EMAIL|BROKEN_CONV_LINK,,186
7c49f2f5931047db,contact,Jonathan,Davis,jonathan.davis@williamsands.com,corporate,Public affairs consultant,End User,,,Attempted,72.4,High,True,100.0,100.0,45.0,17.0,12,24,0.5,9,4,6,3,2,1,0.754,0.333,c008c318a3534a2e,False,False,28.0,4622.0,Energy,28,14.000000000000002,,False,,0,False,False,False,False,,engaged in last 30 days | attended 3 webinar(s) | attended 2 event(s) | nan End User,,187
0af8ba9b93194364,lead,John,Reyes,contact@williams-garner.biz,shared_mailbox,Nature conservation officer,End User,,,New,72.3,High,True,97.1,100.0,47.0,19.5,22,58,0.621,13,5,8,4,1,2,0.684,0.227,0fce65eaa1234650,False,False,18.0,6222.0,Energy,213,71.0,,False,EMAIL_BOUNCED|SHARED_MAILBOX,2,False,True,False,False,,engaged in last 30 days | attended 4 webinar(s) | attended 1 event(s) | nan End User | flags: EMAIL_BOUNCED|SHARED_MAILBOX,,188
25776eb02a1448fe,lead,Melissa,Flynn,melissa.flynn@robinson-jor.com,corporate,,Technical Buyer,Individual Contributor,,New,72.3,High,True,89.0,97.4,49.0,34.8,8,14,0.429,21,1,2,2,1,0,0.744,0.125,2c8f14581a284acd,False,False,99.0,3594.0,Telecommunications,18,6.0,,False,,0,False,False,False,False,,engaged in last 30 days | attended 2 webinar(s) | attended 1 event(s) | Individual Contributor Technical Buyer | high intent score (99),,189
9674dd0b8bc24414,lead,Carolyn,Smith,carolyn.smith@franklin-hah.com,corporate,Haematologist,End User,Individual Contributor,,Qualified,72.2,High,True,100.0,99.1,43.0,19.0,22,66,0.667,2,7,11,4,1,0,0.591,0.318,31bba107f3a64f50,False,False,56.0,962.0,Telecommunications,261,87.0,,False,,0,False,False,False,False,,engaged in last 7 days | attended 4 webinar(s) | attended 1 event(s) | Individual Contributor End User,,190
63a961c848ab4385,lead,Danielle,Hensley,danielle.hensley@douglas-farl.com,corporate,Hydrogeologist,,Manager,,MQL,72.2,High,True,100.0,80.6,61.5,23.8,7,14,0.5,13,4,7,0,2,0,0.636,0.571,b7c3527766154bb3,False,False,35.0,41109.0,Manufacturing,265,88.33333333333333,2025-04-11,True,,0,False,False,False,False,,engaged in last 30 days | attended 2 event(s) | Manager nan,,191
1cde5f2ca37443e0,contact,John,Reyes,contact@williams-garner.biz,shared_mailbox,Nature conservation officer,End User,,,Attempted,72.1,High,True,98.9,98.5,45.0,19.5,6,15,0.6,14,3,3,2,1,0,0.775,0.5,0fce65eaa1234650,False,False,18.0,6222.0,Energy,94,47.0,,False,EMAIL_BOUNCED|SHARED_MAILBOX|BROKEN_CONV_LINK,3,False,True,False,False,,engaged in last 30 days | attended 2 webinar(s) | attended 1 event(s) | nan End User | flags: EMAIL_BOUNCED|SHARED_MAILBOX|BROKEN_CONV_LINK,,192
8fe2865a9bac484d,contact,Bobby,Smith,bobby.smith@atkinsplc.com,corporate,"Pilot, airline",,VP,,Nurture,72.1,High,True,99.0,84.0,65.0,17.0,9,23,0.609,12,3,4,1,2,0,0.6,0.333,716010f0b4954f11,False,False,28.0,2373.0,Manufacturing,107,53.5,,False,BROKEN_CONV_LINK,1,False,False,False,False,,engaged in last 30 days | attended 1 webinar(s) | attended 2 event(s) | VP nan | flags: BROKEN_CONV_LINK,,193
39cda1b3f20c4474,lead,Alyssa,Mcintyre,alyssa.mcintyre@scottgroup.com,corporate,,End User,,,Attempted,72.0,High,True,100.0,100.0,42.0,18.2,11,30,0.633,2,2,4,3,1,0,0.723,0.182,7ebbcae9d3ed43de,False,False,13.0,7148.0,Legal,168,56.00000000000001,,False,INCOMPLETE_PROFILE,1,False,False,False,True,Personal Email,engaged in last 7 days | attended 3 webinar(s) | attended 1 event(s) | nan End User | flags: INCOMPLETE_PROFILE,,194
36f3470011ee41f6,contact,John,Chapman,john.chapman@millerharrel.com,corporate,Environmental consultant,,Individual Contributor,,MQL,72.0,High,True,100.0,100.0,47.0,13.0,25,64,0.609,1,9,13,4,3,0,0.672,0.36,bf1e4608d7904f64,False,False,12.0,3174.0,Telecommunications,55,27.500000000000004,2025-01-20,True,BROKEN_CONV_LINK,1,False,False,False,False,,engaged in last 7 days | attended 4 webinar(s) | attended 3 event(s) | Individual Contributor nan | flags: BROKEN_CONV_LINK,,195
341dd9d1fc8d4547,contact,Rachael,Gordon,eramirez@yahoo.com,free_email,,End User,,,Nurture,72.0,High,True,100.0,100.0,35.0,25.0,34,70,0.514,1,9,17,12,5,0,0.769,0.265,df7b94a3c7964ce1,False,False,100.0,4.0,Manufacturing,141,70.5,,False,FREE_EMAIL|INCOMPLETE_PROFILE,2,False,False,False,False,,engaged in last 7 days | attended 12 webinar(s) | attended 5 event(s) | nan End User | high intent score (100) | flags: FREE_EMAIL|INCOMPLETE_PROFILE,,196
2006696056614b83,contact,Douglas,Brown,douglas.brown@larson-hollo.com,corporate,Homeopath,End User,Individual Contributor,,MQL,71.8,High,True,100.0,100.0,42.0,17.2,16,28,0.429,1,7,8,2,2,2,0.656,0.438,cf56917738834ec9,False,False,69.0,126.0,Financial Services,73,36.5,2024-12-06,True,BROKEN_CONV_LINK,1,False,False,False,False,,engaged in last 7 days | attended 2 webinar(s) | attended 2 event(s) | Individual Contributor End User | flags: BROKEN_CONV_LINK,,197
8770f28245aa438a,lead,Adam,Davis,adam.davis@ruizplc.com,corporate,,Technical Buyer,Director,,Recycled,71.5,High,True,85.0,97.0,68.5,19.2,2,4,0.5,30,1,1,0,1,0,0.9,0.5,0e4988a55dc842c0,False,False,57.0,798.0,Media,298,99.33333333333333,,False,EMAIL_BOUNCED,1,False,True,False,False,,engaged in last 30 days | attended 1 event(s) | Director Technical Buyer | flags: EMAIL_BOUNCED,,198
fdfcda404c1f485e,lead,Susan,Davis,susan.davis@hallcruzandl.com,corporate,,,,,MQL,71.4,High,True,100.0,100.0,47.0,9.8,6,12,0.5,9,1,2,3,1,0,0.833,0.167,2eb67b7f7bd9401b,False,False,39.0,189.0,Media,287,95.66666666666667,2025-01-31,True,INCOMPLETE_PROFILE,1,False,False,False,False,,engaged in last 30 days | attended 3 webinar(s) | attended 1 event(s) | nan nan | flags: INCOMPLETE_PROFILE,,199
43f1b2bc565748b9,contact,Jacob,Jones,xcrosby@yandex.com,free_email,,,,,Active,71.3,High,True,100.0,99.0,40.0,17.8,15,27,0.444,5,3,7,2,2,0,0.64,0.2,4a3dce0bed0b45e5,False,False,71.0,49.0,Manufacturing,43,21.5,,False,EMAIL_BOUNCED|FREE_EMAIL|INCOMPLETE_PROFILE,3,False,True,False,False,,engaged in last 7 days | attended 2 webinar(s) | attended 2 event(s) | nan nan | high intent score (71) | flags: EMAIL_BOUNCED|FREE_EMAIL|INCOMPLETE_PROFILE,,200
edf1db30438049ee,lead,Robert,Garcia,robert.garcia@raycraigandp.com,corporate,Physiotherapist,Technical Buyer,,,MQL,71.2,High,True,96.3,69.7,72.0,28.5,3,7,0.571,15,1,1,0,1,0,0.617,0.333,595d261eba674196,False,False,54.0,7146.0,Education,154,51.33333333333333,2025-01-18,True,EMAIL_BOUNCED,1,False,True,False,False,,engaged in last 30 days | attended 1 event(s) | nan Technical Buyer | flags: EMAIL_BOUNCED,,201
381266fe5481476d,lead,Brian,Baker,brian.baker@williamsgrou.com,corporate,Oceanographer,,,,MQL,71.1,High,True,72.9,100.0,57.0,46.0,2,6,0.667,47,0,1,1,1,0,1.0,0.0,c178bf137e024fc3,True,False,24.0,873.0,Healthcare,158,52.666666666666664,2024-12-15,True,INCOMPLETE_PROFILE,1,False,False,False,False,,engaged in last 90 days | attended 1 webinar(s) | attended 1 event(s) | nan nan | ICP-qualified account | flags: INCOMPLETE_PROFILE,,202
17a375aa5bcf4306,contact,Jodi,Walker,jodi.walker@moorellc.com,corporate,Public house manager,,Manager,,MQL,71.1,High,True,84.6,100.0,54.5,28.0,10,26,0.615,27,2,4,3,2,0,0.72,0.2,08db683f415a486a,False,False,72.0,1279.0,Manufacturing,97,48.5,2025-02-13,True,,0,False,False,False,False,,engaged in last 30 days | attended 3 webinar(s) | attended 2 event(s) | Manager nan | high intent score (72),,203
1721f8b94f8543cd,lead,Charles,Rivers,bennettroy@rediffmail.com,free_email,,Economic Buyer,,,New,71.0,High,True,99.7,78.0,67.0,16.2,5,11,0.545,12,2,3,1,1,0,0.63,0.4,bf5ee03af2844382,False,False,65.0,38.0,Telecommunications,246,82.0,,False,FREE_EMAIL|INCOMPLETE_PROFILE,2,False,False,False,False,,engaged in last 30 days | attended 1 webinar(s) | attended 1 event(s) | nan Economic Buyer | flags: FREE_EMAIL|INCOMPLETE_PROFILE,,204
1cbdedbc1bbc445b,contact,Antonio,Mcfarland,antonio.mcfarland@smith-clark.com,corporate,Cytogeneticist,,Individual Contributor,,Attempted,71.0,High,True,97.3,99.4,47.0,13.5,7,19,0.632,15,3,4,2,0,2,0.764,0.429,96e17aeb25534ae4,False,False,34.0,839.0,Insurance,165,82.5,,False,BROKEN_CONV_LINK,1,False,False,False,False,,engaged in last 30 days | attended 2 webinar(s) | Individual Contributor nan | flags: BROKEN_CONV_LINK,,205
b8cfd8624be0482c,lead,William,Mcneil,william.mcneil@smithmarksan.com,corporate,Naval architect,End User,,,MQL,70.8,High,True,98.7,100.0,48.0,8.2,20,49,0.592,12,6,8,4,3,3,0.728,0.3,29db89c3dc064f21,False,False,33.0,118.0,Media,169,56.333333333333336,2025-01-17,True,NO_LONGER_WITH_COMPANY|BROKEN_CONV_LINK,2,False,False,True,False,,engaged in last 30 days | attended 4 webinar(s) | attended 3 event(s) | nan End User | flags: NO_LONGER_WITH_COMPANY|BROKEN_CONV_LINK,,206
666656c935614be1,lead,Gary,Mcclure,gary.mcclure@underwoodltd.com,corporate,,,VP,,MQL,70.7,High,True,100.0,54.0,62.0,49.2,5,11,0.545,8,3,3,0,0,0,0.49,0.6,88190e43a2dc4ccf,False,True,37.0,8764.0,Government,114,38.0,2025-01-20,True,INCOMPLETE_PROFILE,1,False,False,False,False,,engaged in last 30 days | VP nan | named target account | flags: INCOMPLETE_PROFILE,,207
fbd87dd0c1d0411f,lead,Brandon,Miller,brandon.miller@stanley-tuck.com,corporate,,End User,,,New,70.6,High,True,94.3,100.0,32.0,31.2,1,2,0.5,25,1,1,1,0,0,1.0,1.0,0000024fcc2d43e2,False,False,85.0,3882.0,Legal,235,78.33333333333333,,False,EMAIL_BOUNCED|INCOMPLETE_PROFILE,2,False,True,False,False,,engaged in last 30 days | attended 1 webinar(s) | nan End User | high intent score (85) | flags: EMAIL_BOUNCED|INCOMPLETE_PROFILE,,208
4dc55b1ce3fe4b8d,contact,Ryan,Anderson,ryan.anderson@padillamason.com,corporate,,,,,MQL,70.4,High,True,100.0,100.0,40.0,12.2,7,19,0.632,12,3,3,1,4,0,0.821,0.429,3dcfbd7cdace4ae3,False,False,49.0,153.0,Technology,118,59.0,2025-01-17,True,NO_LONGER_WITH_COMPANY|BROKEN_CONV_LINK|INCOMPLETE_PROFILE,3,False,False,True,False,,engaged in last 30 days | attended 1 webinar(s) | attended 4 event(s) | nan nan | flags: NO_LONGER_WITH_COMPANY|BROKEN_CONV_LINK|INCOMPLETE_PROFILE,,209
4d77f1738bee4c25,contact,Eric,Walker,eric.walker@popeplc.com,corporate,Visual merchandiser,,,,Active,70.4,High,True,96.3,94.7,50.0,15.2,3,8,0.625,19,2,3,1,0,0,0.867,0.667,aa0509047e9c4d04,False,False,41.0,677.0,Telecommunications,122,61.0,,False,EMAIL_BOUNCED|INCOMPLETE_PROFILE,2,False,True,False,False,,engaged in last 30 days | attended 1 webinar(s) | nan nan | flags: EMAIL_BOUNCED|INCOMPLETE_PROFILE,,210
6e6445a4285d45cb,lead,Donna,Evans,donna.evans@williamsplc.com,corporate,,,Director,,New,70.3,High,True,84.9,100.0,47.5,30.2,16,36,0.556,25,1,3,2,2,2,0.697,0.062,209bb6e2f63a425d,False,False,81.0,3987.0,Education,27,9.0,,False,INCOMPLETE_PROFILE,1,False,False,False,False,,engaged in last 30 days | attended 2 webinar(s) | attended 2 event(s) | Director nan | high intent score (81) | flags: INCOMPLETE_PROFILE,,211
5c9a7261ec164816,lead,Patricia,Soto,patricia.soto@lyonsjensena.com,corporate,,,VP,,Disqualified,70.3,High,True,75.8,83.0,62.0,53.2,5,12,0.583,40,0,3,0,2,0,0.68,0.0,f4ceb9ab147a4a93,True,False,33.0,2357.0,Healthcare,94,31.333333333333336,,False,INCOMPLETE_PROFILE,1,False,False,False,False,,engaged in last 90 days | attended 2 event(s) | VP nan | ICP-qualified account | flags: INCOMPLETE_PROFILE,,212
9d385f55034f4ae0,contact,Kristina,Cooper,kristina.cooper@sandovalgarc.com,corporate,,CISO,,,Qualified,70.3,High,True,100.0,80.4,65.0,11.2,11,22,0.5,7,4,8,0,1,1,0.614,0.364,c6ac99ebfd304307,False,False,5.0,1474.0,Insurance,99,49.5,,False,BROKEN_CONV_LINK|INCOMPLETE_PROFILE,2,False,False,False,False,,engaged in last 7 days | attended 1 event(s) | nan CISO | flags: BROKEN_CONV_LINK|INCOMPLETE_PROFILE,,213
f98c9c38577f442c,contact,Madison,Lucas,madison.lucas@mcdaniel-you.com,corporate,Field trials officer,Champion,,,Attempted,70.3,High,True,98.9,82.0,60.0,16.0,2,5,0.6,14,1,1,0,0,0,0.8,0.5,24827055fadd4275,False,False,24.0,3361.0,Education,36,18.0,,False,,0,False,False,False,False,,engaged in last 30 days | nan Champion,,214
f380eb61c2ad420b,lead,Tara,Browning,tara.browning@cole-anderso.com,corporate,,,VP,,New,70.2,High,True,100.0,86.5,52.0,16.0,6,15,0.6,7,4,5,1,0,1,0.725,0.667,12a6d3994df441be,False,False,44.0,262.0,Insurance,144,48.0,,False,EMAIL_BOUNCED|INCOMPLETE_PROFILE,2,False,True,False,False,,engaged in last 7 days | attended 1 webinar(s) | VP nan | flags: EMAIL_BOUNCED|INCOMPLETE_PROFILE,,215
d1d491b39c374ae5,contact,Jill,Dorsey,jill.dorsey@munozhowarda.com,corporate,,,,,Active,70.1,High,True,100.0,94.3,40.0,17.8,6,12,0.5,10,2,2,3,0,0,0.733,0.333,22870b34a8464cf1,False,False,31.0,1797.0,Government,82,41.0,,False,INCOMPLETE_PROFILE,1,False,False,False,False,,engaged in last 30 days | attended 3 webinar(s) | nan nan | flags: INCOMPLETE_PROFILE,,216
e862d96b8e3b4bdf,lead,Nathan,Terry,nathan.terry@riveraandson.com,corporate,Banker,CISO,Director,,MQL,69.9,High,True,73.8,84.7,92.5,22.2,3,5,0.4,45,0,1,1,0,0,0.767,0.0,0cb0103ae53c4325,False,False,29.0,46321.0,Manufacturing,33,11.0,2025-01-01,True,,0,False,False,False,False,,engaged in last 90 days | attended 1 webinar(s) | Director CISO,,217
5bee0fd4773a433a,contact,Erik,Taylor,kristine48@gmx.de,free_email,"Editor, commissioning",End User,Individual Contributor,,Attempted,69.9,High,True,100.0,94.0,42.0,15.2,4,10,0.6,15,3,4,1,1,0,0.8,0.75,aa0509047e9c4d04,False,False,41.0,677.0,Telecommunications,127,63.5,,False,FREE_EMAIL,1,False,False,False,False,,engaged in last 30 days | attended 1 webinar(s) | attended 1 event(s) | Individual Contributor End User | flags: FREE_EMAIL,,218
73f5e920180c41da,lead,Scott,Reed,scott.reed@evanshaydena.com,corporate,"Programmer, multimedia",Technical Buyer,,,MQL,69.8,High,True,100.0,67.0,70.0,20.0,2,2,0.0,10,1,1,0,0,0,0.65,0.5,440751f90ac74a98,False,False,20.0,23618.0,Retail,125,41.66666666666667,2025-04-05,True,,0,False,False,False,False,,engaged in last 30 days | nan Technical Buyer,,219
5f71c78f23214398,lead,Angela,Carlson,haynescharles@yahoo.com,free_email,,CISO,,,Disqualified,69.8,High,True,100.0,41.0,62.0,60.5,2,7,0.714,1,2,2,1,0,0,0.75,1.0,cd5d7d18041a4161,False,True,82.0,7574.0,Government,76,25.333333333333336,,False,FREE_EMAIL|AUTOMATION_INFLATED|INCOMPLETE_PROFILE,3,False,False,False,False,,engaged in last 7 days | attended 1 webinar(s) | ⚠ engagement mostly automated emails | nan CISO | named target account | high intent score (82) | flags: FREE_EMAIL|AUTOMATION_INFLATED|INCOMPLETE_PROFILE,,220
764f8734eb3b4ba7,lead,Peter,Mejia,peter.mejia@allenpowersa.com,corporate,"Scientist, product/process development",,Director,,Recycled,69.8,High,True,98.0,76.5,61.5,20.5,4,12,0.667,15,2,2,1,0,0,0.675,0.5,6325df2ef5104f7e,False,False,82.0,143.0,Legal,245,81.66666666666667,,False,EMAIL_BOUNCED,1,False,True,False,False,,engaged in last 30 days | attended 1 webinar(s) | Director nan | high intent score (82) | flags: EMAIL_BOUNCED,,221
c9374fa4bc4e48c2,lead,Lisa,Hendrix,rnguyen@libero.it,free_email,,CISO,Manager,,New,69.8,High,True,75.4,82.0,74.5,39.8,7,20,0.65,41,0,1,1,1,0,0.65,0.0,ed46b7e1981c4815,False,False,99.0,8243.0,Insurance,268,89.33333333333333,,False,FREE_EMAIL,1,False,False,False,True,No Longer With Company,engaged in last 90 days | attended 1 webinar(s) | attended 1 event(s) | Manager CISO | high intent score (99) | flags: FREE_EMAIL,,222
34a5e532419647da,lead,Shawn,Carter,shawn.carter@lanegonzalez.com,corporate,Investment analyst,Technical Buyer,C-Level,,MQL,69.7,High,True,86.7,37.2,88.0,62.2,2,13,0.846,28,1,1,1,0,0,0.675,0.5,876f1bb8e2924b75,True,False,69.0,1012.0,Technology,147,49.0,2025-03-05,True,AUTOMATION_INFLATED,1,False,False,False,False,,engaged in last 30 days | attended 1 webinar(s) | ⚠ engagement mostly automated emails | C-Level Technical Buyer | ICP-qualified account | flags: AUTOMATION_INFLATED,,223
bddd0d491d294999,contact,Anne,Reid,anne.reid@morrismaddox.com,corporate,Printmaker,,Individual Contributor,,Active,69.6,High,True,84.2,96.3,47.0,33.2,3,4,0.25,29,1,2,2,0,0,0.833,0.333,10292fb10553429b,False,True,13.0,926.0,Energy,180,90.0,,False,BROKEN_CONV_LINK,1,False,False,False,False,,engaged in last 30 days | attended 2 webinar(s) | Individual Contributor nan | named target account | flags: BROKEN_CONV_LINK,,224
be4c13ce15f040ec,lead,Andrew,Landry,andrew.landry@bryantallena.com,corporate,Art therapist,Technical Buyer,Director,,Disqualified,69.5,High,True,86.0,65.2,82.5,32.8,4,13,0.692,26,1,1,0,0,0,0.612,0.25,a90c8d2ed11948be,False,True,31.0,89.0,Retail,24,8.0,,False,,0,False,False,False,False,,engaged in last 30 days | Director Technical Buyer | named target account,,225
012b364fe95a48de,lead,Mary,Johnson,mary.johnson@kellyhermana.com,corporate,,,Manager,,Attempted,69.5,High,True,100.0,100.0,47.5,0.2,12,33,0.636,1,6,8,1,3,1,0.733,0.5,c9ce7785a3134d1b,False,False,1.0,13.0,Energy,202,67.33333333333333,,False,INCOMPLETE_PROFILE,1,False,False,False,False,,engaged in last 7 days | attended 1 webinar(s) | attended 3 event(s) | Manager nan | flags: INCOMPLETE_PROFILE,,226
de8b9a775fc74e13,contact,Melissa,Villarreal,melissa.villarreal@finley-sims.com,corporate,Ranger/warden,,Individual Contributor,,Nurture,69.5,High,True,99.0,71.3,47.0,38.0,3,5,0.4,12,1,1,1,0,0,0.633,0.333,77ad07a1315c47a3,False,False,92.0,7705.0,Legal,48,24.0,,False,BROKEN_CONV_LINK,1,False,False,False,False,,engaged in last 30 days | attended 1 webinar(s) | Individual Contributor nan | high intent score (92) | flags: BROKEN_CONV_LINK,,227
4da81b34652a48ac,lead,Veronica,Lamb,veronica.lamb@johnsonwashi.com,corporate,Camera operator,,,,Disqualified,69.4,High,True,97.2,90.0,53.0,11.2,2,4,0.5,16,1,1,0,0,1,0.85,0.5,d827793334574da1,False,False,25.0,418.0,Education,6,2.0,,False,INCOMPLETE_PROFILE,1,False,False,False,False,,engaged in last 30 days | nan nan | flags: INCOMPLETE_PROFILE,,228
fe58b665b2d84ac2,lead,Brian,Smith,christopherbruce@mail.ru,free_email,Learning disability nurse,End User,,,New,68.9,High,True,98.9,77.0,52.0,23.0,2,6,0.667,14,1,2,1,0,0,0.7,0.5,3a672abbc554408c,False,False,92.0,10.0,Manufacturing,256,85.33333333333334,,False,FREE_EMAIL|BROKEN_CONV_LINK,2,False,False,False,False,,engaged in last 30 days | attended 1 webinar(s) | nan End User | high intent score (92) | flags: FREE_EMAIL|BROKEN_CONV_LINK,,229
57b76b4147e84510,contact,Caroline,Collins,caroline.collins@perez-russel.com,corporate,,Technical Buyer,C-Level,,Active,68.9,High,True,93.7,79.5,73.0,8.2,4,8,0.5,20,2,4,1,0,1,0.675,0.5,29db89c3dc064f21,False,False,33.0,118.0,Media,62,31.0,,False,EMAIL_BOUNCED,1,False,True,False,False,,engaged in last 30 days | attended 1 webinar(s) | C-Level Technical Buyer | flags: EMAIL_BOUNCED,,230
9d2a9fefe1bf48ca,contact,Cheryl,Gray,cheryl.gray@snyderllc.com,corporate,"Education officer, environmental",Champion,Individual Contributor,,Active,68.7,High,True,83.3,94.7,57.0,22.5,3,8,0.625,30,1,1,0,1,0,0.867,0.333,afc81c8dac114849,False,False,30.0,5212.0,Energy,6,3.0,,False,EMAIL_BOUNCED|BROKEN_CONV_LINK,2,False,True,False,False,,engaged in last 30 days | attended 1 event(s) | Individual Contributor Champion | flags: EMAIL_BOUNCED|BROKEN_CONV_LINK,,231
1273e660688c468e,lead,Michael,Ingram,michael.ingram@beckerlaraan.com,corporate,Radio broadcast assistant,,,,MQL,68.6,High,True,100.0,61.4,52.0,39.5,6,29,0.793,1,3,4,4,1,0,0.967,0.5,8c1fc9cab9544c54,False,False,98.0,6558.0,Legal,133,44.333333333333336,2024-12-03,True,NO_LONGER_WITH_COMPANY|AUTOMATION_INFLATED|INCOMPLETE_PROFILE,3,False,False,True,False,,engaged in last 7 days | attended 4 webinar(s) | attended 1 event(s) | ⚠ engagement mostly automated emails | nan nan | high intent score (98) | flags: NO_LONGER_WITH_COMPANY|AUTOMATION_INFLATED|INCOMPLETE_PROFILE,,232
7a21c6435a0c4e92,contact,Kathleen,Davidson,kathleen.davidson@mccoyltd.com,corporate,,Technical Buyer,Individual Contributor,,Nurture,68.6,High,True,100.0,79.0,52.0,17.2,5,15,0.667,8,2,3,0,1,1,0.66,0.4,db92616f3a69429c,False,False,29.0,1281.0,Legal,30,15.0,,False,,0,False,False,False,False,,engaged in last 30 days | attended 1 event(s) | Individual Contributor Technical Buyer,,233
3906a92e5cb54c9e,lead,Susan,Hernandez,susan.hernandez@thompsongrou.com,corporate,Contractor,,Individual Contributor,,MQL,68.5,High,True,100.0,44.5,50.0,62.0,2,3,0.333,17,2,2,0,0,0,0.425,1.0,1b007d218bee4ed9,True,False,48.0,21801.0,Healthcare,66,22.0,2025-02-16,True,,0,False,False,False,False,,engaged in last 30 days | Individual Contributor nan | ICP-qualified account,,234
0ceaa89139d54282,contact,Monica,Booker,harrisontanya@yahoo.com,free_email,,,VP,,Attempted,67.8,High,True,89.3,100.0,55.0,2.5,2,4,0.5,25,1,1,2,0,0,1.0,0.5,40c2eda23c4f427f,False,False,10.0,181.0,Media,113,56.49999999999999,,False,FREE_EMAIL|BROKEN_CONV_LINK|INCOMPLETE_PROFILE,3,False,False,False,False,,engaged in last 30 days | attended 2 webinar(s) | VP nan | flags: FREE_EMAIL|BROKEN_CONV_LINK|INCOMPLETE_PROFILE,,235
7b19df702b264467,lead,Lisa,Park,bounced.user@oldcompany.com,corporate,IT Manager,Technical Buyer,Manager,,Attempted,67.6,High,True,100.0,53.0,76.5,20.0,1,4,0.75,5,1,1,0,1,0,1.0,1.0,e0b54a72a3144e3d,False,False,40.0,1336.0,Insurance,90,30.0,2025-04-25,False,OPT_OUT|EMAIL_BOUNCED|AUTOMATION_INFLATED,3,True,True,False,False,,engaged in last 7 days | attended 1 event(s) | ⚠ engagement mostly automated emails | Manager Technical Buyer | flags: OPT_OUT|EMAIL_BOUNCED|AUTOMATION_INFLATED,persona_6_bounced_but_engaged,236
5996dba632b140cf,lead,Douglas,Brown,douglas.brown@larson-hollo.com,corporate,Homeopath,End User,Individual Contributor,,Recycled,67.4,High,True,98.8,83.0,43.0,17.2,5,16,0.688,13,2,4,2,0,0,0.68,0.4,cf56917738834ec9,False,False,69.0,126.0,Financial Services,93,31.0,,False,,0,False,False,False,False,,engaged in last 30 days | attended 2 webinar(s) | Individual Contributor End User,,237
b31900a4a96449cf,contact,Dennis,Sanchez,dennis.sanchez@riverainc.com,corporate,"Production assistant, television",End User,,,Active,67.2,High,True,100.0,44.7,45.0,60.0,3,3,0.0,5,1,2,0,0,0,0.417,0.333,5aa70c47cf8a4798,True,False,80.0,983.0,Healthcare,145,72.5,,False,BROKEN_CONV_LINK,1,False,False,False,False,,engaged in last 7 days | nan End User | ICP-qualified account | high intent score (80) | flags: BROKEN_CONV_LINK,,238
6612978f2d0e4a9d,contact,Stephen,Maynard,stephen.maynard@lutzgroup.com,corporate,,,Manager,,MQL,67.1,High,True,100.0,78.5,44.5,17.8,6,12,0.5,2,2,3,0,2,0,0.625,0.333,22870b34a8464cf1,False,False,31.0,1797.0,Government,29,14.499999999999998,2025-03-29,True,BROKEN_CONV_LINK|INCOMPLETE_PROFILE,2,False,False,False,False,,engaged in last 7 days | attended 2 event(s) | Manager nan | flags: BROKEN_CONV_LINK|INCOMPLETE_PROFILE,,239
5769cda6214d4dae,lead,Shannon,Edwards,shannon.edwards@herreraandso.com,corporate,,Champion,,,MQL,67.0,High,True,91.1,74.7,52.0,30.0,3,5,0.4,21,1,2,1,0,0,0.667,0.333,b0f594e2e75947f9,False,False,100.0,433.0,Manufacturing,227,75.66666666666667,2025-01-04,True,INCOMPLETE_PROFILE,1,False,False,False,False,,engaged in last 30 days | attended 1 webinar(s) | nan Champion | high intent score (100) | flags: INCOMPLETE_PROFILE,,240
2003be571e0f4457,lead,Benjamin,Jones,benjamin.jones@bauerplc.com,corporate,Building services engineer,Technical Buyer,Individual Contributor,,MQL,66.8,High,True,92.0,69.7,69.0,17.0,3,5,0.4,20,1,1,1,0,0,0.617,0.333,3bfa3e65fc0044d5,False,False,28.0,1323.0,Retail,292,97.33333333333334,2024-11-26,True,,0,False,False,False,False,,engaged in last 30 days | attended 1 webinar(s) | Individual Contributor Technical Buyer,,241
1840dd8fbe094904,lead,Nicholas,Ferguson,nicholas.ferguson@duncangroup.com,corporate,"Embryologist, clinical",,Individual Contributor,,Disqualified,66.6,High,True,100.0,25.5,48.0,78.0,1,5,0.8,1,1,1,0,0,0,0.5,1.0,540e52a761d74268,True,True,12.0,8886.0,Healthcare,242,80.66666666666666,,False,AUTOMATION_INFLATED,1,False,False,False,False,,engaged in last 7 days | ⚠ engagement mostly automated emails | Individual Contributor nan | named target account | ICP-qualified account | flags: AUTOMATION_INFLATED,,242
61db3a93ae3e4a99,lead,Christina,Stanley,christina.stanley@tyler-pierce.com,corporate,"Buyer, industrial",End User,,,MQL,66.2,High,True,96.3,66.8,52.0,27.2,6,11,0.455,17,3,3,0,1,0,0.558,0.5,bdd89c0f129a4920,False,False,89.0,418.0,Telecommunications,17,5.666666666666666,2025-01-22,True,,0,False,False,False,False,,engaged in last 30 days | attended 1 event(s) | nan End User | high intent score (89),,243
223c109a87304bfc,contact,Christopher,Rivas,christopher.rivas@castillofull.com,corporate,"Accountant, chartered public finance",,,,Qualified,66.2,High,True,100.0,53.0,50.0,39.8,1,4,0.75,17,1,1,1,0,0,1.0,1.0,ed46b7e1981c4815,False,False,99.0,8243.0,Insurance,114,56.99999999999999,,False,AUTOMATION_INFLATED|INCOMPLETE_PROFILE,2,False,False,False,False,,engaged in last 30 days | attended 1 webinar(s) | ⚠ engagement mostly automated emails | nan nan | high intent score (99) | flags: AUTOMATION_INFLATED|INCOMPLETE_PROFILE,,244
0e9d7910e78c4ab0,lead,Patrick,Deleon,michael66@hotmail.com,free_email,Community arts worker,Economic Buyer,Director,,Qualified,66.1,High,True,100.0,47.0,85.5,11.2,2,5,0.6,8,1,1,0,0,0,0.45,0.5,d827793334574da1,False,False,25.0,418.0,Education,259,86.33333333333333,,False,FREE_EMAIL,1,False,False,False,True,Bad Data,engaged in last 30 days | Director Economic Buyer | flags: FREE_EMAIL,,245
a231fc2f7bf541ee,contact,Justin,Cummings,justin.cummings@brandtmorris.com,corporate,Ceramics designer,End User,,,MQL,66.0,High,True,100.0,70.0,45.0,22.5,5,9,0.444,7,2,4,1,0,0,0.6,0.4,0a91cbe4c7254c84,False,False,70.0,814.0,Telecommunications,156,78.0,2025-02-26,True,BROKEN_CONV_LINK,1,False,False,False,False,,engaged in last 7 days | attended 1 webinar(s) | nan End User | high intent score (70) | flags: BROKEN_CONV_LINK,,246
ec2d8cb3246f4e01,contact,Laurie,Taylor,brett75@yahoo.com,free_email,,Technical Buyer,,,Active,65.9,High,True,76.2,98.5,55.0,17.8,6,18,0.667,39,0,3,1,2,0,0.775,0.0,22870b34a8464cf1,False,False,31.0,1797.0,Government,113,56.49999999999999,,False,FREE_EMAIL|BROKEN_CONV_LINK|INCOMPLETE_PROFILE,3,False,False,False,False,,engaged in last 90 days | attended 1 webinar(s) | attended 2 event(s) | nan Technical Buyer | flags: FREE_EMAIL|BROKEN_CONV_LINK|INCOMPLETE_PROFILE,,247
39672af3330f466a,contact,Travis,Taylor,travis.taylor@pricegallagh.com,corporate,,,,,MQL,65.7,High,True,93.0,72.7,40.0,35.0,6,8,0.25,17,1,1,1,0,0,0.617,0.167,6c632017f5da412d,False,False,80.0,9625.0,Insurance,133,66.5,2025-04-21,True,EMAIL_BOUNCED|INCOMPLETE_PROFILE,2,False,True,False,False,,engaged in last 30 days | attended 1 webinar(s) | nan nan | high intent score (80) | flags: EMAIL_BOUNCED|INCOMPLETE_PROFILE,,248
07d629b3114d4819,lead,Christopher,Rodriguez,christopher.rodriguez@martinllc.com,corporate,Tree surgeon,End User,Manager,,Disqualified,65.6,High,True,100.0,39.7,54.5,48.8,3,8,0.625,14,2,2,0,0,0,0.367,0.667,a38c0a4809fd493d,False,True,95.0,197.0,Government,208,69.33333333333334,,False,,0,False,False,False,False,,engaged in last 30 days | Manager End User | named target account | high intent score (95),,249
8c163079f7b647a5,contact,Jennifer,Lane,joshua98@hotmail.com,free_email,Public relations officer,,,,Nurture,65.1,High,True,100.0,74.5,50.0,7.2,2,5,0.6,7,2,2,1,0,0,0.675,1.0,aa807a1dd74748a3,False,False,9.0,852.0,Media,42,21.0,,False,EMAIL_BOUNCED|FREE_EMAIL|INCOMPLETE_PROFILE,3,False,True,False,False,,engaged in last 7 days | attended 1 webinar(s) | nan nan | flags: EMAIL_BOUNCED|FREE_EMAIL|INCOMPLETE_PROFILE,,250
424a0dcc223a415d,contact,Thomas,Johnson,thomas.johnson@barreraltd.com,corporate,,Champion,Individual Contributor,,Attempted,65.1,High,True,88.6,69.0,47.0,37.0,4,7,0.429,23,1,1,0,1,0,0.6,0.25,16c030bda2c84e26,False,True,28.0,425.0,Education,80,40.0,,False,OPT_OUT,1,True,False,False,False,,engaged in last 30 days | attended 1 event(s) | Individual Contributor Champion | named target account | flags: OPT_OUT,,251
08e3948aca5c48ed,lead,Elizabeth,Calderon,elizabeth.calderon@osborngaines.com,corporate,,,,,Recycled,64.8,Medium,True,52.5,100.0,42.0,65.0,9,15,0.4,99,0,0,0,4,0,0.767,0.0,475ce8a925de4fb3,False,True,100.0,5796.0,Legal,269,89.66666666666666,,False,OPT_OUT|INCOMPLETE_PROFILE,2,True,False,False,True,No Longer With Company,last engagement 99 days ago (stale) | attended 4 event(s) | nan nan | named target account | high intent score (100) | flags: OPT_OUT|INCOMPLETE_PROFILE,,252
0b5f8db6f7b549d7,lead,Terri,Garcia,terri.garcia@allenferguso.com,corporate,Banker,CISO,Individual Contributor,,MQL,64.8,Medium,True,100.0,26.4,77.0,39.0,4,14,0.714,8,2,4,0,0,0,0.488,0.5,99775319017f4b55,False,False,96.0,5618.0,Legal,222,74.0,2024-11-18,True,AUTOMATION_INFLATED,1,False,False,False,False,,engaged in last 30 days | ⚠ engagement mostly automated emails | Individual Contributor CISO | high intent score (96) | flags: AUTOMATION_INFLATED,,253
6e63816bc05e4099,lead,Jason,Douglas,jason.douglas@boonellc.com,corporate,"Surveyor, commercial/residential",Economic Buyer,,,MQL,64.7,Medium,True,89.8,37.8,73.0,46.0,8,27,0.704,23,3,3,1,1,0,0.575,0.375,c178bf137e024fc3,True,False,24.0,873.0,Healthcare,253,84.33333333333334,2025-03-04,True,OPT_OUT|AUTOMATION_INFLATED,2,True,False,False,False,,engaged in last 30 days | attended 1 webinar(s) | attended 1 event(s) | ⚠ engagement mostly automated emails | nan Economic Buyer | ICP-qualified account | flags: OPT_OUT|AUTOMATION_INFLATED,,254
a9c755f9b410472d,lead,Mathew,Turner,mathew.turner@chenltd.com,corporate,Chemical engineer,CISO,,,MQL,64.7,Medium,True,97.8,41.0,80.0,21.0,1,2,0.5,21,1,1,0,0,0,0.4,1.0,7834506c04fd4abd,False,False,64.0,853.0,Government,212,70.66666666666667,2025-03-08,True,,0,False,False,False,False,,engaged in last 30 days | nan CISO,,255
a9094140a6df4f00,contact,Jason,Holloway,robertortiz@yahoo.com,free_email,Dancer,End User,,,Nurture,64.4,Medium,True,89.8,91.0,45.0,6.0,10,27,0.63,21,2,4,1,1,1,0.68,0.2,94b73736bf264df3,False,False,24.0,43.0,Education,149,74.5,,False,FREE_EMAIL,1,False,False,False,False,,engaged in last 30 days | attended 1 webinar(s) | attended 1 event(s) | nan End User | flags: FREE_EMAIL,,256
baac6d64a94649be,lead,Stephen,Baker,stephen.baker@rose-fowler.com,corporate,,Champion,Individual Contributor,,MQL,64.3,Medium,True,100.0,57.0,54.0,21.2,17,61,0.721,8,9,10,1,4,1,0.741,0.529,8a4c192396b94fd1,False,False,45.0,3883.0,Telecommunications,15,5.0,2024-12-08,True,AUTOMATION_INFLATED,1,False,False,False,False,,engaged in last 30 days | attended 1 webinar(s) | attended 4 event(s) | ⚠ engagement mostly automated emails | Individual Contributor Champion | flags: AUTOMATION_INFLATED,,257
63071e9ccb414024,lead,Justin,Mcdowell,justin.mcdowell@scott-smith.com,corporate,,End User,,,MQL,64.1,Medium,True,100.0,82.8,36.0,6.0,4,8,0.5,4,2,3,0,1,0,0.738,0.5,94b73736bf264df3,False,False,24.0,43.0,Education,97,32.33333333333333,2024-11-27,True,OPT_OUT|INCOMPLETE_PROFILE,2,True,False,False,False,,engaged in last 7 days | attended 1 event(s) | nan End User | flags: OPT_OUT|INCOMPLETE_PROFILE,,258
63f9d93d38fd437e,contact,Alexander,Craig,alexander.craig@garciakimand.com,corporate,Chartered certified accountant,,Director,,Qualified,63.9,Medium,True,47.5,100.0,60.5,51.0,1,2,0.5,117,0,0,0,1,0,1.0,0.0,ab25cc7830cb4791,False,True,44.0,32060.0,Government,134,67.0,,False,OPT_OUT,1,True,False,False,False,,last engagement 117 days ago (stale) | attended 1 event(s) | Director nan | named target account | flags: OPT_OUT,,259
4d3650c38c464b64,lead,Samantha,Richard,spam_cluster@example.com,corporate,Curator,,VP,,New,63.5,Medium,True,67.5,89.1,70.0,17.8,7,12,0.417,60,0,2,1,2,0,0.671,0.0,12025383a1cb4224,False,False,71.0,82.0,Education,140,46.666666666666664,,False,EMAIL_BOUNCED,1,False,True,False,False,,engaged in last 90 days | attended 1 webinar(s) | attended 2 event(s) | VP nan | high intent score (71) | flags: EMAIL_BOUNCED,,260
6dcf53704b044dc9,lead,Kelly,Ballard,kelly.ballard@gutierrezltd.com,corporate,Science writer,,Individual Contributor,,MQL,63.4,Medium,True,91.6,73.4,48.0,17.0,7,22,0.682,20,2,3,0,2,0,0.564,0.286,3bfa3e65fc0044d5,False,False,28.0,1323.0,Retail,267,89.0,2024-11-09,True,NO_LONGER_WITH_COMPANY,1,False,False,True,False,,engaged in last 30 days | attended 2 event(s) | Individual Contributor nan | flags: NO_LONGER_WITH_COMPANY,,261
3c4923305a2a4efe,lead,Kathryn,Watkins,kathryn.watkins@brown-hill.com,corporate,,Technical Buyer,Individual Contributor,,Disqualified,63.4,Medium,True,99.8,59.5,49.0,19.0,2,6,0.667,13,1,1,0,0,0,0.575,0.5,31bba107f3a64f50,False,False,56.0,962.0,Telecommunications,205,68.33333333333333,,False,NO_LONGER_WITH_COMPANY,1,False,False,True,False,,engaged in last 30 days | Individual Contributor Technical Buyer | flags: NO_LONGER_WITH_COMPANY,,262
8eb65399080b4d29,lead,Bradley,Moreno,lisa01@yahoo.com,free_email,,Technical Buyer,,,MQL,63.3,Medium,True,95.5,68.0,56.0,8.2,3,4,0.25,16,1,1,1,0,0,0.6,0.333,29db89c3dc064f21,False,False,33.0,118.0,Media,126,42.0,2025-02-21,True,FREE_EMAIL|INCOMPLETE_PROFILE,2,False,False,False,False,,engaged in last 30 days | attended 1 webinar(s) | nan Technical Buyer | flags: FREE_EMAIL|INCOMPLETE_PROFILE,,263
e7cd2b7df50649ca,lead,Cheryl,Gray,cheryl.gray@snyderllc.com,corporate,"Education officer, environmental",Champion,Individual Contributor,,Disqualified,63.0,Medium,True,96.3,56.0,54.0,22.5,6,12,0.5,15,2,3,0,0,0,0.5,0.333,afc81c8dac114849,False,False,30.0,5212.0,Energy,121,40.33333333333333,,False,EMAIL_BOUNCED|BROKEN_CONV_LINK,2,False,True,False,True,Personal Email,engaged in last 30 days | Individual Contributor Champion | flags: EMAIL_BOUNCED|BROKEN_CONV_LINK,,264
2f70d38165124e52,lead,Justin,Ortiz,erika05@gmail.com,free_email,,Economic Buyer,Manager,,Recycled,63.0,Medium,True,54.4,100.0,65.5,29.2,1,2,0.5,92,0,0,0,1,0,1.0,0.0,fbd6e881517a44c4,False,False,97.0,395.0,Education,262,87.33333333333333,,False,OPT_OUT|FREE_EMAIL,2,True,False,False,True,No Longer With Company,last engagement 92 days ago (stale) | attended 1 event(s) | Manager Economic Buyer | high intent score (97) | flags: OPT_OUT|FREE_EMAIL,,265
feae6d6b946548fb,lead,Erin,Vaughn,erin.vaughn@cooperinc.com,corporate,Radiation protection practitioner,,C-Level,,MQL,62.6,Medium,True,62.5,100.0,75.0,3.5,7,13,0.462,72,0,2,2,3,0,0.843,0.0,0ae9b66c84764902,False,False,14.0,40.0,Technology,228,76.0,2024-11-29,True,,0,False,False,False,False,,engaged in last 90 days | attended 2 webinar(s) | attended 3 event(s) | C-Level nan,,266
e1db793a5a4b4ea7,lead,William,Sanders,william.sanders@andersonfoxa.com,corporate,,End User,,,MQL,62.5,Medium,True,100.0,56.3,36.0,31.2,3,6,0.5,2,3,3,0,0,0,0.533,1.0,844ccdc969e1457f,False,False,65.0,14550.0,Retail,158,52.666666666666664,2025-03-20,True,EMAIL_BOUNCED|INCOMPLETE_PROFILE,2,False,True,False,False,,engaged in last 7 days | nan End User | flags: EMAIL_BOUNCED|INCOMPLETE_PROFILE,,267
ad839e91592e4cbb,lead,Tracy,Nolan,tracy.nolan@johnstonvele.com,corporate,,,Individual Contributor,,Attempted,62.5,Medium,True,93.6,69.1,44.0,18.2,7,14,0.5,16,1,2,0,1,0,0.571,0.143,a0f23a77452b4664,False,False,73.0,28.0,Healthcare,257,85.66666666666667,,False,INCOMPLETE_PROFILE,1,False,False,False,False,,engaged in last 30 days | attended 1 event(s) | Individual Contributor nan | high intent score (73) | flags: INCOMPLETE_PROFILE,,268
365ecb923a4f40cf,contact,Jesse,Brown,jesse.brown@hendersonllc.com,corporate,,,Director,,Attempted,62.4,Medium,True,100.0,50.0,50.5,24.2,5,17,0.706,1,3,3,2,1,0,0.8,0.6,4fee80985b6b4992,False,False,97.0,106.0,Retail,97,48.5,,False,AUTOMATION_INFLATED|INCOMPLETE_PROFILE,2,False,False,False,False,,engaged in last 7 days | attended 2 webinar(s) | attended 1 event(s) | ⚠ engagement mostly automated emails | Director nan | high intent score (97) | flags: AUTOMATION_INFLATED|INCOMPLETE_PROFILE,,269
bab60e41a9294f16,lead,Jeremy,Ortiz,jeremy.ortiz@schaefergrou.com,corporate,Environmental education officer,Economic Buyer,Manager,,Disqualified,62.3,Medium,True,94.3,36.0,71.5,30.0,1,1,0.0,25,1,1,0,0,0,0.35,1.0,b0f594e2e75947f9,False,False,100.0,433.0,Manufacturing,181,60.333333333333336,,False,EMAIL_BOUNCED,1,False,True,False,False,,engaged in last 30 days | Manager Economic Buyer | high intent score (100) | flags: EMAIL_BOUNCED,,270
e6d1d973c5144be0,lead,John,Ruiz,lmora@gmail.com,free_email,,End User,Individual Contributor,,New,62.0,Medium,True,66.2,100.0,39.0,30.0,1,2,0.5,63,0,1,0,1,0,1.0,0.0,b0f594e2e75947f9,False,False,100.0,433.0,Manufacturing,192,64.0,,False,FREE_EMAIL,1,False,False,False,False,,engaged in last 90 days | attended 1 event(s) | Individual Contributor End User | high intent score (100) | flags: FREE_EMAIL,,271
902341ff82c44e28,lead,David,Smith,david.smith@smithgriffit.com,corporate,Press sub,,Individual Contributor,,MQL,61.8,Medium,True,100.0,41.0,48.0,35.0,1,2,0.5,5,1,1,0,0,0,0.4,1.0,6c632017f5da412d,False,False,80.0,9625.0,Insurance,41,13.666666666666666,2025-04-23,True,,0,False,False,False,False,,engaged in last 7 days | Individual Contributor nan | high intent score (80),,272
5d941fe5f5734c12,contact,John,Perez,lindamelendez@yahoo.com,free_email,"Surveyor, planning and development",Champion,,,Active,61.7,Medium,True,100.0,40.6,60.0,22.8,3,13,0.769,6,2,3,1,0,0,0.733,0.667,d379b3da684d4431,False,False,71.0,647.0,Media,162,81.0,,False,EMAIL_BOUNCED|FREE_EMAIL|AUTOMATION_INFLATED|BROKEN_CONV_LINK,4,False,True,False,False,,engaged in last 7 days | attended 1 webinar(s) | ⚠ engagement mostly automated emails | nan Champion | high intent score (71) | flags: EMAIL_BOUNCED|FREE_EMAIL|AUTOMATION_INFLATED|BROKEN_CONV_LINK,,273
3ef5595984834b74,lead,John,Campos,john.campos@beckertaylor.com,corporate,Archaeologist,,,,New,61.6,Medium,True,79.6,74.0,53.0,23.0,4,11,0.636,31,0,1,1,0,0,0.65,0.0,3a672abbc554408c,False,False,92.0,10.0,Manufacturing,300,100.0,,False,EMAIL_BOUNCED|NO_LONGER_WITH_COMPANY|BROKEN_CONV_LINK|INCOMPLETE_PROFILE,4,False,True,True,False,,engaged in last 90 days | attended 1 webinar(s) | nan nan | high intent score (92) | flags: EMAIL_BOUNCED|NO_LONGER_WITH_COMPANY|BROKEN_CONV_LINK|INCOMPLETE_PROFILE,,274
3555282ca86b4afe,lead,Larry,Scott,larry.scott@mcdanielgrou.com,corporate,Broadcast engineer,End User,Manager,,New,61.2,Medium,True,100.0,50.0,46.5,22.2,11,37,0.703,2,3,5,2,2,0,0.691,0.273,b456f25952eb43f7,False,False,29.0,9517.0,Manufacturing,250,83.33333333333334,,False,AUTOMATION_INFLATED|BROKEN_CONV_LINK,2,False,False,False,True,Personal Email,engaged in last 7 days | attended 2 webinar(s) | attended 2 event(s) | ⚠ engagement mostly automated emails | Manager End User | flags: AUTOMATION_INFLATED|BROKEN_CONV_LINK,,275
f0567ad9979e4fd0,contact,Teresa,Garcia,samanthayork@yahoo.com,free_email,Public relations officer,End User,,,Qualified,61.2,Medium,True,72.9,100.0,45.0,8.2,4,11,0.636,47,0,1,1,2,0,0.95,0.0,29db89c3dc064f21,False,False,33.0,118.0,Media,18,9.0,,False,FREE_EMAIL,1,False,False,False,False,,engaged in last 90 days | attended 1 webinar(s) | attended 2 event(s) | nan End User | flags: FREE_EMAIL,,276
6e8a90db664c4324,lead,Gregory,Khan,sarahjohnson@gmail.com,free_email,Occupational psychologist,End User,Manager,,New,60.9,Medium,True,93.5,25.5,56.5,52.5,1,4,0.75,26,1,1,0,0,0,0.5,1.0,b2e6251e40dc4ba5,True,False,30.0,4425.0,Healthcare,3,1.0,,False,FREE_EMAIL|AUTOMATION_INFLATED,2,False,False,False,True,Personal Email,engaged in last 30 days | ⚠ engagement mostly automated emails | Manager End User | ICP-qualified account | flags: FREE_EMAIL|AUTOMATION_INFLATED,,277
bb5d1c5f27f54a20,lead,David,Phillips,david.phillips@santana-faul.com,corporate,Academic librarian,,Individual Contributor,,Attempted,60.9,Medium,True,100.0,37.6,54.0,28.5,4,17,0.765,9,2,3,1,0,0,0.663,0.5,fa9639ba24c74b7c,False,False,94.0,937.0,Government,11,3.6666666666666665,,False,AUTOMATION_INFLATED,1,False,False,False,True,Personal Email,engaged in last 30 days | attended 1 webinar(s) | ⚠ engagement mostly automated emails | Individual Contributor nan | high intent score (94) | flags: AUTOMATION_INFLATED,,278
d23fb7e9fcd0443e,lead,David,Perez,ssmith@outlook.com,free_email,Lobbyist,CISO,Individual Contributor,,Recycled,60.8,Medium,True,89.4,41.3,79.0,17.0,3,3,0.0,23,1,1,0,0,0,0.383,0.333,3bfa3e65fc0044d5,False,False,28.0,1323.0,Retail,19,6.333333333333334,,False,FREE_EMAIL,1,False,False,False,False,,engaged in last 30 days | Individual Contributor CISO | flags: FREE_EMAIL,,279
49eb06399cd747ff,lead,James,Norris,james.norris@ramsey-king.com,corporate,,Champion,,,MQL,60.7,Medium,True,93.7,51.5,55.0,20.2,4,4,0.0,20,2,2,0,0,0,0.475,0.5,bd680d58f3ee4049,False,False,81.0,15.0,Government,235,78.33333333333333,2025-01-02,True,INCOMPLETE_PROFILE,1,False,False,False,False,,engaged in last 30 days | nan Champion | high intent score (81) | flags: INCOMPLETE_PROFILE,,280
2915d5054e8a4b3e,lead,Rebecca,Moore,rebecca.moore@mclean-oconn.com,corporate,,,Individual Contributor,,MQL,60.3,Medium,True,57.9,100.0,38.0,37.0,2,4,0.5,83,0,1,1,1,0,1.0,0.0,16c030bda2c84e26,False,True,28.0,425.0,Education,45,15.0,2024-12-06,True,EMAIL_BOUNCED|INCOMPLETE_PROFILE,2,False,True,False,False,,engaged in last 90 days | attended 1 webinar(s) | attended 1 event(s) | Individual Contributor nan | named target account | flags: EMAIL_BOUNCED|INCOMPLETE_PROFILE,,281
31827221ba6149d7,contact,Kenneth,Villarreal,kenneth.villarreal@moonltd.com,corporate,,,VP,,MQL,60.3,Medium,True,91.8,35.0,55.0,42.0,5,17,0.706,21,2,2,0,0,1,0.62,0.4,7eb7ff56da0b4ab6,False,True,68.0,81.0,Energy,78,39.0,2025-04-21,True,EMAIL_BOUNCED|NO_LONGER_WITH_COMPANY|AUTOMATION_INFLATED|INCOMPLETE_PROFILE,4,False,True,True,False,,engaged in last 30 days | ⚠ engagement mostly automated emails | VP nan | named target account | flags: EMAIL_BOUNCED|NO_LONGER_WITH_COMPANY|AUTOMATION_INFLATED|INCOMPLETE_PROFILE,,282
ab66bd37864c4f85,lead,Suzanne,Huff,suzanne.huff@matthewssmit.com,corporate,Geophysical data processor,Champion,Manager,,MQL,60.2,Medium,True,73.8,74.5,71.5,7.2,2,5,0.6,45,0,1,1,0,0,0.675,0.0,aa807a1dd74748a3,False,False,9.0,852.0,Media,15,5.0,2024-11-17,True,,0,False,False,False,False,,engaged in last 90 days | attended 1 webinar(s) | Manager Champion,,283
0594a96351c74d55,lead,Maurice,Gutierrez,eugenewalker@hotmail.com,free_email,,End User,,,MQL,60.2,Medium,True,86.0,39.5,38.0,63.0,4,15,0.733,26,1,2,0,1,0,0.7,0.25,d8466f11f04b43e0,True,False,92.0,715.0,Technology,200,66.66666666666666,2024-11-13,True,NO_LONGER_WITH_COMPANY|FREE_EMAIL|AUTOMATION_INFLATED|INCOMPLETE_PROFILE,4,False,False,True,False,,engaged in last 30 days | attended 1 event(s) | ⚠ engagement mostly automated emails | nan End User | ICP-qualified account | high intent score (92) | flags: NO_LONGER_WITH_COMPANY|FREE_EMAIL|AUTOMATION_INFLATED|INCOMPLETE_PROFILE,,284
01972fbab85f49e1,contact,Jennifer,Mcdowell,hollowayholly@hotmail.com,free_email,,End User,C-Level,,Active,60.2,Medium,True,100.0,42.6,53.0,20.0,8,27,0.704,6,4,5,0,1,2,0.662,0.5,440751f90ac74a98,False,False,20.0,23618.0,Retail,84,42.0,,False,FREE_EMAIL|AUTOMATION_INFLATED,2,False,False,False,False,,engaged in last 7 days | attended 1 event(s) | ⚠ engagement mostly automated emails | C-Level End User | flags: FREE_EMAIL|AUTOMATION_INFLATED,,285
d3f8a553970c4f53,lead,Melissa,Villarreal,melissa.villarreal@finley-sims.com,corporate,Ranger/warden,,Individual Contributor,,New,59.9,Medium,True,89.3,41.0,54.0,38.0,2,9,0.778,25,1,1,0,1,0,0.75,0.5,77ad07a1315c47a3,False,False,92.0,7705.0,Legal,151,50.33333333333333,,False,AUTOMATION_INFLATED,1,False,False,False,False,,engaged in last 30 days | attended 1 event(s) | ⚠ engagement mostly automated emails | Individual Contributor nan | high intent score (92) | flags: AUTOMATION_INFLATED,,286
b4ef0eb53d4b46ee,lead,James,Adams,russojacob@hotmail.com,free_email,Theatre manager,,Manager,,MQL,59.9,Medium,True,62.1,97.0,56.5,13.2,5,15,0.667,73,0,1,2,1,0,0.77,0.0,3ea7d8229ce34bc1,False,False,13.0,3079.0,Legal,164,54.666666666666664,2025-03-14,True,FREE_EMAIL,1,False,False,False,False,,engaged in last 90 days | attended 2 webinar(s) | attended 1 event(s) | Manager nan | flags: FREE_EMAIL,,287
affc9635734144aa,lead,Valerie,Thomas,valerie.thomas@whitemillera.com,corporate,"Editor, film/video",Champion,Individual Contributor,,New,59.7,Medium,True,78.3,42.0,62.0,46.8,2,3,0.333,34,0,1,0,0,0,0.4,0.0,b2b8bf0559484bc7,False,True,47.0,2672.0,Retail,137,45.666666666666664,,False,,0,False,False,False,False,,engaged in last 90 days | Individual Contributor Champion | named target account,,288
e32a774e270342eb,contact,David,Cole,david.cole@davisllc.com,corporate,Music tutor,End User,Director,,Attempted,59.7,Medium,True,100.0,36.0,55.5,23.0,1,2,0.5,15,1,1,0,0,0,0.35,1.0,3a672abbc554408c,False,False,92.0,10.0,Manufacturing,126,63.0,,False,BROKEN_CONV_LINK,1,False,False,False,False,,engaged in last 30 days | Director End User | high intent score (92) | flags: BROKEN_CONV_LINK,,289
dbd43be90efa422d,contact,Joseph,Thomas,joseph.thomas@hamiltongrou.com,corporate,,Technical Buyer,,,MQL,59.7,Medium,True,100.0,39.1,55.0,19.5,4,14,0.714,6,2,2,1,0,1,0.662,0.5,0fce65eaa1234650,False,False,18.0,6222.0,Energy,47,23.5,2025-04-28,True,AUTOMATION_INFLATED|BROKEN_CONV_LINK|INCOMPLETE_PROFILE,3,False,False,False,False,,engaged in last 7 days | attended 1 webinar(s) | ⚠ engagement mostly automated emails | nan Technical Buyer | flags: AUTOMATION_INFLATED|BROKEN_CONV_LINK|INCOMPLETE_PROFILE,,290
6903ba36d47e4082,lead,Karen,Patel,morganmatthew@yahoo.com,free_email,Garment/textile technologist,Technical Buyer,,,New,59.5,Medium,True,100.0,35.6,67.0,11.2,3,11,0.727,13,2,3,1,0,0,0.633,0.667,c6ac99ebfd304307,False,False,5.0,1474.0,Insurance,55,18.333333333333332,,False,FREE_EMAIL|AUTOMATION_INFLATED,2,False,False,False,False,,engaged in last 30 days | attended 1 webinar(s) | ⚠ engagement mostly automated emails | nan Technical Buyer | flags: FREE_EMAIL|AUTOMATION_INFLATED,,291
6756c38ef637422c,lead,Marie,Holmes,sales@martin-morris.com,shared_mailbox,Logistics and distribution manager,,Individual Contributor,,Qualified,59.4,Medium,True,90.2,56.0,50.0,19.0,2,8,0.75,24,1,1,0,2,0,1.0,0.5,be8d4927317045e1,False,False,16.0,8346.0,Media,295,98.33333333333333,,False,SHARED_MAILBOX|AUTOMATION_INFLATED,2,False,False,False,True,No Longer With Company,engaged in last 30 days | attended 2 event(s) | ⚠ engagement mostly automated emails | Individual Contributor nan | flags: SHARED_MAILBOX|AUTOMATION_INFLATED,,292
cd74043c645a48ef,contact,Nicole,Wilson,yedwards@outlook.com,free_email,Probation officer,Champion,Individual Contributor,,Qualified,59.2,Medium,True,82.9,57.5,57.0,22.0,5,18,0.722,29,1,3,2,2,0,0.9,0.2,07596d7fe26f4f6a,False,False,48.0,3442.0,Manufacturing,34,17.0,,False,OPT_OUT|FREE_EMAIL|AUTOMATION_INFLATED,3,True,False,False,False,,engaged in last 30 days | attended 2 webinar(s) | attended 2 event(s) | ⚠ engagement mostly automated emails | Individual Contributor Champion | flags: OPT_OUT|FREE_EMAIL|AUTOMATION_INFLATED,,293
0ba10bcff0e14474,contact,Cathy,Lee,kimberlywang@yahoo.com,free_email,,CISO,Manager,,MQL,58.9,Medium,True,62.1,47.0,69.5,57.5,2,3,0.333,73,0,1,0,0,0,0.45,0.0,c9c058f29ef34563,True,False,70.0,821.0,Financial Services,166,83.0,2025-02-09,True,FREE_EMAIL,1,False,False,False,False,,engaged in last 90 days | Manager CISO | ICP-qualified account | high intent score (70) | flags: FREE_EMAIL,,294
7b71281e7fc24d6e,contact,Denise,Moon,denise.moon@sheagroup.com,corporate,Regulatory affairs officer,Economic Buyer,,,Active,58.8,Medium,True,100.0,25.5,70.0,17.2,1,4,0.75,12,1,1,0,0,0,0.5,1.0,cf56917738834ec9,False,False,69.0,126.0,Financial Services,113,56.49999999999999,,False,AUTOMATION_INFLATED|BROKEN_CONV_LINK,2,False,False,False,False,,engaged in last 30 days | ⚠ engagement mostly automated emails | nan Economic Buyer | flags: AUTOMATION_INFLATED|BROKEN_CONV_LINK,,295
167a5c63c1a4419b,contact,Daisy,Friedman,robertsalyssa@mail.ru,free_email,,Technical Buyer,Manager,,MQL,58.8,Medium,True,53.6,77.0,59.5,44.5,2,2,0.0,95,0,0,0,1,0,0.7,0.0,ec2eb3791de440bc,False,True,58.0,560.0,Telecommunications,63,31.5,2025-01-17,True,FREE_EMAIL,1,False,False,False,False,,last engagement 95 days ago (stale) | attended 1 event(s) | Manager Technical Buyer | named target account | flags: FREE_EMAIL,,296
4fe15e5afefc4a24,contact,James,Adams,russojacob@hotmail.com,free_email,Theatre manager,,Manager,,MQL,58.7,Medium,True,100.0,40.5,54.5,13.2,1,5,0.8,17,1,1,0,0,0,0.8,1.0,3ea7d8229ce34bc1,False,False,13.0,3079.0,Legal,100,50.0,2025-03-13,True,FREE_EMAIL|AUTOMATION_INFLATED|BROKEN_CONV_LINK,3,False,False,False,False,,engaged in last 30 days | ⚠ engagement mostly automated emails | Manager nan | flags: FREE_EMAIL|AUTOMATION_INFLATED|BROKEN_CONV_LINK,,297
a29a3d6c6f4b4320,contact,Elijah,Rivera,elijah.rivera@hudson-sanch.com,corporate,Statistician,,Manager,,MQL,58.6,Medium,True,100.0,42.0,54.5,11.2,2,4,0.5,1,2,2,0,0,0,0.4,1.0,c6ac99ebfd304307,False,False,5.0,1474.0,Insurance,72,36.0,2025-03-02,True,BROKEN_CONV_LINK,1,False,False,False,False,,engaged in last 7 days | Manager nan | flags: BROKEN_CONV_LINK,,298
2fbd8c097d1a4dbd,lead,Joseph,Thomas,joseph.thomas@hamiltongrou.com,corporate,,Technical Buyer,,,MQL,58.4,Medium,True,100.0,31.5,58.0,19.5,5,24,0.792,9,2,2,1,0,0,0.53,0.4,0fce65eaa1234650,False,False,18.0,6222.0,Energy,25,8.333333333333332,2025-04-22,True,AUTOMATION_INFLATED|INCOMPLETE_PROFILE,2,False,False,False,False,,engaged in last 30 days | attended 1 webinar(s) | ⚠ engagement mostly automated emails | nan Technical Buyer | flags: AUTOMATION_INFLATED|INCOMPLETE_PROFILE,,299
d1f0a7f1715a402e,contact,William,Fernandez,support@stephenson.org,shared_mailbox,"Conservator, museum/gallery",Champion,Individual Contributor,,MQL,58.2,Medium,True,71.2,67.0,57.0,25.5,2,5,0.6,51,0,1,0,0,0,0.65,0.0,b8c780bd69464ed4,False,False,62.0,4106.0,Education,200,100.0,2025-02-08,True,SHARED_MAILBOX|BROKEN_CONV_LINK,2,False,False,False,False,,engaged in last 90 days | Individual Contributor Champion | flags: SHARED_MAILBOX|BROKEN_CONV_LINK,,300
6cd7e58c426348f0,lead,Carlos,Mendez,automation.victim@drip.com,corporate,IT Analyst,End User,Individual Contributor,,Attempted,58.1,Medium,True,69.2,56.0,42.0,57.5,2,40,0.95,56,0,1,2,0,0,1.0,0.0,252a4324713a470b,True,False,30.0,6960.0,Healthcare,110,36.666666666666664,2025-02-09,False,AUTOMATION_INFLATED,1,False,False,False,False,,engaged in last 90 days | attended 2 webinar(s) | ⚠ engagement mostly automated emails | Individual Contributor End User | ICP-qualified account | flags: AUTOMATION_INFLATED,persona_8_automation_inflated,301
52f3d951742246fb,lead,William,Fernandez,support@stephenson.org,shared_mailbox,"Conservator, museum/gallery",Champion,Individual Contributor,,MQL,58.0,Medium,True,77.9,53.0,62.0,25.5,1,4,0.75,35,0,1,1,0,0,1.0,0.0,b8c780bd69464ed4,False,False,62.0,4106.0,Education,14,4.666666666666667,2025-03-17,True,SHARED_MAILBOX|AUTOMATION_INFLATED|BROKEN_CONV_LINK,3,False,False,False,False,,engaged in last 90 days | attended 1 webinar(s) | ⚠ engagement mostly automated emails | Individual Contributor Champion | flags: SHARED_MAILBOX|AUTOMATION_INFLATED|BROKEN_CONV_LINK,,302
5dc4173891894cbd,lead,James,Walker,recycled.prospect@cycler.com,corporate,VP Engineering,Technical Buyer,VP,,MQL,57.6,Medium,True,87.6,19.8,81.0,29.2,2,10,0.8,27,1,1,0,0,0,0.375,0.5,f217124e9bd44a95,False,False,97.0,474.0,Energy,160,53.333333333333336,2025-04-15,True,AUTOMATION_INFLATED,1,False,False,False,False,,engaged in last 30 days | ⚠ engagement mostly automated emails | VP Technical Buyer | high intent score (97) | flags: AUTOMATION_INFLATED,persona_9_recycled_bouncer,303
5333c58ec0f9489d,lead,Antonio,Carroll,antonio.carroll@taylor-york.com,corporate,Proofreader,,Individual Contributor,,New,57.5,Medium,True,54.4,100.0,49.0,18.2,1,3,0.667,92,0,0,1,0,0,1.0,0.0,a0f23a77452b4664,False,False,73.0,28.0,Healthcare,198,66.0,,False,,0,False,False,False,True,Duplicate,last engagement 92 days ago (stale) | attended 1 webinar(s) | Individual Contributor nan | high intent score (73),,304
29c51191d4db4df1,contact,Adam,Rodgers,deborah47@outlook.com,free_email,,Economic Buyer,Manager,,Nurture,57.5,Medium,True,100.0,28.0,64.5,13.2,5,19,0.737,9,4,4,0,0,0,0.51,0.8,3ea7d8229ce34bc1,False,False,13.0,3079.0,Legal,145,72.5,,False,FREE_EMAIL|AUTOMATION_INFLATED,2,False,False,False,False,,engaged in last 30 days | ⚠ engagement mostly automated emails | Manager Economic Buyer | flags: FREE_EMAIL|AUTOMATION_INFLATED,,305
dc643636c70742a0,contact,John,Hudson,john.hudson@weissinc.com,corporate,Seismic interpreter,Champion,,,Qualified,57.4,Medium,True,84.2,59.0,60.0,6.0,4,4,0.0,28,1,2,0,0,0,0.55,0.25,94b73736bf264df3,False,False,24.0,43.0,Education,113,56.49999999999999,,False,,0,False,False,False,False,,engaged in last 30 days | nan Champion,,306
58d27b2252d04e3d,contact,Anthony,Small,anthony.small@robertsfryea.com,corporate,,End User,Director,,Qualified,56.9,Medium,True,30.6,100.0,45.5,60.5,1,3,0.667,178,0,0,1,0,0,1.0,0.0,51fda49d72334d69,True,False,42.0,21604.0,Financial Services,111,55.50000000000001,,False,EMAIL_BOUNCED|BROKEN_CONV_LINK,2,False,True,False,False,,last engagement 178 days ago (stale) | attended 1 webinar(s) | Director End User | ICP-qualified account | flags: EMAIL_BOUNCED|BROKEN_CONV_LINK,,307
98ea3fe63ed0443c,contact,Deborah,Sims,deborah.sims@mccannandson.com,corporate,Garment/textile technologist,Economic Buyer,,,Attempted,56.9,Medium,True,63.8,81.0,70.0,1.8,1,2,0.5,69,0,1,0,0,0,0.8,0.0,afbfd1b9e0074d37,False,False,7.0,133.0,Telecommunications,68,34.0,,False,,0,False,False,False,False,,engaged in last 90 days | nan Economic Buyer,,308
8672883eb9e94bea,lead,Anne,Hart,anne.hart@copelandgrou.com,corporate,Special effects artist,End User,Manager,,MQL,56.8,Medium,True,75.0,65.2,50.5,20.8,4,5,0.2,42,0,1,0,1,0,0.562,0.0,a89c906141864d2f,False,False,63.0,698.0,Legal,21,7.000000000000001,2025-02-23,True,,0,False,False,False,False,,engaged in last 90 days | attended 1 event(s) | Manager End User,,309
4049237d424b4d8e,lead,Joyce,Malone,joyce.malone@nicholson-ro.com,corporate,,,Director,,MQL,56.6,Medium,True,47.5,100.0,52.5,22.5,1,2,0.5,117,0,0,1,0,0,1.0,0.0,0a91cbe4c7254c84,False,False,70.0,814.0,Telecommunications,287,95.66666666666667,2025-04-14,True,EMAIL_BOUNCED|INCOMPLETE_PROFILE,2,False,True,False,False,,last engagement 117 days ago (stale) | attended 1 webinar(s) | Director nan | high intent score (70) | flags: EMAIL_BOUNCED|INCOMPLETE_PROFILE,,310
0d9e70e6a3a74c85,lead,Holly,Ortega,holly.ortega@chavez-johns.com,corporate,Public relations officer,,,,MQL,56.5,Medium,True,100.0,34.0,47.0,18.0,3,11,0.727,8,1,2,0,1,0,0.6,0.333,fb1930ad7d2042b7,False,False,32.0,1587.0,Legal,83,27.666666666666668,2024-12-28,True,OPT_OUT|AUTOMATION_INFLATED|INCOMPLETE_PROFILE,3,True,False,False,False,,engaged in last 30 days | attended 1 event(s) | ⚠ engagement mostly automated emails | nan nan | flags: OPT_OUT|AUTOMATION_INFLATED|INCOMPLETE_PROFILE,,311
17a334bdbace4f1d,lead,Marie,Jones,marie.jones@gilbertplc.com,corporate,,,Individual Contributor,,Recycled,56.1,Medium,True,84.8,47.8,38.0,34.5,8,30,0.733,26,1,2,0,3,0,0.725,0.125,4b4bf00e82b14eea,False,True,38.0,152.0,Financial Services,277,92.33333333333333,,False,OPT_OUT|NO_LONGER_WITH_COMPANY|AUTOMATION_INFLATED|INCOMPLETE_PROFILE,4,True,False,True,False,,engaged in last 30 days | attended 3 event(s) | ⚠ engagement mostly automated emails | Individual Contributor nan | named target account | flags: OPT_OUT|NO_LONGER_WITH_COMPANY|AUTOMATION_INFLATED|INCOMPLETE_PROFILE,,312
60eaa3060d664503,contact,Anne,Knight,irhodes@hotmail.com,free_email,Learning disability nurse,Champion,Individual Contributor,,Nurture,56.1,Medium,True,98.0,22.2,57.0,24.2,2,9,0.778,15,1,1,0,0,0,0.425,0.5,a9b0444e47a346b9,False,False,77.0,646.0,Legal,111,55.50000000000001,,False,NO_LONGER_WITH_COMPANY|FREE_EMAIL|AUTOMATION_INFLATED|BROKEN_CONV_LINK,4,False,False,True,False,,engaged in last 30 days | ⚠ engagement mostly automated emails | Individual Contributor Champion | high intent score (77) | flags: NO_LONGER_WITH_COMPANY|FREE_EMAIL|AUTOMATION_INFLATED|BROKEN_CONV_LINK,,313
9e43c2f7187142f6,contact,Steven,Steele,frank45@yahoo.com,free_email,,End User,,,Attempted,55.7,Medium,True,92.0,42.0,35.0,30.0,4,18,0.778,22,2,2,0,1,0,0.75,0.5,b0f594e2e75947f9,False,False,100.0,433.0,Manufacturing,69,34.5,,False,FREE_EMAIL|AUTOMATION_INFLATED|INCOMPLETE_PROFILE,3,False,False,False,False,,engaged in last 30 days | attended 1 event(s) | ⚠ engagement mostly automated emails | nan End User | high intent score (100) | flags: FREE_EMAIL|AUTOMATION_INFLATED|INCOMPLETE_PROFILE,,314
772e3ff269e24193,contact,Jay,Lee,jay.lee@jackson-webs.com,corporate,,,Manager,,Active,55.2,Medium,True,41.1,100.0,44.5,34.5,1,2,0.5,140,0,0,1,0,0,1.0,0.0,4b4bf00e82b14eea,False,True,38.0,152.0,Financial Services,188,94.0,,False,EMAIL_BOUNCED|INCOMPLETE_PROFILE,2,False,True,False,False,,last engagement 140 days ago (stale) | attended 1 webinar(s) | Manager nan | named target account | flags: EMAIL_BOUNCED|INCOMPLETE_PROFILE,,315
b82d85946573416e,contact,Aaron,Gonzalez,aaron.gonzalez@edwards-mill.com,corporate,,Technical Buyer,,,Active,55.2,Medium,True,48.9,96.3,55.0,15.2,3,4,0.25,112,0,0,1,1,0,0.833,0.0,ea4ab61c9d99480e,False,False,41.0,347.0,Insurance,164,82.0,,False,INCOMPLETE_PROFILE,1,False,False,False,False,,last engagement 112 days ago (stale) | attended 1 webinar(s) | attended 1 event(s) | nan Technical Buyer | flags: INCOMPLETE_PROFILE,,316
1c631b7ba8304583,lead,Kelly,Roberts,reedscott@hotmail.com,free_email,Furniture conservator/restorer,Technical Buyer,Manager,,MQL,55.1,Medium,True,33.6,100.0,72.5,19.0,1,3,0.667,167,0,0,1,0,0,1.0,0.0,be8d4927317045e1,False,False,16.0,8346.0,Media,192,64.0,2025-01-24,True,FREE_EMAIL,1,False,False,False,False,,last engagement 167 days ago (stale) | attended 1 webinar(s) | Manager Technical Buyer | flags: FREE_EMAIL,,317
ffa1e763b1b7427b,contact,Rachel,Hayes,rachel.hayes@marsh-doughe.com,corporate,,,Director,,Qualified,55.1,Medium,True,21.8,100.0,50.5,62.0,1,3,0.667,281,0,0,1,0,0,1.0,0.0,1b007d218bee4ed9,True,False,48.0,21801.0,Healthcare,186,93.0,,False,STALE_LEGACY_SCORE|INCOMPLETE_PROFILE,2,False,False,False,False,,last engagement 281 days ago (stale) | attended 1 webinar(s) | Director nan | ICP-qualified account | flags: STALE_LEGACY_SCORE|INCOMPLETE_PROFILE,,318
c331d32d18754a9a,contact,Preston,Henry,preston.henry@jacobshardin.com,corporate,,End User,Individual Contributor,,MQL,54.9,Medium,True,100.0,50.6,32.0,4.2,8,32,0.75,2,4,5,2,2,0,0.731,0.5,c4fe7dd48ba24f76,False,False,17.0,138.0,Education,60,30.0,2024-11-12,True,AUTOMATION_INFLATED,1,False,False,False,False,,engaged in last 7 days | attended 2 webinar(s) | attended 2 event(s) | ⚠ engagement mostly automated emails | Individual Contributor End User | flags: AUTOMATION_INFLATED,,319
2a462c480b0d4515,contact,Rebekah,Barajas,smithwilliam@hotmail.com,free_email,,End User,,,Active,54.8,Medium,True,67.9,82.0,35.0,17.8,2,5,0.6,59,0,1,1,0,0,0.75,0.0,4a3dce0bed0b45e5,False,False,71.0,49.0,Manufacturing,122,61.0,,False,FREE_EMAIL|INCOMPLETE_PROFILE,2,False,False,False,False,,engaged in last 90 days | attended 1 webinar(s) | nan End User | high intent score (71) | flags: FREE_EMAIL|INCOMPLETE_PROFILE,,320
d607ec58c59a493d,lead,Tracy,Cummings,tracy.cummings@henryjackson.com,corporate,"Doctor, general practice",End User,Manager,,MQL,54.2,Medium,True,40.6,100.0,56.5,18.2,1,2,0.5,142,0,0,0,1,0,1.0,0.0,7ebbcae9d3ed43de,False,False,13.0,7148.0,Legal,47,15.666666666666668,2025-02-22,True,,0,False,False,False,False,,last engagement 142 days ago (stale) | attended 1 event(s) | Manager End User,,321
979d847f9df3430b,lead,Nathan,Lynch,nathan.lynch@cruzjoyceand.com,corporate,,Champion,,,New,54.0,Medium,True,91.7,25.5,55.0,22.5,1,8,0.875,28,1,1,0,0,0,0.5,1.0,edf3b7ee3da04803,False,False,30.0,36633.0,Media,253,84.33333333333334,,False,AUTOMATION_INFLATED|INCOMPLETE_PROFILE,2,False,False,False,False,,engaged in last 30 days | ⚠ engagement mostly automated emails | nan Champion | flags: AUTOMATION_INFLATED|INCOMPLETE_PROFILE,,322
be8092ea4e4249f9,contact,Tamara,Ruiz,tamara.ruiz@richards-har.com,corporate,,,Individual Contributor,,Active,53.7,Medium,True,82.5,42.0,37.0,34.5,4,14,0.714,30,1,1,1,0,0,0.75,0.25,4b4bf00e82b14eea,False,True,38.0,152.0,Financial Services,121,60.5,,False,EMAIL_BOUNCED|NO_LONGER_WITH_COMPANY|AUTOMATION_INFLATED|INCOMPLETE_PROFILE,4,False,True,True,False,,engaged in last 30 days | attended 1 webinar(s) | ⚠ engagement mostly automated emails | Individual Contributor nan | named target account | flags: EMAIL_BOUNCED|NO_LONGER_WITH_COMPANY|AUTOMATION_INFLATED|INCOMPLETE_PROFILE,,323
77674dafdfcc4002,contact,Marie,Jones,marie.jones@gilbertplc.com,corporate,,,Individual Contributor,,Active,53.3,Medium,True,81.0,42.5,37.0,34.5,10,36,0.722,30,1,4,1,2,0,0.6,0.1,4b4bf00e82b14eea,False,True,38.0,152.0,Financial Services,33,16.5,,False,OPT_OUT|NO_LONGER_WITH_COMPANY|AUTOMATION_INFLATED|BROKEN_CONV_LINK|INCOMPLETE_PROFILE,5,True,False,True,False,,engaged in last 30 days | attended 1 webinar(s) | attended 2 event(s) | ⚠ engagement mostly automated emails | Individual Contributor nan | named target account | flags: OPT_OUT|NO_LONGER_WITH_COMPANY|AUTOMATION_INFLATED|BROKEN_CONV_LINK|INCOMPLETE_PROFILE,,324
2166459933624ca1,lead,Pamela,Moore,pamela.moore@riveraandson.com,corporate,Outdoor activities/education manager,Champion,,,MQL,53.2,Medium,True,60.0,59.3,63.0,23.8,3,4,0.25,78,0,1,0,0,1,0.533,0.0,61c8be67926f4313,False,False,35.0,21482.0,Legal,143,47.66666666666667,2025-04-19,True,,0,False,False,False,False,,engaged in last 90 days | nan Champion,,325
fb0a4a7b9f1f4d9c,lead,Robert,Hart,robert.hart@figueroainc.com,corporate,Games developer,End User,VP,,Disqualified,53.1,Medium,True,49.4,81.0,65.0,13.0,1,1,0.0,110,0,0,0,0,0,0.8,0.0,bf1e4608d7904f64,False,False,12.0,3174.0,Telecommunications,190,63.33333333333333,,False,,0,False,False,False,False,,last engagement 110 days ago (stale) | VP End User,,326
0f13bd43e0934199,lead,Lauren,Gutierrez,lauren.gutierrez@black-smith.com,corporate,General practice doctor,Champion,,,MQL,53.1,Medium,True,81.4,44.6,63.0,4.2,7,29,0.759,30,1,4,1,2,0,0.671,0.143,c4fe7dd48ba24f76,False,False,17.0,138.0,Education,178,59.333333333333336,2024-12-30,True,NO_LONGER_WITH_COMPANY|AUTOMATION_INFLATED,2,False,False,True,False,,engaged in last 30 days | attended 1 webinar(s) | attended 2 event(s) | ⚠ engagement mostly automated emails | nan Champion | flags: NO_LONGER_WITH_COMPANY|AUTOMATION_INFLATED,,327
75932d57d53d4a7e,contact,Robert,Hart,robert.hart@figueroainc.com,corporate,Games developer,End User,VP,,MQL,53.0,Medium,True,97.0,18.0,60.0,13.0,1,5,0.8,22,1,1,0,0,0,0.35,1.0,bf1e4608d7904f64,False,False,12.0,3174.0,Telecommunications,52,26.0,2024-11-12,True,AUTOMATION_INFLATED|BROKEN_CONV_LINK,2,False,False,False,False,,engaged in last 30 days | ⚠ engagement mostly automated emails | VP End User | flags: AUTOMATION_INFLATED|BROKEN_CONV_LINK,,328
3fe8616ecccd4ab3,contact,Nathan,Roberts,hernandezjustin@yahoo.com,free_email,,,,,Active,52.9,Medium,True,29.5,100.0,40.0,47.8,1,3,0.667,186,0,0,0,1,0,1.0,0.0,29b003713a4d4d1c,True,False,11.0,2636.0,Technology,34,17.0,,False,FREE_EMAIL|INCOMPLETE_PROFILE,2,False,False,False,False,,last engagement 186 days ago (stale) | attended 1 event(s) | nan nan | ICP-qualified account | flags: FREE_EMAIL|INCOMPLETE_PROFILE,,329
92a6f403df42415d,contact,Bianca,Cunningham,courtney71@gmail.com,free_email,Midwife,Champion,,,MQL,52.6,Medium,True,42.5,100.0,60.0,3.5,2,4,0.5,135,0,0,2,0,0,1.0,0.0,0ae9b66c84764902,False,False,14.0,40.0,Technology,107,53.5,2025-01-17,True,NO_LONGER_WITH_COMPANY|FREE_EMAIL,2,False,False,True,False,,last engagement 135 days ago (stale) | attended 2 webinar(s) | nan Champion | flags: NO_LONGER_WITH_COMPANY|FREE_EMAIL,,330
6d4321908bfe47e6,contact,John,Reeves,john.reeves@hinesbradfor.com,corporate,,,,,Active,52.0,Medium,True,100.0,23.2,40.0,16.2,3,15,0.8,10,2,2,0,0,0,0.433,0.667,b558bec84a8345e7,False,False,45.0,727.0,Retail,77,38.5,,False,AUTOMATION_INFLATED|INCOMPLETE_PROFILE,2,False,False,False,False,,engaged in last 30 days | ⚠ engagement mostly automated emails | nan nan | flags: AUTOMATION_INFLATED|INCOMPLETE_PROFILE,,331
6feb6b0a48c84dc5,lead,Angela,Walker,spam_cluster@example.com,corporate,Records manager,Economic Buyer,Manager,,MQL,51.9,Medium,True,30.8,77.0,81.5,28.0,2,3,0.333,177,0,0,1,0,0,0.7,0.0,08db683f415a486a,False,False,72.0,1279.0,Manufacturing,84,28.000000000000004,2025-04-28,True,,0,False,False,False,False,,last engagement 177 days ago (stale) | attended 1 webinar(s) | Manager Economic Buyer | high intent score (72),,332
ba9df2d3711a4c56,contact,Maria,Jimenez,maria.jimenez@stantongroup.com,corporate,,Technical Buyer,Director,,Active,51.4,Medium,True,22.9,90.0,65.5,39.0,2,5,0.6,268,0,0,0,0,1,0.85,0.0,99775319017f4b55,False,False,96.0,5618.0,Legal,26,13.0,,False,NO_LONGER_WITH_COMPANY,1,False,False,True,False,,last engagement 268 days ago (stale) | Director Technical Buyer | high intent score (96) | flags: NO_LONGER_WITH_COMPANY,,333
06aff614f40449b0,contact,Kellie,Lamb,kellie.lamb@griffithinc.com,corporate,Paediatric nurse,End User,Individual Contributor,,MQL,51.0,Medium,True,59.6,75.0,42.0,14.8,2,6,0.667,79,0,1,0,0,1,0.7,0.0,1114eee3178d4263,False,False,59.0,73.0,Education,165,82.5,2024-11-29,True,EMAIL_BOUNCED|BROKEN_CONV_LINK,2,False,True,False,False,,engaged in last 90 days | Individual Contributor End User | flags: EMAIL_BOUNCED|BROKEN_CONV_LINK,,334
187fb742e2f34c37,lead,Joseph,Tanner,joseph.tanner@rogersgroup.com,corporate,Glass blower/designer,,Individual Contributor,,Attempted,50.9,Medium,True,36.1,100.0,49.0,17.5,1,3,0.667,158,0,0,0,1,0,1.0,0.0,aabec9493a024b76,False,False,70.0,122.0,Healthcare,71,23.666666666666668,,False,,0,False,False,False,False,,last engagement 158 days ago (stale) | attended 1 event(s) | Individual Contributor nan | high intent score (70),,335
7038872c56d942a7,lead,Martin,Ward,martin.ward@clementsplc.com,corporate,Set designer,Champion,,,New,50.8,Medium,True,49.7,50.5,65.0,39.0,3,12,0.75,109,0,0,1,0,1,0.9,0.0,99775319017f4b55,False,False,96.0,5618.0,Legal,210,70.0,,False,AUTOMATION_INFLATED,1,False,False,False,False,,last engagement 109 days ago (stale) | attended 1 webinar(s) | ⚠ engagement mostly automated emails | nan Champion | high intent score (96) | flags: AUTOMATION_INFLATED,,336
277c56e9c0bb43f1,lead,Andrea,Wagner,andrea.wagner@mooremurillo.com,corporate,,,,,MQL,50.6,Medium,True,88.5,35.1,43.0,11.2,6,28,0.786,24,2,4,0,1,0,0.592,0.333,d827793334574da1,False,False,25.0,418.0,Education,223,74.33333333333333,2024-11-21,True,AUTOMATION_INFLATED|INCOMPLETE_PROFILE,2,False,False,False,False,,engaged in last 30 days | attended 1 event(s) | ⚠ engagement mostly automated emails | nan nan | flags: AUTOMATION_INFLATED|INCOMPLETE_PROFILE,,337
34aab8d4b79a4732,contact,Lisa,Peck,lisa.peck@edwardshines.com,corporate,"Scientist, biomedical",Champion,Manager,,Attempted,50.5,Medium,True,43.6,41.0,64.5,60.5,2,8,0.75,131,0,0,0,1,0,0.75,0.0,cd5d7d18041a4161,False,True,82.0,7574.0,Government,91,45.5,,False,AUTOMATION_INFLATED|BROKEN_CONV_LINK,2,False,False,False,False,,last engagement 131 days ago (stale) | attended 1 event(s) | ⚠ engagement mostly automated emails | Manager Champion | named target account | high intent score (82) | flags: AUTOMATION_INFLATED|BROKEN_CONV_LINK,,338
64fa0c3bde3a4533,contact,Tracy,Cummings,tracy.cummings@henryjackson.com,corporate,"Doctor, general practice",End User,Manager,,MQL,50.5,Medium,True,50.6,77.0,49.5,18.2,2,4,0.5,106,0,0,0,1,0,0.7,0.0,7ebbcae9d3ed43de,False,False,13.0,7148.0,Legal,149,74.5,2025-03-05,True,NO_LONGER_WITH_COMPANY|BROKEN_CONV_LINK,2,False,False,True,False,,last engagement 106 days ago (stale) | attended 1 event(s) | Manager End User | flags: NO_LONGER_WITH_COMPANY|BROKEN_CONV_LINK,,339
6d1f644922574f84,lead,Alexandria,Hamilton,alexandria.hamilton@cowancoopera.com,corporate,,,Individual Contributor,,MQL,50.2,Medium,True,90.0,20.5,39.0,28.8,1,9,0.889,30,1,1,0,0,0,0.4,1.0,55eea98f2b024175,False,False,95.0,227.0,Government,98,32.666666666666664,2025-04-25,True,AUTOMATION_INFLATED|INCOMPLETE_PROFILE,2,False,False,False,False,,engaged in last 30 days | ⚠ engagement mostly automated emails | Individual Contributor nan | high intent score (95) | flags: AUTOMATION_INFLATED|INCOMPLETE_PROFILE,,340
b31e91e592d54078,lead,Sherry,Clark,marie16@hotmail.com,free_email,Restaurant manager,,Individual Contributor,,New,49.9,Medium,True,65.4,61.0,44.0,15.0,5,9,0.444,65,0,1,0,1,0,0.51,0.0,59d9bcc03ed14e5f,False,False,0.0,5161.0,Insurance,33,11.0,,False,FREE_EMAIL|BROKEN_CONV_LINK,2,False,False,False,False,,engaged in last 90 days | attended 1 event(s) | Individual Contributor nan | flags: FREE_EMAIL|BROKEN_CONV_LINK,,341
ab96b38464ec4528,lead,Ryan,Walker,ryan.walker@shahmcintyre.com,corporate,Pensions consultant,Technical Buyer,C-Level,,Qualified,49.8,Medium,True,54.7,51.0,86.0,3.5,1,2,0.5,91,0,0,0,0,0,0.5,0.0,0ae9b66c84764902,False,False,14.0,40.0,Technology,110,36.666666666666664,,False,,0,False,False,False,False,,last engagement 91 days ago (stale) | C-Level Technical Buyer,,342
e335b4cbda11475a,contact,Lori,Smith,skinnereileen@yahoo.com,free_email,Audiological scientist,,Individual Contributor,,Nurture,49.8,Medium,True,62.1,42.0,47.0,41.0,2,3,0.333,73,0,1,0,0,0,0.4,0.0,3076d2004b604815,False,True,4.0,7033.0,Media,146,73.0,,False,FREE_EMAIL,1,False,False,False,False,,engaged in last 90 days | Individual Contributor nan | named target account | flags: FREE_EMAIL,,343
832e43ecb7c2469c,lead,Mark,Banks,mark.banks@patel-morale.com,corporate,,Champion,Manager,,MQL,49.7,Medium,True,72.1,18.0,61.5,38.2,1,6,0.833,49,0,1,0,0,0,0.35,0.0,ce0cb12b559b414e,False,False,93.0,45270.0,Education,40,13.333333333333334,2025-03-16,True,AUTOMATION_INFLATED,1,False,False,False,False,,engaged in last 90 days | ⚠ engagement mostly automated emails | Manager Champion | high intent score (93) | flags: AUTOMATION_INFLATED,,344
c8d1411ac5d748dd,contact,Cassandra,Garcia,cassandra.garcia@housegroup.com,corporate,"Programmer, systems",End User,Manager,,MQL,49.1,Medium,True,54.7,41.0,49.5,49.0,1,1,0.0,91,0,0,0,0,0,0.4,0.0,0d7fcc161fd14d73,True,False,36.0,769.0,Technology,185,92.5,2024-11-17,True,,0,False,False,False,False,,last engagement 91 days ago (stale) | Manager End User | ICP-qualified account,,345
d2978a05b9ff4600,lead,Heather,Bell,lebrandon@gmail.com,free_email,Primary school teacher,,,,MQL,48.6,Medium,True,42.5,77.0,47.0,25.5,2,3,0.333,135,0,0,0,1,0,0.7,0.0,3463ef6750fb4689,False,False,42.0,9029.0,Education,7,2.3333333333333335,2025-04-08,True,FREE_EMAIL|INCOMPLETE_PROFILE,2,False,False,False,False,,last engagement 135 days ago (stale) | attended 1 event(s) | nan nan | flags: FREE_EMAIL|INCOMPLETE_PROFILE,,346
53e519d851d347c7,lead,Cheryl,Johnson,contact@love.com,shared_mailbox,Illustrator,Technical Buyer,VP,,New,48.5,Medium,True,51.7,25.5,85.0,35.0,1,4,0.75,102,0,0,0,0,0,0.5,0.0,6c632017f5da412d,False,False,80.0,9625.0,Insurance,143,47.66666666666667,,False,SHARED_MAILBOX|AUTOMATION_INFLATED,2,False,False,False,False,,last engagement 102 days ago (stale) | ⚠ engagement mostly automated emails | VP Technical Buyer | high intent score (80) | flags: SHARED_MAILBOX|AUTOMATION_INFLATED,,347
62749eb7783c4587,contact,Madison,Williams,madison.williams@jacksoninc.com,corporate,"Engineer, land",,,,MQL,48.5,Medium,True,50.8,75.2,50.0,9.8,4,12,0.667,105,0,0,1,0,0,0.662,0.0,2eb67b7f7bd9401b,False,False,39.0,189.0,Media,153,76.5,2025-03-02,True,INCOMPLETE_PROFILE,1,False,False,False,False,,last engagement 105 days ago (stale) | attended 1 webinar(s) | nan nan | flags: INCOMPLETE_PROFILE,,348
f04b7ba67cc14f6c,lead,John,Perez,lindamelendez@yahoo.com,free_email,"Surveyor, planning and development",Champion,,,New,48.0,Medium,True,15.6,100.0,65.0,22.8,2,5,0.6,358,0,0,1,1,0,1.0,0.0,d379b3da684d4431,False,False,71.0,647.0,Media,274,91.33333333333333,,False,EMAIL_BOUNCED|FREE_EMAIL|STALE_LEGACY_SCORE,3,False,True,False,False,,last engagement 358 days ago (stale) | attended 1 webinar(s) | attended 1 event(s) | nan Champion | high intent score (71) | flags: EMAIL_BOUNCED|FREE_EMAIL|STALE_LEGACY_SCORE,,349
97bde63cd26642dc,contact,Bryan,Orozco,bryan.orozco@small-wilson.com,corporate,Writer,,,,Nurture,48.0,Medium,True,68.3,19.8,50.0,45.8,2,11,0.818,58,0,1,0,0,0,0.375,0.0,3073ecf6384e4578,True,False,3.0,3693.0,Technology,30,15.0,,False,AUTOMATION_INFLATED|INCOMPLETE_PROFILE,2,False,False,False,False,,engaged in last 90 days | ⚠ engagement mostly automated emails | nan nan | ICP-qualified account | flags: AUTOMATION_INFLATED|INCOMPLETE_PROFILE,,350
5f293367b7bc4e2f,contact,Terri,Sanders,jennifererickson@hotmail.com,free_email,"Therapist, speech and language",End User,Manager,,Active,46.5,Medium,True,8.9,81.0,49.5,66.0,1,2,0.5,586,0,0,0,0,0,0.8,0.0,fa1da2f0ac0345f8,True,False,84.0,3765.0,Financial Services,163,81.5,,False,FREE_EMAIL|STALE_LEGACY_SCORE,2,False,False,False,False,,last engagement 586 days ago (stale) | Manager End User | ICP-qualified account | high intent score (84) | flags: FREE_EMAIL|STALE_LEGACY_SCORE,,351
bde27e7a45bf4d43,lead,Anne,Knight,irhodes@hotmail.com,free_email,Learning disability nurse,Champion,Individual Contributor,,MQL,46.4,Medium,True,16.4,100.0,54.0,24.2,1,2,0.5,348,0,0,0,1,0,1.0,0.0,a9b0444e47a346b9,False,False,77.0,646.0,Legal,74,24.666666666666668,2024-12-09,True,FREE_EMAIL,1,False,False,False,False,,last engagement 348 days ago (stale) | attended 1 event(s) | Individual Contributor Champion | high intent score (77) | flags: FREE_EMAIL,,352
9395a1f0c9ed4e78,lead,Catherine,Morris,mbarnes@outlook.com,free_email,,,,,New,44.5,Medium,True,45.6,40.5,41.0,51.0,1,5,0.8,124,0,0,0,0,0,0.8,0.0,ab25cc7830cb4791,False,True,44.0,32060.0,Government,82,27.333333333333332,,False,FREE_EMAIL|AUTOMATION_INFLATED|INCOMPLETE_PROFILE,3,False,False,False,False,,last engagement 124 days ago (stale) | ⚠ engagement mostly automated emails | nan nan | named target account | flags: FREE_EMAIL|AUTOMATION_INFLATED|INCOMPLETE_PROFILE,,353
5eaacc98651a45dd,lead,Megan,Brooks,megan.brooks@wheelercampb.com,corporate,,End User,Individual Contributor,,MQL,44.4,Medium,True,59.2,53.0,34.0,18.0,1,7,0.857,80,0,1,0,1,0,1.0,0.0,fb1930ad7d2042b7,False,False,32.0,1587.0,Legal,126,42.0,2024-12-05,True,AUTOMATION_INFLATED,1,False,False,False,False,,engaged in last 90 days | attended 1 event(s) | ⚠ engagement mostly automated emails | Individual Contributor End User | flags: AUTOMATION_INFLATED,,354
0cfef187b7714f4a,lead,Ryan,Frazier,ryan.frazier@jamesbartona.com,corporate,Fine artist,,,,Disqualified,43.5,Medium,True,29.7,41.0,57.0,57.5,1,2,0.5,184,0,0,0,0,0,0.4,0.0,c9c058f29ef34563,True,False,70.0,821.0,Financial Services,19,6.333333333333334,,False,INCOMPLETE_PROFILE,1,False,False,False,False,,last engagement 184 days ago (stale) | nan nan | ICP-qualified account | high intent score (70) | flags: INCOMPLETE_PROFILE,,355
f513f4c1de4b454b,lead,Thomas,Kim,tflores@yandex.com,free_email,,,,,Disqualified,42.5,Medium,True,35.6,74.5,41.0,16.0,2,5,0.6,160,0,0,1,0,0,0.675,0.0,24827055fadd4275,False,False,24.0,3361.0,Education,294,98.0,,False,FREE_EMAIL|INCOMPLETE_PROFILE,2,False,False,False,False,,last engagement 160 days ago (stale) | attended 1 webinar(s) | nan nan | flags: FREE_EMAIL|INCOMPLETE_PROFILE,,356
26915ee8c42c4c0d,contact,Raven,Baker,raven.baker@black-graham.com,corporate,"Development worker, international aid",CISO,,,MQL,41.9,Medium,True,10.5,59.5,75.0,42.0,2,5,0.6,528,0,0,0,0,0,0.575,0.0,7eb7ff56da0b4ab6,False,True,68.0,81.0,Energy,89,44.5,2024-11-30,True,EMAIL_BOUNCED,1,False,True,False,False,,last engagement 528 days ago (stale) | nan CISO | named target account | flags: EMAIL_BOUNCED,,357
baa097e0b4554297,contact,Natasha,Wang,rmccormick@gmail.com,free_email,Catering manager,,VP,,Attempted,41.2,Medium,True,41.4,53.0,65.0,2.5,1,4,0.75,139,0,0,1,0,0,1.0,0.0,40c2eda23c4f427f,False,False,10.0,181.0,Media,81,40.5,,False,NO_LONGER_WITH_COMPANY|FREE_EMAIL|AUTOMATION_INFLATED,3,False,False,True,False,,last engagement 139 days ago (stale) | attended 1 webinar(s) | ⚠ engagement mostly automated emails | VP nan | flags: NO_LONGER_WITH_COMPANY|FREE_EMAIL|AUTOMATION_INFLATED,,358
6569169a9dc34b78,lead,Jason,Meza,jason.meza@lee-cooke.com,corporate,"Designer, fashion/clothing",Economic Buyer,Director,,New,40.7,Medium,True,13.2,62.0,87.5,15.2,2,5,0.6,431,0,0,0,0,0,0.6,0.0,ea4ab61c9d99480e,False,False,41.0,347.0,Insurance,183,61.0,,False,BROKEN_CONV_LINK|STALE_LEGACY_SCORE,2,False,False,False,False,,last engagement 431 days ago (stale) | Director Economic Buyer | flags: BROKEN_CONV_LINK|STALE_LEGACY_SCORE,,359
6bf3cc1a5260449f,contact,Ashley,Morales,ashley.morales@figueroainc.com,corporate,"Chemist, analytical",End User,,,MQL,38.8,Low,True,64.6,23.2,45.0,7.2,3,15,0.8,67,0,2,0,0,0,0.433,0.0,aa807a1dd74748a3,False,False,9.0,852.0,Media,174,87.0,2025-03-20,True,EMAIL_BOUNCED|AUTOMATION_INFLATED|BROKEN_CONV_LINK,3,False,True,False,False,,engaged in last 90 days | ⚠ engagement mostly automated emails | nan End User | flags: EMAIL_BOUNCED|AUTOMATION_INFLATED|BROKEN_CONV_LINK,,360
570b0fe879334130,lead,Jessica,Payne,jessica.payne@hernandezgro.com,corporate,Aeronautical engineer,Champion,Individual Contributor,,MQL,37.6,Low,True,22.5,51.0,64.0,20.8,1,1,0.0,272,0,0,0,0,0,0.5,0.0,a89c906141864d2f,False,False,63.0,698.0,Legal,144,48.0,2024-12-03,True,,0,False,False,False,False,,last engagement 272 days ago (stale) | Individual Contributor Champion,,361
6952e75656b247e7,lead,Brenda,Hines,brenda.hines@beckerjonesa.com,corporate,Field trials officer,,Manager,,Attempted,36.6,Low,True,11.8,41.0,56.5,54.5,1,2,0.5,483,0,0,0,0,0,0.4,0.0,232dc6dccdcc4d58,False,True,98.0,546.0,Energy,271,90.33333333333333,,False,STALE_LEGACY_SCORE,1,False,False,False,False,,last engagement 483 days ago (stale) | Manager nan | named target account | high intent score (98) | flags: STALE_LEGACY_SCORE,,362
8b138678d0164775,lead,Michael,Torres,ciso.stale@bigbank.com,corporate,CISO,CISO,VP,,Attempted,34.8,Low,True,0.0,0.0,97.0,76.8,0,12,1.0,999,0,0,0,0,0,0.0,0.0,15074f19aba6405e,True,True,27.0,1357.0,Financial Services,180,60.0,2024-07-10,False,AUTOMATION_INFLATED|STALE_LEGACY_SCORE|NO_ENGAGEMENT,3,False,False,False,False,,no recorded engagement | ⚠ engagement mostly automated emails | VP CISO | named target account | ICP-qualified account | flags: AUTOMATION_INFLATED|STALE_LEGACY_SCORE|NO_ENGAGEMENT,persona_2_stale_engagement,363
c526483f142a4008,lead,Heather,Woods,info@reyes.com,shared_mailbox,"Civil engineer, contracting",Technical Buyer,,,MQL,34.2,Low,True,8.5,51.0,72.0,20.5,1,3,0.667,602,0,0,0,0,0,0.5,0.0,f1bb53af63424868,False,False,62.0,353.0,Insurance,76,25.333333333333336,2024-11-21,True,SHARED_MAILBOX,1,False,False,False,False,,last engagement 602 days ago (stale) | nan Technical Buyer | flags: SHARED_MAILBOX,,364
34fdbe653b2441db,lead,Robert,Adkins,robert.adkins@mitchellboon.com,corporate,,CISO,Individual Contributor,,Recycled,31.8,Low,True,0.0,0.0,69.0,90.0,0,0,0.0,999,0,0,0,0,0,0.0,0.0,295c66745123441e,True,True,80.0,1943.0,Financial Services,291,97.0,,False,STALE_LEGACY_SCORE|NO_ENGAGEMENT,2,False,False,False,False,,no recorded engagement | Individual Contributor CISO | named target account | ICP-qualified account | high intent score (80) | flags: STALE_LEGACY_SCORE|NO_ENGAGEMENT,,365
911920f3bd964120,lead,Marcus,Wright,marcus.wright@reyes-griffi.com,corporate,,Champion,Director,,Recycled,31.4,Low,True,6.0,51.0,65.5,17.5,1,2,0.5,693,0,0,0,0,0,0.5,0.0,aabec9493a024b76,False,False,70.0,122.0,Healthcare,150,50.0,,False,EMAIL_BOUNCED|NO_LONGER_WITH_COMPANY,2,False,True,True,False,,last engagement 693 days ago (stale) | Director Champion | high intent score (70) | flags: EMAIL_BOUNCED|NO_LONGER_WITH_COMPANY,,366
942a0273f9014c6f,lead,Gregory,Blevins,fcamacho@libero.it,free_email,"Journalist, broadcasting",,VP,,Attempted,31.2,Low,True,0.0,0.0,66.0,90.0,0,46,1.0,999,0,0,0,0,0,0.0,0.0,295c66745123441e,True,True,80.0,1943.0,Financial Services,143,47.66666666666667,,False,FREE_EMAIL|AUTOMATION_INFLATED|NO_ENGAGEMENT,3,False,False,False,False,,no recorded engagement | ⚠ engagement mostly automated emails | VP nan | named target account | ICP-qualified account | high intent score (80) | flags: FREE_EMAIL|AUTOMATION_INFLATED|NO_ENGAGEMENT,,367
791475e0883546ea,lead,Michelle,Parsons,michelle.parsons@bray-wolfe.com,corporate,Psychiatrist,CISO,C-Level,,MQL,31.1,Low,True,0.0,0.0,100.0,55.5,0,0,0.0,999,0,0,0,0,0,0.0,0.0,be70e05cfc124515,True,False,22.0,19680.0,Technology,161,53.666666666666664,2025-01-29,True,STALE_LEGACY_SCORE|NO_ENGAGEMENT,2,False,False,False,False,,no recorded engagement | C-Level CISO | ICP-qualified account | flags: STALE_LEGACY_SCORE|NO_ENGAGEMENT,,368
e987b2408492499a,contact,Christopher,Henderson,christopher.henderson@austin-hamil.com,corporate,Physiological scientist,End User,VP,,Active,31.1,Low,True,26.2,25.5,60.0,17.8,1,4,0.75,227,0,0,0,0,0,0.5,0.0,4a3dce0bed0b45e5,False,False,71.0,49.0,Manufacturing,139,69.5,,False,AUTOMATION_INFLATED|STALE_LEGACY_SCORE,2,False,False,False,False,,last engagement 227 days ago (stale) | ⚠ engagement mostly automated emails | VP End User | high intent score (71) | flags: AUTOMATION_INFLATED|STALE_LEGACY_SCORE,,369
7244ccfe22324ff8,contact,Janice,Graham,janice.graham@williams-kel.com,corporate,"Surveyor, mining",Technical Buyer,C-Level,,Active,30.9,Low,True,0.0,0.0,83.0,71.5,0,2,1.0,999,0,0,0,0,0,0.0,0.0,689303a6de3c4130,True,False,86.0,9713.0,Financial Services,58,28.999999999999996,,False,AUTOMATION_INFLATED|NO_ENGAGEMENT,2,False,False,False,False,,no recorded engagement | ⚠ engagement mostly automated emails | C-Level Technical Buyer | ICP-qualified account | high intent score (86) | flags: AUTOMATION_INFLATED|NO_ENGAGEMENT,,370
c9a352c619c64ad9,contact,Sarah,Rose,sarah.rose@warrenrobert.com,corporate,Purchasing manager,CISO,C-Level,,MQL,29.1,Low,True,0.0,0.0,93.0,52.5,0,7,1.0,999,0,0,0,0,0,0.0,0.0,b2e6251e40dc4ba5,True,False,30.0,4425.0,Healthcare,91,45.5,2025-03-26,True,AUTOMATION_INFLATED|NO_ENGAGEMENT,2,False,False,False,False,,no recorded engagement | ⚠ engagement mostly automated emails | C-Level CISO | ICP-qualified account | flags: AUTOMATION_INFLATED|NO_ENGAGEMENT,,371
2283422f4dad4378,contact,Charles,Owens,david89@outlook.com,free_email,"Education officer, environmental",Economic Buyer,Director,,MQL,28.7,Low,True,0.0,0.0,80.5,63.0,0,3,1.0,999,0,0,0,0,0,0.0,0.0,d8466f11f04b43e0,True,False,92.0,715.0,Technology,121,60.5,2025-04-02,True,EMAIL_BOUNCED|FREE_EMAIL|AUTOMATION_INFLATED|BROKEN_CONV_LINK|STALE_LEGACY_SCORE|NO_ENGAGEMENT,6,False,True,False,False,,no recorded engagement | ⚠ engagement mostly automated emails | Director Economic Buyer | ICP-qualified account | high intent score (92) | flags: EMAIL_BOUNCED|FREE_EMAIL|AUTOMATION_INFLATED|BROKEN_CONV_LINK|STALE_LEGACY_SCORE|NO_ENGAGEMENT,,372
6e2e1e7865ba4c11,lead,Paul,Dixon,heather06@gmail.com,free_email,Naval architect,Economic Buyer,,,Disqualified,28.6,Low,True,0.0,0.0,77.0,66.0,0,6,1.0,999,0,0,0,0,0,0.0,0.0,fa1da2f0ac0345f8,True,False,84.0,3765.0,Financial Services,105,35.0,,False,FREE_EMAIL|AUTOMATION_INFLATED|NO_ENGAGEMENT,3,False,False,False,False,,no recorded engagement | ⚠ engagement mostly automated emails | nan Economic Buyer | ICP-qualified account | high intent score (84) | flags: FREE_EMAIL|AUTOMATION_INFLATED|NO_ENGAGEMENT,,373
06a7db8129054d21,contact,Keith,Snyder,keith.snyder@reynoldsands.com,corporate,Tourism officer,Technical Buyer,,,MQL,28.6,Low,True,0.0,0.0,65.0,78.0,0,1,1.0,999,0,0,0,0,0,0.0,0.0,540e52a761d74268,True,True,12.0,8886.0,Healthcare,190,95.0,2025-03-30,True,AUTOMATION_INFLATED|STALE_LEGACY_SCORE|NO_ENGAGEMENT,3,False,False,False,False,,no recorded engagement | ⚠ engagement mostly automated emails | nan Technical Buyer | named target account | ICP-qualified account | flags: AUTOMATION_INFLATED|STALE_LEGACY_SCORE|NO_ENGAGEMENT,,374
29137dfc101045cc,lead,Kevin,Hart,kevin.hart@williamsgarc.com,corporate,"Engineer, structural",Champion,Director,,New,27.5,Low,True,7.4,31.0,67.5,18.2,2,9,0.778,644,0,0,0,0,0,0.6,0.0,7ebbcae9d3ed43de,False,False,13.0,7148.0,Legal,148,49.333333333333336,,False,EMAIL_BOUNCED|AUTOMATION_INFLATED,2,False,True,False,False,,last engagement 644 days ago (stale) | ⚠ engagement mostly automated emails | Director Champion | flags: EMAIL_BOUNCED|AUTOMATION_INFLATED,,375
777e09dd87e74fa2,lead,Amy,Henry,amy.henry@lopezbaileya.com,corporate,,Technical Buyer,VP,,MQL,27.1,Low,True,0.0,0.0,75.0,60.5,0,9,1.0,999,0,0,0,0,0,0.0,0.0,51fda49d72334d69,True,False,42.0,21604.0,Financial Services,216,72.0,2025-02-20,True,EMAIL_BOUNCED|AUTOMATION_INFLATED|STALE_LEGACY_SCORE|NO_ENGAGEMENT,4,False,True,False,False,,no recorded engagement | ⚠ engagement mostly automated emails | VP Technical Buyer | ICP-qualified account | flags: EMAIL_BOUNCED|AUTOMATION_INFLATED|STALE_LEGACY_SCORE|NO_ENGAGEMENT,,376
ec09a94996f94fa7,lead,Roberta,Ward,roberta.ward@smithltd.com,corporate,,CISO,Director,,MQL,27.1,Low,True,0.0,0.0,82.5,53.2,0,0,0.0,999,0,0,0,0,0,0.0,0.0,f4ceb9ab147a4a93,True,False,33.0,2357.0,Healthcare,227,75.66666666666667,2024-11-25,True,EMAIL_BOUNCED|STALE_LEGACY_SCORE|NO_ENGAGEMENT,3,False,True,False,False,,no recorded engagement | Director CISO | ICP-qualified account | flags: EMAIL_BOUNCED|STALE_LEGACY_SCORE|NO_ENGAGEMENT,,377
3af78f4cb4d94380,contact,Cody,Carpenter,cody.carpenter@smithplc.com,corporate,Herbalist,Economic Buyer,Individual Contributor,,MQL,26.6,Low,True,0.0,0.0,67.0,66.0,0,2,1.0,999,0,0,0,0,0,0.0,0.0,fa1da2f0ac0345f8,True,False,84.0,3765.0,Financial Services,169,84.5,2025-01-21,True,AUTOMATION_INFLATED|STALE_LEGACY_SCORE|NO_ENGAGEMENT,3,False,False,False,False,,no recorded engagement | ⚠ engagement mostly automated emails | Individual Contributor Economic Buyer | ICP-qualified account | high intent score (84) | flags: AUTOMATION_INFLATED|STALE_LEGACY_SCORE|NO_ENGAGEMENT,,378
29eb252a4fe3461c,lead,Lisa,Peck,lisa.peck@edwardshines.com,corporate,"Scientist, biomedical",Champion,Manager,,MQL,26.4,Low,True,0.0,0.0,71.5,60.5,0,0,0.0,999,0,0,0,0,0,0.0,0.0,cd5d7d18041a4161,False,True,82.0,7574.0,Government,146,48.66666666666667,2025-04-17,True,NO_ENGAGEMENT,1,False,False,False,False,,no recorded engagement | Manager Champion | named target account | high intent score (82) | flags: NO_ENGAGEMENT,,379
fed0ca1d0d0e43bd,lead,Charles,Webster,michelleramsey@outlook.com,free_email,Occupational psychologist,Technical Buyer,Manager,,MQL,26.3,Low,True,0.0,0.0,76.5,54.8,0,1,1.0,999,0,0,0,0,0,0.0,0.0,1e5548d07a324f62,True,False,39.0,2328.0,Healthcare,30,10.0,2024-12-12,True,FREE_EMAIL|AUTOMATION_INFLATED|NO_ENGAGEMENT,3,False,False,False,False,,no recorded engagement | ⚠ engagement mostly automated emails | Manager Technical Buyer | ICP-qualified account | flags: FREE_EMAIL|AUTOMATION_INFLATED|NO_ENGAGEMENT,,380
a5876ac0dc52417a,lead,Lauren,Phelps,lauren.phelps@murraydunnan.com,corporate,Broadcast engineer,Economic Buyer,Director,,MQL,26.1,Low,True,0.0,0.0,77.5,53.2,0,2,1.0,999,0,0,0,0,0,0.0,0.0,b501fdae70284fac,True,False,13.0,5849.0,Technology,155,51.66666666666667,2025-02-07,True,AUTOMATION_INFLATED|STALE_LEGACY_SCORE|NO_ENGAGEMENT,3,False,False,False,False,,no recorded engagement | ⚠ engagement mostly automated emails | Director Economic Buyer | ICP-qualified account | flags: AUTOMATION_INFLATED|STALE_LEGACY_SCORE|NO_ENGAGEMENT,,381
251c01739b0d4b9b,contact,Erica,Thompson,romanmatthew@gmail.com,free_email,Clothing/textile technologist,,C-Level,,Nurture,26.0,Low,True,0.0,0.0,68.0,62.2,0,5,1.0,999,0,0,0,0,0,0.0,0.0,876f1bb8e2924b75,True,False,69.0,1012.0,Technology,10,5.0,,False,FREE_EMAIL|AUTOMATION_INFLATED|NO_ENGAGEMENT,3,False,False,False,False,,no recorded engagement | ⚠ engagement mostly automated emails | C-Level nan | ICP-qualified account | flags: FREE_EMAIL|AUTOMATION_INFLATED|NO_ENGAGEMENT,,382
e2151d89029c4102,contact,Marisa,Mclaughlin,marisa.mclaughlin@manningwalls.com,corporate,Clinical biochemist,Economic Buyer,Manager,,Active,25.9,Low,True,0.0,0.0,74.5,54.8,0,0,0.0,999,0,0,0,0,0,0.0,0.0,1e5548d07a324f62,True,False,39.0,2328.0,Healthcare,160,80.0,,False,STALE_LEGACY_SCORE|NO_ENGAGEMENT,2,False,False,False,False,,no recorded engagement | Manager Economic Buyer | ICP-qualified account | flags: STALE_LEGACY_SCORE|NO_ENGAGEMENT,,383
d3df030136f14cde,lead,Tammie,Martinez,molly71@gmail.com,free_email,Secondary school teacher,Economic Buyer,Individual Contributor,,Disqualified,25.8,Low,True,0.0,0.0,70.0,59.0,0,0,0.0,999,0,0,0,0,0,0.0,0.0,daf12e4e24a74a55,True,False,76.0,625.0,Technology,68,22.666666666666664,,False,FREE_EMAIL|NO_ENGAGEMENT,2,False,False,False,False,,no recorded engagement | Individual Contributor Economic Buyer | ICP-qualified account | high intent score (76) | flags: FREE_EMAIL|NO_ENGAGEMENT,,384
ca0faff7f2d14e31,contact,Matthew,Klein,matthew.klein@lucaswilliam.com,corporate,,Economic Buyer,C-Level,,Nurture,25.8,Low,True,0.0,0.0,78.0,50.8,0,1,1.0,999,0,0,0,0,0,0.0,0.0,a49011ff86b645a4,False,True,83.0,417.0,Media,80,40.0,,False,EMAIL_BOUNCED|AUTOMATION_INFLATED|BROKEN_CONV_LINK|NO_ENGAGEMENT,4,False,True,False,False,,no recorded engagement | ⚠ engagement mostly automated emails | C-Level Economic Buyer | named target account | high intent score (83) | flags: EMAIL_BOUNCED|AUTOMATION_INFLATED|BROKEN_CONV_LINK|NO_ENGAGEMENT,,385
856be85f2cb7492e,lead,Kurt,French,kurt.french@watson-richa.com,corporate,,Technical Buyer,VP,,MQL,25.6,Low,True,0.0,0.0,77.0,51.0,0,0,0.0,999,0,0,0,0,0,0.0,0.0,ab25cc7830cb4791,False,True,44.0,32060.0,Government,272,90.66666666666666,2024-12-30,True,EMAIL_BOUNCED|STALE_LEGACY_SCORE|NO_ENGAGEMENT,3,False,True,False,False,,no recorded engagement | VP Technical Buyer | named target account | flags: EMAIL_BOUNCED|STALE_LEGACY_SCORE|NO_ENGAGEMENT,,386
ff17d1efee1a4b2d,contact,Heather,Lopez,clarkdeborah@gmail.com,free_email,Financial controller,End User,C-Level,,Nurture,25.6,Low,True,0.0,0.0,63.0,65.0,0,19,1.0,999,0,0,0,0,0,0.0,0.0,475ce8a925de4fb3,False,True,100.0,5796.0,Legal,0,0.0,,False,FREE_EMAIL|AUTOMATION_INFLATED|NO_ENGAGEMENT,3,False,False,False,False,,no recorded engagement | ⚠ engagement mostly automated emails | C-Level End User | named target account | high intent score (100) | flags: FREE_EMAIL|AUTOMATION_INFLATED|NO_ENGAGEMENT,,387
45142d33f0c048d0,lead,Michael,Love,michael.love@guerrerogrou.com,corporate,Lawyer,Economic Buyer,Individual Contributor,,MQL,25.4,Low,True,0.0,0.0,74.0,52.8,0,23,1.0,999,0,0,0,0,0,0.0,0.0,e2d578b8b4ae4c6f,True,False,51.0,229.0,Financial Services,270,90.0,2024-11-12,True,AUTOMATION_INFLATED|STALE_LEGACY_SCORE|NO_ENGAGEMENT,3,False,False,False,False,,no recorded engagement | ⚠ engagement mostly automated emails | Individual Contributor Economic Buyer | ICP-qualified account | flags: AUTOMATION_INFLATED|STALE_LEGACY_SCORE|NO_ENGAGEMENT,,388
0615c2dba0d3417d,lead,Alan,Davis,alan.davis@snyderllc.com,corporate,,Economic Buyer,,,MQL,25.4,Low,True,0.0,0.0,67.0,60.0,0,0,0.0,999,0,0,0,0,0,0.0,0.0,5aa70c47cf8a4798,True,False,80.0,983.0,Healthcare,58,19.333333333333332,2024-11-16,True,NO_ENGAGEMENT|INCOMPLETE_PROFILE,2,False,False,False,False,,no recorded engagement | nan Economic Buyer | ICP-qualified account | high intent score (80) | flags: NO_ENGAGEMENT|INCOMPLETE_PROFILE,,389
6e49bff651674ad2,lead,Heather,Contreras,heather.contreras@scott-norman.com,corporate,Health and safety inspector,End User,VP,,Attempted,25.4,Low,True,0.0,0.0,57.0,69.8,0,0,0.0,999,0,0,0,0,0,0.0,0.0,15f83994f0344e83,True,False,99.0,1815.0,Technology,77,25.666666666666664,,False,NO_ENGAGEMENT,1,False,False,False,False,,no recorded engagement | VP End User | ICP-qualified account | high intent score (99) | flags: NO_ENGAGEMENT,,390
79bf4f1a087344db,lead,Nathaniel,Jenkins,kfoster@outlook.com,free_email,Newspaper journalist,,C-Level,,New,25.3,Low,True,0.0,0.0,69.0,57.5,0,1,1.0,999,0,0,0,0,0,0.0,0.0,c9c058f29ef34563,True,False,70.0,821.0,Financial Services,160,53.333333333333336,,False,FREE_EMAIL|AUTOMATION_INFLATED|STALE_LEGACY_SCORE|NO_ENGAGEMENT,4,False,False,False,False,,no recorded engagement | ⚠ engagement mostly automated emails | C-Level nan | ICP-qualified account | high intent score (70) | flags: FREE_EMAIL|AUTOMATION_INFLATED|STALE_LEGACY_SCORE|NO_ENGAGEMENT,,391
032df868f9be45b6,lead,Matthew,Klein,matthew.klein@lucaswilliam.com,corporate,,Economic Buyer,C-Level,,Attempted,25.2,Low,True,0.0,0.0,75.0,50.8,0,3,1.0,999,0,0,0,0,0,0.0,0.0,a49011ff86b645a4,False,True,83.0,417.0,Media,299,99.66666666666667,,False,EMAIL_BOUNCED|AUTOMATION_INFLATED|STALE_LEGACY_SCORE|NO_ENGAGEMENT,4,False,True,False,False,,no recorded engagement | ⚠ engagement mostly automated emails | C-Level Economic Buyer | named target account | high intent score (83) | flags: EMAIL_BOUNCED|AUTOMATION_INFLATED|STALE_LEGACY_SCORE|NO_ENGAGEMENT,,392
21f4585ceb4c42a4,contact,Tammie,Martinez,molly71@gmail.com,free_email,Secondary school teacher,Economic Buyer,Individual Contributor,,MQL,25.2,Low,True,0.0,0.0,67.0,59.0,0,3,1.0,999,0,0,0,0,0,0.0,0.0,daf12e4e24a74a55,True,False,76.0,625.0,Technology,102,51.0,2024-11-21,True,FREE_EMAIL|AUTOMATION_INFLATED|BROKEN_CONV_LINK|STALE_LEGACY_SCORE|NO_ENGAGEMENT,5,False,False,False,False,,no recorded engagement | ⚠ engagement mostly automated emails | Individual Contributor Economic Buyer | ICP-qualified account | high intent score (76) | flags: FREE_EMAIL|AUTOMATION_INFLATED|BROKEN_CONV_LINK|STALE_LEGACY_SCORE|NO_ENGAGEMENT,,393
737c517f68574aaf,lead,Kenneth,Wagner,spam_cluster@example.com,corporate,Colour technologist,Technical Buyer,,,MQL,25.1,Low,True,0.0,0.0,68.0,57.5,0,37,1.0,999,0,0,0,0,0,0.0,0.0,c9c058f29ef34563,True,False,70.0,821.0,Financial Services,224,74.66666666666667,2025-02-02,True,AUTOMATION_INFLATED|STALE_LEGACY_SCORE|NO_ENGAGEMENT,3,False,False,False,False,,no recorded engagement | ⚠ engagement mostly automated emails | nan Technical Buyer | ICP-qualified account | high intent score (70) | flags: AUTOMATION_INFLATED|STALE_LEGACY_SCORE|NO_ENGAGEMENT,,394
29fa1b424f324f33,lead,David,Colon,david.colon@parks-pace.com,corporate,Chartered accountant,Economic Buyer,VP,,Recycled,25.1,Low,True,0.0,0.0,86.0,39.5,0,0,0.0,999,0,0,0,0,0,0.0,0.0,8c1fc9cab9544c54,False,False,98.0,6558.0,Legal,175,58.333333333333336,,False,STALE_LEGACY_SCORE|NO_ENGAGEMENT,2,False,False,False,False,,no recorded engagement | VP Economic Buyer | high intent score (98) | flags: STALE_LEGACY_SCORE|NO_ENGAGEMENT,,395
89242453bd3d4027,contact,Angela,Carlson,angela.carlson@shields-smit.com,corporate,,CISO,,,MQL,25.1,Low,True,0.0,0.0,65.0,60.5,0,14,1.0,999,0,0,0,0,0,0.0,0.0,cd5d7d18041a4161,False,True,82.0,7574.0,Government,42,21.0,2025-03-11,True,AUTOMATION_INFLATED|BROKEN_CONV_LINK|NO_ENGAGEMENT|INCOMPLETE_PROFILE,4,False,False,False,False,,no recorded engagement | ⚠ engagement mostly automated emails | nan CISO | named target account | high intent score (82) | flags: AUTOMATION_INFLATED|BROKEN_CONV_LINK|NO_ENGAGEMENT|INCOMPLETE_PROFILE,,396
46657c90e65545f7,lead,Jonathan,Rivas,jonathan.rivas@mitchellgrou.com,corporate,Artist,End User,Individual Contributor,,Attempted,25.0,Low,True,10.2,25.5,49.0,26.2,1,4,0.75,540,0,0,0,0,0,0.5,0.0,bc212a4c068f41f4,False,False,85.0,713.0,Energy,18,6.0,,False,NO_LONGER_WITH_COMPANY|AUTOMATION_INFLATED,2,False,False,True,True,No Longer With Company,last engagement 540 days ago (stale) | ⚠ engagement mostly automated emails | Individual Contributor End User | high intent score (85) | flags: NO_LONGER_WITH_COMPANY|AUTOMATION_INFLATED,,397
e05e14a4bfec4148,lead,Phillip,Jensen,phillip.jensen@wheeler-rome.com,corporate,,CISO,C-Level,,Attempted,24.6,Low,True,0.0,0.0,90.0,32.8,0,15,1.0,999,0,0,0,0,0,0.0,0.0,a90c8d2ed11948be,False,True,31.0,89.0,Retail,221,73.66666666666667,,False,AUTOMATION_INFLATED|STALE_LEGACY_SCORE|NO_ENGAGEMENT,3,False,False,False,False,,no recorded engagement | ⚠ engagement mostly automated emails | C-Level CISO | named target account | flags: AUTOMATION_INFLATED|STALE_LEGACY_SCORE|NO_ENGAGEMENT,,398
fce311311ae84a4a,contact,Kenneth,Wagner,sgarcia@yahoo.com,free_email,Colour technologist,Technical Buyer,,,MQL,24.5,Low,True,0.0,0.0,65.0,57.5,0,18,1.0,999,0,0,0,0,0,0.0,0.0,c9c058f29ef34563,True,False,70.0,821.0,Financial Services,158,79.0,2024-12-02,True,FREE_EMAIL|AUTOMATION_INFLATED|BROKEN_CONV_LINK|STALE_LEGACY_SCORE|NO_ENGAGEMENT,5,False,False,False,False,,no recorded engagement | ⚠ engagement mostly automated emails | nan Technical Buyer | ICP-qualified account | high intent score (70) | flags: FREE_EMAIL|AUTOMATION_INFLATED|BROKEN_CONV_LINK|STALE_LEGACY_SCORE|NO_ENGAGEMENT,,399
2f88767357ac4984,lead,Brian,Guzman,brian.guzman@foxinc.com,corporate,Learning disability nurse,CISO,Individual Contributor,,MQL,24.3,Low,True,0.0,0.0,77.0,44.5,0,17,1.0,999,0,0,0,0,0,0.0,0.0,ec2eb3791de440bc,False,True,58.0,560.0,Telecommunications,61,20.333333333333332,2025-03-26,True,AUTOMATION_INFLATED|NO_ENGAGEMENT,2,False,False,False,False,,no recorded engagement | ⚠ engagement mostly automated emails | Individual Contributor CISO | named target account | flags: AUTOMATION_INFLATED|NO_ENGAGEMENT,,400
216a4b712cc24f83,lead,Donna,Hill,donna.hill@rodriguezand.com,corporate,Public relations account executive,,VP,,Disqualified,24.0,Low,True,0.0,0.0,67.0,52.8,0,15,1.0,999,0,0,0,0,0,0.0,0.0,e2d578b8b4ae4c6f,True,False,51.0,229.0,Financial Services,201,67.0,,False,AUTOMATION_INFLATED|STALE_LEGACY_SCORE|NO_ENGAGEMENT,3,False,False,False,False,,no recorded engagement | ⚠ engagement mostly automated emails | VP nan | ICP-qualified account | flags: AUTOMATION_INFLATED|STALE_LEGACY_SCORE|NO_ENGAGEMENT,,401
b2e37206348d4ae4,lead,Shannon,Forbes,morganmatthew@yahoo.com,free_email,Archivist,,VP,,New,23.9,Low,True,0.0,0.0,62.0,57.5,0,28,1.0,999,0,0,0,0,0,0.0,0.0,252a4324713a470b,True,False,30.0,6960.0,Healthcare,264,88.0,,False,FREE_EMAIL|AUTOMATION_INFLATED|STALE_LEGACY_SCORE|NO_ENGAGEMENT,4,False,False,False,False,,no recorded engagement | ⚠ engagement mostly automated emails | VP nan | ICP-qualified account | flags: FREE_EMAIL|AUTOMATION_INFLATED|STALE_LEGACY_SCORE|NO_ENGAGEMENT,,402
b813af00d9a14ae3,lead,Sarah,Horton,danielyang@gmx.de,free_email,Film/video editor,Technical Buyer,,,Attempted,23.8,Low,True,0.0,0.0,70.0,48.8,0,17,1.0,999,0,0,0,0,0,0.0,0.0,a38c0a4809fd493d,False,True,95.0,197.0,Government,169,56.333333333333336,,False,EMAIL_BOUNCED|FREE_EMAIL|AUTOMATION_INFLATED|STALE_LEGACY_SCORE|NO_ENGAGEMENT,5,False,True,False,True,No Longer With Company,no recorded engagement | ⚠ engagement mostly automated emails | nan Technical Buyer | named target account | high intent score (95) | flags: EMAIL_BOUNCED|FREE_EMAIL|AUTOMATION_INFLATED|STALE_LEGACY_SCORE|NO_ENGAGEMENT,,403
2729251785f4402e,lead,Zachary,Williams,zachary.williams@jones-marsha.com,corporate,Heritage manager,,VP,,Disqualified,23.7,Low,True,0.0,0.0,66.0,52.5,0,18,1.0,999,0,0,0,0,0,0.0,0.0,b2e6251e40dc4ba5,True,False,30.0,4425.0,Healthcare,243,81.0,,False,AUTOMATION_INFLATED|STALE_LEGACY_SCORE|NO_ENGAGEMENT,3,False,False,False,True,No Longer With Company,no recorded engagement | ⚠ engagement mostly automated emails | VP nan | ICP-qualified account | flags: AUTOMATION_INFLATED|STALE_LEGACY_SCORE|NO_ENGAGEMENT,,404
c08dacf4872547f2,lead,Katie,Moore,katie.moore@morris-david.com,corporate,,CISO,,,Recycled,23.6,Low,True,0.0,0.0,67.0,51.0,0,1,1.0,999,0,0,0,0,0,0.0,0.0,ab25cc7830cb4791,False,True,44.0,32060.0,Government,56,18.666666666666668,,False,AUTOMATION_INFLATED|NO_ENGAGEMENT|INCOMPLETE_PROFILE,3,False,False,False,False,,no recorded engagement | ⚠ engagement mostly automated emails | nan CISO | named target account | flags: AUTOMATION_INFLATED|NO_ENGAGEMENT|INCOMPLETE_PROFILE,,405
ef35d8ac13c74194,lead,Elizabeth,Ellis,joycehall@gmail.com,free_email,Building surveyor,Technical Buyer,Individual Contributor,,MQL,23.6,Low,True,0.0,0.0,69.0,48.8,0,4,1.0,999,0,0,0,0,0,0.0,0.0,a38c0a4809fd493d,False,True,95.0,197.0,Government,5,1.6666666666666667,2025-04-22,True,FREE_EMAIL|AUTOMATION_INFLATED|NO_ENGAGEMENT,3,False,False,False,False,,no recorded engagement | ⚠ engagement mostly automated emails | Individual Contributor Technical Buyer | named target account | high intent score (95) | flags: FREE_EMAIL|AUTOMATION_INFLATED|NO_ENGAGEMENT,,406
7727bc8b1b0e4b8d,lead,John,Maynard,john.maynard@suttontoddan.com,corporate,"Designer, jewellery",,Manager,,Disqualified,23.3,Low,True,0.0,0.0,59.5,57.0,0,0,0.0,999,0,0,0,0,0,0.0,0.0,e6ea48b0cba94404,False,True,68.0,46525.0,Government,98,32.666666666666664,,False,EMAIL_BOUNCED|NO_ENGAGEMENT,2,False,True,False,False,,no recorded engagement | Manager nan | named target account | flags: EMAIL_BOUNCED|NO_ENGAGEMENT,,407
85c64538eb864746,contact,Phillip,Jensen,phillip.jensen@wheeler-rome.com,corporate,,CISO,C-Level,,Active,23.2,Low,True,0.0,0.0,83.0,32.8,0,2,1.0,999,0,0,0,0,0,0.0,0.0,a90c8d2ed11948be,False,True,31.0,89.0,Retail,177,88.5,,False,AUTOMATION_INFLATED|BROKEN_CONV_LINK|STALE_LEGACY_SCORE|NO_ENGAGEMENT,4,False,False,False,False,,no recorded engagement | ⚠ engagement mostly automated emails | C-Level CISO | named target account | flags: AUTOMATION_INFLATED|BROKEN_CONV_LINK|STALE_LEGACY_SCORE|NO_ENGAGEMENT,,408
2f4cb25e311248e0,contact,Lisa,Wilkerson,perryrandy@gmail.com,free_email,,,VP,,MQL,23.1,Low,True,0.0,0.0,55.0,60.5,0,0,0.0,999,0,0,0,0,0,0.0,0.0,51fda49d72334d69,True,False,42.0,21604.0,Financial Services,184,92.0,2025-04-24,True,NO_LONGER_WITH_COMPANY|FREE_EMAIL|BROKEN_CONV_LINK|STALE_LEGACY_SCORE|NO_ENGAGEMENT|INCOMPLETE_PROFILE,6,False,False,True,False,,no recorded engagement | VP nan | ICP-qualified account | flags: NO_LONGER_WITH_COMPANY|FREE_EMAIL|BROKEN_CONV_LINK|STALE_LEGACY_SCORE|NO_ENGAGEMENT|INCOMPLETE_PROFILE,,409
e15c944e55204445,contact,Nicole,Pena,amitchell@outlook.com,free_email,Clinical cytogeneticist,,Director,,Active,23.1,Low,True,0.0,0.0,60.5,54.8,0,0,0.0,999,0,0,0,0,0,0.0,0.0,1e5548d07a324f62,True,False,39.0,2328.0,Healthcare,52,26.0,,False,FREE_EMAIL|BROKEN_CONV_LINK|NO_ENGAGEMENT,3,False,False,False,False,,no recorded engagement | Director nan | ICP-qualified account | flags: FREE_EMAIL|BROKEN_CONV_LINK|NO_ENGAGEMENT,,410
004214bb5f8c40b3,lead,Jessica,Hansen,jessica.hansen@baileyrichmo.com,corporate,Trading standards officer,,Director,,Recycled,22.8,Low,True,0.0,0.0,61.5,52.5,0,0,0.0,999,0,0,0,0,0,0.0,0.0,b2e6251e40dc4ba5,True,False,30.0,4425.0,Healthcare,39,13.0,,False,NO_ENGAGEMENT,1,False,False,False,False,,no recorded engagement | Director nan | ICP-qualified account | flags: NO_ENGAGEMENT,,411
f6a397a673e24c48,lead,Daniel,Higgins,daniel.higgins@campbellinc.com,corporate,Research scientist (medical),,C-Level,,MQL,22.7,Low,True,0.0,0.0,65.0,48.5,0,0,0.0,999,0,0,0,0,0,0.0,0.0,0aecde9747f94869,True,False,14.0,2030.0,Financial Services,33,11.0,2025-04-15,True,NO_ENGAGEMENT,1,False,False,False,False,,no recorded engagement | C-Level nan | ICP-qualified account | flags: NO_ENGAGEMENT,,412
5c0281abd53f4914,contact,Johnny,Moore,emccormick@rediffmail.com,free_email,,End User,Manager,,MQL,22.7,Low,True,0.0,0.0,39.5,73.8,0,1,1.0,999,0,0,0,0,0,0.0,0.0,2214cc99c6874f4a,True,False,95.0,37628.0,Healthcare,127,63.5,2025-04-21,True,FREE_EMAIL|AUTOMATION_INFLATED|BROKEN_CONV_LINK|STALE_LEGACY_SCORE|NO_ENGAGEMENT,5,False,False,False,False,,no recorded engagement | ⚠ engagement mostly automated emails | Manager End User | ICP-qualified account | high intent score (95) | flags: FREE_EMAIL|AUTOMATION_INFLATED|BROKEN_CONV_LINK|STALE_LEGACY_SCORE|NO_ENGAGEMENT,,413
09a59d5417214a95,lead,Emily,Nelson,emily.nelson@hillinc.com,corporate,,Technical Buyer,Individual Contributor,,MQL,22.6,Low,True,0.0,0.0,54.0,59.0,0,3,1.0,999,0,0,0,0,0,0.0,0.0,daf12e4e24a74a55,True,False,76.0,625.0,Technology,183,61.0,2024-12-30,True,AUTOMATION_INFLATED|STALE_LEGACY_SCORE|NO_ENGAGEMENT,3,False,False,False,False,,no recorded engagement | ⚠ engagement mostly automated emails | Individual Contributor Technical Buyer | ICP-qualified account | high intent score (76) | flags: AUTOMATION_INFLATED|STALE_LEGACY_SCORE|NO_ENGAGEMENT,,414
53e221ef56214e7c,lead,Benjamin,Lucas,benjamin.lucas@kelly-norman.com,corporate,,Champion,Individual Contributor,,MQL,22.4,Low,True,0.0,0.0,50.0,62.2,0,5,1.0,999,0,0,0,0,0,0.0,0.0,876f1bb8e2924b75,True,False,69.0,1012.0,Technology,4,1.3333333333333335,2024-11-07,True,AUTOMATION_INFLATED|BROKEN_CONV_LINK|NO_ENGAGEMENT,3,False,False,False,False,,no recorded engagement | ⚠ engagement mostly automated emails | Individual Contributor Champion | ICP-qualified account | flags: AUTOMATION_INFLATED|BROKEN_CONV_LINK|NO_ENGAGEMENT,,415
810b270e4fad45dd,lead,Chelsey,Martin,chelsey.martin@bowen-fuller.com,corporate,"Designer, blown glass/stained glass",Champion,Individual Contributor,,MQL,22.4,Low,True,0.0,0.0,64.0,47.8,0,64,1.0,999,0,0,0,0,0,0.0,0.0,29b003713a4d4d1c,True,False,11.0,2636.0,Technology,241,80.33333333333333,2025-01-15,True,AUTOMATION_INFLATED|STALE_LEGACY_SCORE|NO_ENGAGEMENT,3,False,False,False,False,,no recorded engagement | ⚠ engagement mostly automated emails | Individual Contributor Champion | ICP-qualified account | flags: AUTOMATION_INFLATED|STALE_LEGACY_SCORE|NO_ENGAGEMENT,,416
4e1e5025135c47c2,lead,Stacy,Sanders,stacy.sanders@fuller-mason.com,corporate,Pathologist,,Individual Contributor,,Disqualified,22.3,Low,True,0.0,0.0,54.0,57.5,0,0,0.0,999,0,0,0,0,0,0.0,0.0,c9c058f29ef34563,True,False,70.0,821.0,Financial Services,272,90.66666666666666,,False,STALE_LEGACY_SCORE|NO_ENGAGEMENT,2,False,False,False,False,,no recorded engagement | Individual Contributor nan | ICP-qualified account | high intent score (70) | flags: STALE_LEGACY_SCORE|NO_ENGAGEMENT,,417
85e4c6c3df5f4909,lead,Sean,Berry,sean.berry@gatesgroup.com,corporate,Interpreter,,Individual Contributor,,Recycled,22.2,Low,True,0.0,0.0,49.0,62.0,0,13,1.0,999,0,0,0,0,0,0.0,0.0,1b007d218bee4ed9,True,False,48.0,21801.0,Healthcare,6,2.0,,False,AUTOMATION_INFLATED|NO_ENGAGEMENT,2,False,False,False,False,,no recorded engagement | ⚠ engagement mostly automated emails | Individual Contributor nan | ICP-qualified account | flags: AUTOMATION_INFLATED|NO_ENGAGEMENT,,418
b4b773eb5f6748d2,lead,John,Arnold,john.arnold@lee-greene.com,corporate,Copy,Economic Buyer,Manager,,Disqualified,22.1,Low,True,0.0,0.0,81.5,29.2,0,2,1.0,999,0,0,0,0,0,0.0,0.0,fbd6e881517a44c4,False,False,97.0,395.0,Education,115,38.333333333333336,,False,AUTOMATION_INFLATED|NO_ENGAGEMENT,2,False,False,False,False,,no recorded engagement | ⚠ engagement mostly automated emails | Manager Economic Buyer | high intent score (97) | flags: AUTOMATION_INFLATED|NO_ENGAGEMENT,,419
1c958a482e9641b4,lead,Kyle,Thornton,kyle.thornton@browningjord.com,corporate,Dance movement psychotherapist,Economic Buyer,,,MQL,22.0,Low,True,0.0,0.0,77.0,33.2,0,2,1.0,999,0,0,0,0,0,0.0,0.0,10292fb10553429b,False,True,13.0,926.0,Energy,260,86.66666666666667,2024-11-26,True,AUTOMATION_INFLATED|STALE_LEGACY_SCORE|NO_ENGAGEMENT,3,False,False,False,False,,no recorded engagement | ⚠ engagement mostly automated emails | nan Economic Buyer | named target account | flags: AUTOMATION_INFLATED|STALE_LEGACY_SCORE|NO_ENGAGEMENT,,420
34d4bc1538cb4f24,lead,Alexander,Valdez,andrew.ball@nicholsonval.com,corporate,Information systems manager,Champion,Individual Contributor,,Attempted,21.9,Low,True,0.0,0.0,60.0,49.5,0,1,1.0,999,0,0,0,0,0,0.0,0.0,ff10de058f5e4ed5,True,False,38.0,847.0,Technology,112,37.333333333333336,,False,AUTOMATION_INFLATED|NO_ENGAGEMENT,2,False,False,False,False,,no recorded engagement | ⚠ engagement mostly automated emails | Individual Contributor Champion | ICP-qualified account | flags: AUTOMATION_INFLATED|NO_ENGAGEMENT,,421
f326d3e339e14f62,lead,Sandra,Barron,sandra.barron@vaughn-fowle.com,corporate,Hotel manager,CISO,,,New,21.8,Low,True,0.0,0.0,78.0,31.2,0,0,0.0,999,0,0,0,0,0,0.0,0.0,844ccdc969e1457f,False,False,65.0,14550.0,Retail,97,32.33333333333333,,False,BROKEN_CONV_LINK|NO_ENGAGEMENT,2,False,False,False,False,,no recorded engagement | nan CISO | flags: BROKEN_CONV_LINK|NO_ENGAGEMENT,,422
22ca432267564178,lead,Andrew,Ball,andrew.ball@nicholsonval.com,corporate,Training and development officer,Technical Buyer,VP,,MQL,21.8,Low,True,0.0,0.0,83.0,26.2,0,2,1.0,999,0,0,0,0,0,0.0,0.0,7d8d7fc6ccc4471b,False,False,85.0,221.0,Manufacturing,186,62.0,2024-11-13,True,AUTOMATION_INFLATED|STALE_LEGACY_SCORE|NO_ENGAGEMENT,3,False,False,False,False,,no recorded engagement | ⚠ engagement mostly automated emails | VP Technical Buyer | high intent score (85) | flags: AUTOMATION_INFLATED|STALE_LEGACY_SCORE|NO_ENGAGEMENT,,423
6ec60a7043514057,lead,David,Okafor,ciso@fortune500.com,corporate,Chief Information Security Officer,CISO,C-Level,,New,21.8,Low,True,0.0,0.0,90.0,19.2,0,0,0.0,999,0,0,0,0,0,0.0,0.0,68084facbf064402,False,False,17.0,5913.0,Retail,0,0.0,,False,NO_ENGAGEMENT,1,False,False,False,False,,no recorded engagement | C-Level CISO | flags: NO_ENGAGEMENT,persona_4_ciso_no_engagement,424
9b3b35eeebf245e7,contact,Benjamin,Lucas,benjamin.lucas@kelly-norman.com,corporate,,Champion,Individual Contributor,,Active,21.8,Low,True,0.0,0.0,47.0,62.2,0,16,1.0,999,0,0,0,0,0,0.0,0.0,876f1bb8e2924b75,True,False,69.0,1012.0,Technology,160,80.0,,False,NO_LONGER_WITH_COMPANY|AUTOMATION_INFLATED|BROKEN_CONV_LINK|STALE_LEGACY_SCORE|NO_ENGAGEMENT,5,False,False,True,False,,no recorded engagement | ⚠ engagement mostly automated emails | Individual Contributor Champion | ICP-qualified account | flags: NO_LONGER_WITH_COMPANY|AUTOMATION_INFLATED|BROKEN_CONV_LINK|STALE_LEGACY_SCORE|NO_ENGAGEMENT,,425
2a3c3f0afc204362,lead,Richard,Burch,richard.burch@solisplc.com,corporate,,CISO,C-Level,,MQL,21.6,Low,True,0.0,0.0,84.0,23.8,0,0,0.0,999,0,0,0,0,0,0.0,0.0,b7c3527766154bb3,False,False,35.0,41109.0,Manufacturing,300,100.0,2024-11-07,True,NO_LONGER_WITH_COMPANY|BROKEN_CONV_LINK|STALE_LEGACY_SCORE|NO_ENGAGEMENT,4,False,False,True,False,,no recorded engagement | C-Level CISO | flags: NO_LONGER_WITH_COMPANY|BROKEN_CONV_LINK|STALE_LEGACY_SCORE|NO_ENGAGEMENT,,426
767058f7a3cd44c1,lead,Penny,Smith,penny.smith@collins-came.com,corporate,Chief Technology Officer,,,,Recycled,21.5,Low,True,0.0,0.0,52.0,55.5,0,2,1.0,999,0,0,0,0,0,0.0,0.0,be70e05cfc124515,True,False,22.0,19680.0,Technology,67,22.333333333333332,,False,AUTOMATION_INFLATED|NO_ENGAGEMENT|INCOMPLETE_PROFILE,3,False,False,False,False,,no recorded engagement | ⚠ engagement mostly automated emails | nan nan | ICP-qualified account | flags: AUTOMATION_INFLATED|NO_ENGAGEMENT|INCOMPLETE_PROFILE,,427
260324cdf91e4e3a,lead,Holly,Bender,holly.bender@fernandezkim.com,corporate,Podiatrist,,VP,,New,21.4,Low,True,0.0,0.0,70.0,37.0,0,1,1.0,999,0,0,0,0,0,0.0,0.0,16c030bda2c84e26,False,True,28.0,425.0,Education,155,51.66666666666667,,False,AUTOMATION_INFLATED|STALE_LEGACY_SCORE|NO_ENGAGEMENT,3,False,False,False,False,,no recorded engagement | ⚠ engagement mostly automated emails | VP nan | named target account | flags: AUTOMATION_INFLATED|STALE_LEGACY_SCORE|NO_ENGAGEMENT,,428
528de1e636c4425f,lead,Dennis,Sanchez,jose.mercado@lunainc.com,corporate,"Production assistant, television",End User,,,New,21.4,Low,True,0.0,0.0,47.0,60.0,0,14,1.0,999,0,0,0,0,0,0.0,0.0,5aa70c47cf8a4798,True,False,80.0,983.0,Healthcare,95,31.666666666666664,,False,AUTOMATION_INFLATED|NO_ENGAGEMENT,2,False,False,False,False,,no recorded engagement | ⚠ engagement mostly automated emails | nan End User | ICP-qualified account | high intent score (80) | flags: AUTOMATION_INFLATED|NO_ENGAGEMENT,,429
97fe900557124faf,lead,Robert,Hernandez,robert.hernandez@aguilarhanna.com,corporate,,,C-Level,,MQL,21.4,Low,True,0.0,0.0,55.0,51.8,0,4,1.0,999,0,0,0,0,0,0.0,0.0,51fc143e50854e87,True,False,47.0,268.0,Healthcare,59,19.666666666666664,2025-02-12,True,AUTOMATION_INFLATED|NO_ENGAGEMENT|INCOMPLETE_PROFILE,3,False,False,False,False,,no recorded engagement | ⚠ engagement mostly automated emails | C-Level nan | ICP-qualified account | flags: AUTOMATION_INFLATED|NO_ENGAGEMENT|INCOMPLETE_PROFILE,,430
93e7567f0cee4e15,lead,William,Hale,emilyward@gmail.com,free_email,Academic librarian,,C-Level,,MQL,21.4,Low,True,0.0,0.0,69.0,38.2,0,12,1.0,999,0,0,0,0,0,0.0,0.0,ce0cb12b559b414e,False,False,93.0,45270.0,Education,54,18.0,2024-11-21,True,NO_LONGER_WITH_COMPANY|FREE_EMAIL|AUTOMATION_INFLATED|NO_ENGAGEMENT,4,False,False,True,False,,no recorded engagement | ⚠ engagement mostly automated emails | C-Level nan | high intent score (93) | flags: NO_LONGER_WITH_COMPANY|FREE_EMAIL|AUTOMATION_INFLATED|NO_ENGAGEMENT,,431
fc975ee1dd75442b,lead,Wayne,Walker,wayne.walker@nunezgroup.com,corporate,Product designer,,C-Level,,Attempted,21.4,Low,True,0.0,0.0,71.0,36.0,0,29,1.0,999,0,0,0,0,0,0.0,0.0,4883fd135cf34e68,False,False,84.0,40167.0,Manufacturing,293,97.66666666666667,,False,AUTOMATION_INFLATED|STALE_LEGACY_SCORE|NO_ENGAGEMENT,3,False,False,False,False,,no recorded engagement | ⚠ engagement mostly automated emails | C-Level nan | high intent score (84) | flags: AUTOMATION_INFLATED|STALE_LEGACY_SCORE|NO_ENGAGEMENT,,432
fcc5a2c2ac4d4aea,lead,Steven,Robles,steven.robles@charlesmarsh.com,corporate,Patent attorney,Economic Buyer,C-Level,,MQL,21.4,Low,True,0.0,0.0,95.0,11.8,0,9,1.0,999,0,0,0,0,0,0.0,0.0,934a566d86104271,False,False,27.0,215.0,Energy,286,95.33333333333334,2024-11-22,True,AUTOMATION_INFLATED|STALE_LEGACY_SCORE|NO_ENGAGEMENT,3,False,False,False,False,,no recorded engagement | ⚠ engagement mostly automated emails | C-Level Economic Buyer | flags: AUTOMATION_INFLATED|STALE_LEGACY_SCORE|NO_ENGAGEMENT,,433
9f9ef8692c7d468c,contact,Richard,Burch,richard.burch@solisplc.com,corporate,,CISO,C-Level,,MQL,21.4,Low,True,0.0,0.0,83.0,23.8,0,4,1.0,999,0,0,0,0,0,0.0,0.0,b7c3527766154bb3,False,False,35.0,41109.0,Manufacturing,102,51.0,2025-01-09,True,NO_LONGER_WITH_COMPANY|AUTOMATION_INFLATED|BROKEN_CONV_LINK|STALE_LEGACY_SCORE|NO_ENGAGEMENT,5,False,False,True,False,,no recorded engagement | ⚠ engagement mostly automated emails | C-Level CISO | flags: NO_LONGER_WITH_COMPANY|AUTOMATION_INFLATED|BROKEN_CONV_LINK|STALE_LEGACY_SCORE|NO_ENGAGEMENT,,434
1ab3cc933ccb4b47,contact,Alexander,Valdez,bryanwilson@hotmail.com,free_email,Information systems manager,Champion,Individual Contributor,,MQL,21.3,Low,True,0.0,0.0,57.0,49.5,0,0,0.0,999,0,0,0,0,0,0.0,0.0,ff10de058f5e4ed5,True,False,38.0,847.0,Technology,59,29.5,2025-02-13,True,FREE_EMAIL|BROKEN_CONV_LINK|NO_ENGAGEMENT,3,False,False,False,False,,no recorded engagement | Individual Contributor Champion | ICP-qualified account | flags: FREE_EMAIL|BROKEN_CONV_LINK|NO_ENGAGEMENT,,435
9b8ec981238045fb,lead,Audrey,Harrison,audrey.harrison@peterson-she.com,corporate,Forensic psychologist,,Individual Contributor,,New,21.2,Low,True,0.0,0.0,54.0,52.2,0,77,1.0,999,0,0,0,0,0,0.0,0.0,80b9756d5130404e,True,False,9.0,41309.0,Healthcare,204,68.0,,False,AUTOMATION_INFLATED|BROKEN_CONV_LINK|STALE_LEGACY_SCORE|NO_ENGAGEMENT,4,False,False,False,False,,no recorded engagement | ⚠ engagement mostly automated emails | Individual Contributor nan | ICP-qualified account | flags: AUTOMATION_INFLATED|BROKEN_CONV_LINK|STALE_LEGACY_SCORE|NO_ENGAGEMENT,,436
397edd8f6165435c,contact,Steve,Johnson,steve.johnson@hopkinschana.com,corporate,"Development worker, international aid",End User,,,Qualified,21.2,Low,True,0.0,0.0,45.0,61.0,0,0,0.0,999,0,0,0,0,0,0.0,0.0,c5fe231ec72a4d48,False,True,84.0,33701.0,Media,104,52.0,,False,STALE_LEGACY_SCORE|NO_ENGAGEMENT,2,False,False,False,False,,no recorded engagement | nan End User | named target account | high intent score (84) | flags: STALE_LEGACY_SCORE|NO_ENGAGEMENT,,437
e16c05ac55bb43c0,contact,James,Reid,james.reid@pittmanplc.com,corporate,"Engineer, site",End User,,,Qualified,21.1,Low,True,0.0,0.0,45.0,60.5,0,0,0.0,999,0,0,0,0,0,0.0,0.0,cd5d7d18041a4161,False,True,82.0,7574.0,Government,139,69.5,,False,STALE_LEGACY_SCORE|NO_ENGAGEMENT,2,False,False,False,False,,no recorded engagement | nan End User | named target account | high intent score (82) | flags: STALE_LEGACY_SCORE|NO_ENGAGEMENT,,438
90ad162bc52349f9,lead,Nicole,Humphrey,nicole.humphrey@reyes-washin.com,corporate,Transport planner,Economic Buyer,,,MQL,21.0,Low,True,0.0,0.0,73.0,31.8,0,3,1.0,999,0,0,0,0,0,0.0,0.0,0c1fb6bf3ec346ea,False,True,27.0,82.0,Education,253,84.33333333333334,2025-04-04,True,AUTOMATION_INFLATED|STALE_LEGACY_SCORE|NO_ENGAGEMENT,3,False,False,False,False,,no recorded engagement | ⚠ engagement mostly automated emails | nan Economic Buyer | named target account | flags: AUTOMATION_INFLATED|STALE_LEGACY_SCORE|NO_ENGAGEMENT,,439
f9f1519998c1481f,lead,Michael,Richard,michael.richard@hullgarrison.com,corporate,"Geologist, engineering",,Individual Contributor,,New,21.0,Low,True,0.0,0.0,54.0,51.0,0,13,1.0,999,0,0,0,0,0,0.0,0.0,ab25cc7830cb4791,False,True,44.0,32060.0,Government,233,77.66666666666666,,False,AUTOMATION_INFLATED|STALE_LEGACY_SCORE|NO_ENGAGEMENT,3,False,False,False,True,Bad Data,no recorded engagement | ⚠ engagement mostly automated emails | Individual Contributor nan | named target account | flags: AUTOMATION_INFLATED|STALE_LEGACY_SCORE|NO_ENGAGEMENT,,440
0860b522e3e7480e,contact,Christina,Martinez,christina.martinez@tuckerllc.com,corporate,Marine scientist,End User,Director,,Active,21.0,Low,True,0.0,0.0,55.5,49.5,0,5,1.0,999,0,0,0,0,0,0.0,0.0,ff10de058f5e4ed5,True,False,38.0,847.0,Technology,179,89.5,,False,AUTOMATION_INFLATED|STALE_LEGACY_SCORE|NO_ENGAGEMENT,3,False,False,False,False,,no recorded engagement | ⚠ engagement mostly automated emails | Director End User | ICP-qualified account | flags: AUTOMATION_INFLATED|STALE_LEGACY_SCORE|NO_ENGAGEMENT,,441
4ce13baa70a443dd,lead,Sophia,Torres,sophia.torres@wilson-young.com,corporate,Soil scientist,Technical Buyer,Director,,MQL,20.8,Low,True,0.0,0.0,78.5,25.5,0,0,0.0,999,0,0,0,0,0,0.0,0.0,3463ef6750fb4689,False,False,42.0,9029.0,Education,42,14.000000000000002,2025-01-23,True,NO_ENGAGEMENT,1,False,False,False,False,,no recorded engagement | Director Technical Buyer | flags: NO_ENGAGEMENT,,442
d9553c06ca7c4eda,lead,Joshua,Juarez,joshua.juarez@johnstonands.com,corporate,,Technical Buyer,Manager,,Qualified,20.8,Low,True,0.0,0.0,66.5,37.5,0,76,1.0,999,0,0,0,0,0,0.0,0.0,1c2c7771838d4403,False,False,90.0,20091.0,Media,21,7.000000000000001,,False,AUTOMATION_INFLATED|NO_ENGAGEMENT,2,False,False,False,True,Duplicate,no recorded engagement | ⚠ engagement mostly automated emails | Manager Technical Buyer | high intent score (90) | flags: AUTOMATION_INFLATED|NO_ENGAGEMENT,,443
7d8da529610c4e57,lead,Sandra,Carlson,sandra.carlson@hallgroup.com,corporate,,End User,VP,,New,20.8,Low,True,0.0,0.0,53.0,50.8,0,18,1.0,999,0,0,0,0,0,0.0,0.0,a49011ff86b645a4,False,True,83.0,417.0,Media,199,66.33333333333333,,False,AUTOMATION_INFLATED|STALE_LEGACY_SCORE|NO_ENGAGEMENT,3,False,False,False,False,,no recorded engagement | ⚠ engagement mostly automated emails | VP End User | named target account | high intent score (83) | flags: AUTOMATION_INFLATED|STALE_LEGACY_SCORE|NO_ENGAGEMENT,,444
6fc7af1570014c5d,lead,Angela,Fry,angela.fry@whiteandsons.com,corporate,Air traffic controller,Champion,VP,,Qualified,20.8,Low,True,0.0,0.0,82.0,22.2,0,3,1.0,999,0,0,0,0,0,0.0,0.0,ca94fa518e714acd,False,False,89.0,16.0,Energy,62,20.666666666666668,,False,AUTOMATION_INFLATED|NO_ENGAGEMENT,2,False,False,False,False,,no recorded engagement | ⚠ engagement mostly automated emails | VP Champion | high intent score (89) | flags: AUTOMATION_INFLATED|NO_ENGAGEMENT,,445
621b8e76a3194256,contact,Dawn,Williams,dawn.williams@tuckersmitha.com,corporate,,,C-Level,,MQL,20.8,Low,True,0.0,0.0,58.0,45.8,0,56,1.0,999,0,0,0,0,0,0.0,0.0,3073ecf6384e4578,True,False,3.0,3693.0,Technology,100,50.0,2024-11-20,True,EMAIL_BOUNCED|AUTOMATION_INFLATED|NO_ENGAGEMENT|INCOMPLETE_PROFILE,4,False,True,False,False,,no recorded engagement | ⚠ engagement mostly automated emails | C-Level nan | ICP-qualified account | flags: EMAIL_BOUNCED|AUTOMATION_INFLATED|NO_ENGAGEMENT|INCOMPLETE_PROFILE,,446
d60a6bfb98f24eb2,contact,Christopher,Palmer,prhodes@yahoo.com,free_email,"Designer, fashion/clothing",End User,Manager,,Qualified,20.8,Low,True,0.0,0.0,49.5,54.5,0,1,1.0,999,0,0,0,0,0,0.0,0.0,232dc6dccdcc4d58,False,True,98.0,546.0,Energy,137,68.5,,False,FREE_EMAIL|AUTOMATION_INFLATED|STALE_LEGACY_SCORE|NO_ENGAGEMENT,4,False,False,False,False,,no recorded engagement | ⚠ engagement mostly automated emails | Manager End User | named target account | high intent score (98) | flags: FREE_EMAIL|AUTOMATION_INFLATED|STALE_LEGACY_SCORE|NO_ENGAGEMENT,,447
a526d6609db34441,lead,Debra,Thompson,spam_cluster@example.com,corporate,Environmental health practitioner,Champion,Director,,MQL,20.7,Low,True,0.0,0.0,72.5,30.8,0,0,0.0,999,0,0,0,0,0,0.0,0.0,31cd82025a844220,False,False,83.0,3719.0,Energy,224,74.66666666666667,2025-03-01,True,STALE_LEGACY_SCORE|NO_ENGAGEMENT,2,False,False,False,False,,no recorded engagement | Director Champion | high intent score (83) | flags: STALE_LEGACY_SCORE|NO_ENGAGEMENT,,448
8c956199256344e4,contact,Jeremiah,Hall,jeremiah.hall@gutierrezltd.com,corporate,Public house manager,,C-Level,,Active,20.6,Low,True,0.0,0.0,68.0,34.8,0,1,1.0,999,0,0,0,0,0,0.0,0.0,2c8f14581a284acd,False,False,99.0,3594.0,Telecommunications,44,22.0,,False,AUTOMATION_INFLATED|BROKEN_CONV_LINK|NO_ENGAGEMENT,3,False,False,False,False,,no recorded engagement | ⚠ engagement mostly automated emails | C-Level nan | high intent score (99) | flags: AUTOMATION_INFLATED|BROKEN_CONV_LINK|NO_ENGAGEMENT,,449
2d937406f8404481,contact,Tyler,Golden,tyler.golden@cranejohnson.com,corporate,Special educational needs teacher,End User,C-Level,,Active,20.6,Low,True,0.0,0.0,63.0,40.0,0,0,0.0,999,0,0,0,0,0,0.0,0.0,f16e9a908c10417b,False,False,100.0,14576.0,Government,142,71.0,,False,STALE_LEGACY_SCORE|NO_ENGAGEMENT,2,False,False,False,False,,no recorded engagement | C-Level End User | high intent score (100) | flags: STALE_LEGACY_SCORE|NO_ENGAGEMENT,,450
d4aee9ed4d344174,lead,Cynthia,Pierce,cynthia.pierce@weberplc.com,corporate,"Social research officer, government",Champion,Manager,,MQL,20.5,Low,True,0.0,0.0,65.5,37.0,0,0,0.0,999,0,0,0,0,0,0.0,0.0,f1c3b280ce5249d8,False,False,88.0,20117.0,Retail,258,86.0,2024-12-09,True,EMAIL_BOUNCED|STALE_LEGACY_SCORE|NO_ENGAGEMENT,3,False,True,False,False,,no recorded engagement | Manager Champion | high intent score (88) | flags: EMAIL_BOUNCED|STALE_LEGACY_SCORE|NO_ENGAGEMENT,,451
dab04faeec114915,contact,Jeremy,Patterson,jeremy.patterson@villegascard.com,corporate,"Surveyor, hydrographic",,,,Active,20.5,Low,True,0.0,0.0,50.0,52.5,0,1,1.0,999,0,0,0,0,0,0.0,0.0,b2e6251e40dc4ba5,True,False,30.0,4425.0,Healthcare,193,96.5,,False,EMAIL_BOUNCED|AUTOMATION_INFLATED|BROKEN_CONV_LINK|STALE_LEGACY_SCORE|NO_ENGAGEMENT|INCOMPLETE_PROFILE,6,False,True,False,False,,no recorded engagement | ⚠ engagement mostly automated emails | nan nan | ICP-qualified account | flags: EMAIL_BOUNCED|AUTOMATION_INFLATED|BROKEN_CONV_LINK|STALE_LEGACY_SCORE|NO_ENGAGEMENT|INCOMPLETE_PROFILE,,452
06fae0464df741e4,contact,Angela,Walker,angela.walker@wise-bush.com,corporate,Records manager,Economic Buyer,Manager,,Qualified,20.5,Low,True,0.0,0.0,74.5,28.0,0,4,1.0,999,0,0,0,0,0,0.0,0.0,08db683f415a486a,False,False,72.0,1279.0,Manufacturing,185,92.5,,False,AUTOMATION_INFLATED|BROKEN_CONV_LINK|STALE_LEGACY_SCORE|NO_ENGAGEMENT,4,False,False,False,False,,no recorded engagement | ⚠ engagement mostly automated emails | Manager Economic Buyer | high intent score (72) | flags: AUTOMATION_INFLATED|BROKEN_CONV_LINK|STALE_LEGACY_SCORE|NO_ENGAGEMENT,,453
b47832e5020c4127,contact,Brandon,Butler,brandon.butler@evansmatthew.com,corporate,,,Individual Contributor,,MQL,20.4,Low,True,0.0,0.0,37.0,65.0,0,0,0.0,999,0,0,0,0,0,0.0,0.0,475ce8a925de4fb3,False,True,100.0,5796.0,Legal,67,33.5,2024-11-25,True,NO_ENGAGEMENT|INCOMPLETE_PROFILE,2,False,False,False,False,,no recorded engagement | Individual Contributor nan | named target account | high intent score (100) | flags: NO_ENGAGEMENT|INCOMPLETE_PROFILE,,454
3dbbd573943f4a13,contact,Christy,Campbell,estradadavid@hotmail.com,free_email,"Engineer, communications",Technical Buyer,,,Qualified,20.4,Low,True,0.0,0.0,65.0,37.2,0,7,1.0,999,0,0,0,0,0,0.0,0.0,fc2523a6d56548e9,False,False,89.0,16986.0,Manufacturing,68,34.0,,False,NO_LONGER_WITH_COMPANY|FREE_EMAIL|AUTOMATION_INFLATED|NO_ENGAGEMENT,4,False,False,True,False,,no recorded engagement | ⚠ engagement mostly automated emails | nan Technical Buyer | high intent score (89) | flags: NO_LONGER_WITH_COMPANY|FREE_EMAIL|AUTOMATION_INFLATED|NO_ENGAGEMENT,,455
5209d5cfff274380,lead,Kristen,Moore,kristen.moore@stewart-rodr.com,corporate,"Accountant, chartered public finance",Economic Buyer,Manager,,MQL,20.3,Low,True,0.0,0.0,81.5,20.0,0,0,0.0,999,0,0,0,0,0,0.0,0.0,e0b54a72a3144e3d,False,False,40.0,1336.0,Insurance,27,9.0,2025-02-12,True,NO_ENGAGEMENT,1,False,False,False,False,,no recorded engagement | Manager Economic Buyer | flags: NO_ENGAGEMENT,,456
8f33b4d46cf84897,lead,Julie,Robles,brian63@yahoo.com,free_email,Midwife,End User,Director,,Attempted,20.3,Low,True,0.0,0.0,52.5,49.2,0,0,0.0,999,0,0,0,0,0,0.0,0.0,ec63ce56423e406c,True,False,17.0,3312.0,Healthcare,74,24.666666666666668,,False,FREE_EMAIL|NO_ENGAGEMENT,2,False,False,False,False,,no recorded engagement | Director End User | ICP-qualified account | flags: FREE_EMAIL|NO_ENGAGEMENT,,457
e45ff9f4f9fa4163,contact,Cynthia,Pierce,cynthia.pierce@weberplc.com,corporate,"Social research officer, government",Champion,Manager,,MQL,20.3,Low,True,0.0,0.0,64.5,37.0,0,5,1.0,999,0,0,0,0,0,0.0,0.0,f1c3b280ce5249d8,False,False,88.0,20117.0,Retail,96,48.0,2024-12-24,True,EMAIL_BOUNCED|AUTOMATION_INFLATED|BROKEN_CONV_LINK|NO_ENGAGEMENT,4,False,True,False,False,,no recorded engagement | ⚠ engagement mostly automated emails | Manager Champion | high intent score (88) | flags: EMAIL_BOUNCED|AUTOMATION_INFLATED|BROKEN_CONV_LINK|NO_ENGAGEMENT,,458
45025ab235f04e3d,contact,Sophia,Torres,sophia.torres@wilson-young.com,corporate,Soil scientist,Technical Buyer,Director,,Qualified,20.2,Low,True,0.0,0.0,75.5,25.5,0,0,0.0,999,0,0,0,0,0,0.0,0.0,3463ef6750fb4689,False,False,42.0,9029.0,Education,34,17.0,,False,NO_LONGER_WITH_COMPANY|BROKEN_CONV_LINK|NO_ENGAGEMENT,3,False,False,True,False,,no recorded engagement | Director Technical Buyer | flags: NO_LONGER_WITH_COMPANY|BROKEN_CONV_LINK|NO_ENGAGEMENT,,459
74ff60fa30474257,lead,Christina,Graham,jonesdana@yahoo.com,free_email,,,Director,,New,20.1,Low,True,0.0,0.0,51.5,49.2,0,5,1.0,999,0,0,0,0,0,0.0,0.0,ec63ce56423e406c,True,False,17.0,3312.0,Healthcare,190,63.33333333333333,,False,FREE_EMAIL|AUTOMATION_INFLATED|STALE_LEGACY_SCORE|NO_ENGAGEMENT|INCOMPLETE_PROFILE,5,False,False,False,False,,no recorded engagement | ⚠ engagement mostly automated emails | Director nan | ICP-qualified account | flags: FREE_EMAIL|AUTOMATION_INFLATED|STALE_LEGACY_SCORE|NO_ENGAGEMENT|INCOMPLETE_PROFILE,,460
88b7fadc92a046da,lead,Sara,Thompson,contact@washington.com,shared_mailbox,Farm manager,Technical Buyer,C-Level,,Qualified,20.0,Low,True,0.0,0.0,90.0,9.8,0,36,1.0,999,0,0,0,0,0,0.0,0.0,2eb67b7f7bd9401b,False,False,39.0,189.0,Media,88,29.333333333333332,,False,SHARED_MAILBOX|AUTOMATION_INFLATED|NO_ENGAGEMENT,3,False,False,False,False,,no recorded engagement | ⚠ engagement mostly automated emails | C-Level Technical Buyer | flags: SHARED_MAILBOX|AUTOMATION_INFLATED|NO_ENGAGEMENT,,461
e43e968378894772,lead,Loretta,Young,admin@odom.com,shared_mailbox,Patent attorney,,Director,,MQL,19.9,Low,True,0.0,0.0,62.5,37.2,0,49,1.0,999,0,0,0,0,0,0.0,0.0,fc2523a6d56548e9,False,False,89.0,16986.0,Manufacturing,98,32.666666666666664,2025-03-24,True,EMAIL_BOUNCED|SHARED_MAILBOX|AUTOMATION_INFLATED|BROKEN_CONV_LINK|NO_ENGAGEMENT,5,False,True,False,False,,no recorded engagement | ⚠ engagement mostly automated emails | Director nan | high intent score (89) | flags: EMAIL_BOUNCED|SHARED_MAILBOX|AUTOMATION_INFLATED|BROKEN_CONV_LINK|NO_ENGAGEMENT,,462
6191cd46fdd04843,lead,Susan,Brooks,sales@foster.com,shared_mailbox,,,Manager,,Recycled,19.9,Low,True,0.0,0.0,47.5,52.2,0,5,1.0,999,0,0,0,0,0,0.0,0.0,80b9756d5130404e,True,False,9.0,41309.0,Healthcare,122,40.666666666666664,,False,SHARED_MAILBOX|AUTOMATION_INFLATED|NO_ENGAGEMENT|INCOMPLETE_PROFILE,4,False,False,False,True,Personal Email,no recorded engagement | ⚠ engagement mostly automated emails | Manager nan | ICP-qualified account | flags: SHARED_MAILBOX|AUTOMATION_INFLATED|NO_ENGAGEMENT|INCOMPLETE_PROFILE,,463
f15c3b58d2744cdd,contact,Audrey,Harrison,audrey.harrison@peterson-she.com,corporate,Forensic psychologist,,Individual Contributor,,Active,19.8,Low,True,0.0,0.0,47.0,52.2,0,2,1.0,999,0,0,0,0,0,0.0,0.0,80b9756d5130404e,True,False,9.0,41309.0,Healthcare,99,49.5,,False,AUTOMATION_INFLATED|BROKEN_CONV_LINK|NO_ENGAGEMENT,3,False,False,False,False,,no recorded engagement | ⚠ engagement mostly automated emails | Individual Contributor nan | ICP-qualified account | flags: AUTOMATION_INFLATED|BROKEN_CONV_LINK|NO_ENGAGEMENT,,464
b6f9a56888984144,lead,Sarah,Griffith,david86@gmail.com,free_email,Nutritional therapist,Champion,VP,,MQL,19.7,Low,True,0.0,0.0,76.0,22.5,0,0,0.0,999,0,0,0,0,0,0.0,0.0,c3c2b20eeb6044b4,False,False,30.0,8971.0,Legal,198,66.0,2025-01-26,True,FREE_EMAIL|STALE_LEGACY_SCORE|NO_ENGAGEMENT,3,False,False,False,False,,no recorded engagement | VP Champion | flags: FREE_EMAIL|STALE_LEGACY_SCORE|NO_ENGAGEMENT,,465
0221a46a87154ec7,lead,Richard,Deleon,joseph.tanner@rogersgroup.com,corporate,"Engineer, control and instrumentation",CISO,,,Disqualified,19.7,Low,True,0.0,0.0,76.0,22.5,0,1,1.0,999,0,0,0,0,0,0.0,0.0,afc81c8dac114849,False,False,30.0,5212.0,Energy,56,18.666666666666668,,False,AUTOMATION_INFLATED|NO_ENGAGEMENT,2,False,False,False,False,,no recorded engagement | ⚠ engagement mostly automated emails | nan CISO | flags: AUTOMATION_INFLATED|NO_ENGAGEMENT,,466
e535103fc2914a53,contact,Kelly,Brown,marystone@yahoo.com,free_email,Legal executive,Economic Buyer,Director,,Active,19.7,Low,True,0.0,0.0,80.5,17.8,0,78,1.0,999,0,0,0,0,0,0.0,0.0,22870b34a8464cf1,False,False,31.0,1797.0,Government,25,12.5,,False,FREE_EMAIL|AUTOMATION_INFLATED|NO_ENGAGEMENT,3,False,False,False,False,,no recorded engagement | ⚠ engagement mostly automated emails | Director Economic Buyer | flags: FREE_EMAIL|AUTOMATION_INFLATED|NO_ENGAGEMENT,,467
4d92f5e4f58f47dc,contact,Shane,Cox,shane.cox@rodriguezgor.com,corporate,Armed forces logistics/support/administrative officer,Technical Buyer,Manager,,MQL,19.5,Low,True,0.0,0.0,69.5,28.0,0,3,1.0,999,0,0,0,0,0,0.0,0.0,08db683f415a486a,False,False,72.0,1279.0,Manufacturing,72,36.0,2025-01-05,True,EMAIL_BOUNCED|AUTOMATION_INFLATED|BROKEN_CONV_LINK|NO_ENGAGEMENT,4,False,True,False,False,,no recorded engagement | ⚠ engagement mostly automated emails | Manager Technical Buyer | high intent score (72) | flags: EMAIL_BOUNCED|AUTOMATION_INFLATED|BROKEN_CONV_LINK|NO_ENGAGEMENT,,468
bd95b05fcef64d36,contact,Danielle,Dean,danielle.dean@rodriguezgro.com,corporate,"Therapist, speech and language",Champion,VP,,Attempted,19.5,Low,True,0.0,0.0,75.0,22.5,0,1,1.0,999,0,0,0,0,0,0.0,0.0,0a91cbe4c7254c84,False,False,70.0,814.0,Telecommunications,101,50.5,,False,EMAIL_BOUNCED|AUTOMATION_INFLATED|BROKEN_CONV_LINK|STALE_LEGACY_SCORE|NO_ENGAGEMENT,5,False,True,False,False,,no recorded engagement | ⚠ engagement mostly automated emails | VP Champion | high intent score (70) | flags: EMAIL_BOUNCED|AUTOMATION_INFLATED|BROKEN_CONV_LINK|STALE_LEGACY_SCORE|NO_ENGAGEMENT,,469
29a1c542d074468f,contact,Sarah,Griffith,david86@gmail.com,free_email,Nutritional therapist,Champion,VP,,MQL,19.5,Low,True,0.0,0.0,75.0,22.5,0,0,0.0,999,0,0,0,0,0,0.0,0.0,c3c2b20eeb6044b4,False,False,30.0,8971.0,Legal,82,41.0,2025-01-05,True,FREE_EMAIL|BROKEN_CONV_LINK|NO_ENGAGEMENT,3,False,False,False,False,,no recorded engagement | VP Champion | flags: FREE_EMAIL|BROKEN_CONV_LINK|NO_ENGAGEMENT,,470
9847348d1d624251,contact,Loretta,Young,admin@odom.com,shared_mailbox,Patent attorney,,Director,,MQL,19.5,Low,True,0.0,0.0,60.5,37.2,0,14,1.0,999,0,0,0,0,0,0.0,0.0,fc2523a6d56548e9,False,False,89.0,16986.0,Manufacturing,173,86.5,2025-02-22,True,EMAIL_BOUNCED|SHARED_MAILBOX|AUTOMATION_INFLATED|BROKEN_CONV_LINK|STALE_LEGACY_SCORE|NO_ENGAGEMENT,6,False,True,False,False,,no recorded engagement | ⚠ engagement mostly automated emails | Director nan | high intent score (89) | flags: EMAIL_BOUNCED|SHARED_MAILBOX|AUTOMATION_INFLATED|BROKEN_CONV_LINK|STALE_LEGACY_SCORE|NO_ENGAGEMENT,,471
a4fd56f030b64e12,lead,Heather,Torres,thomas85@yahoo.com,free_email,"Physicist, medical",CISO,Individual Contributor,,Qualified,19.4,Low,True,0.0,0.0,69.0,28.2,0,5,1.0,999,0,0,0,0,0,0.0,0.0,ed8d9c184c104dd2,False,False,53.0,6077.0,Retail,110,36.666666666666664,,False,NO_LONGER_WITH_COMPANY|FREE_EMAIL|AUTOMATION_INFLATED|NO_ENGAGEMENT,4,False,False,True,False,,no recorded engagement | ⚠ engagement mostly automated emails | Individual Contributor CISO | flags: NO_LONGER_WITH_COMPANY|FREE_EMAIL|AUTOMATION_INFLATED|NO_ENGAGEMENT,,472
da0693eb3e6c434c,lead,Jason,Carpenter,michael42@yahoo.com,free_email,Sports therapist,CISO,,,Disqualified,19.4,Low,True,0.0,0.0,82.0,15.2,0,61,1.0,999,0,0,0,0,0,0.0,0.0,ea4ab61c9d99480e,False,False,41.0,347.0,Insurance,47,15.666666666666668,,False,FREE_EMAIL|AUTOMATION_INFLATED|NO_ENGAGEMENT,3,False,False,False,False,,no recorded engagement | ⚠ engagement mostly automated emails | nan CISO | flags: FREE_EMAIL|AUTOMATION_INFLATED|NO_ENGAGEMENT,,473
895257919bd84a7e,lead,Stacey,Woods,stacey.woods@cannonllc.com,corporate,"Therapist, speech and language",,,,Attempted,19.4,Low,True,0.0,0.0,51.0,46.0,0,12,1.0,999,0,0,0,0,0,0.0,0.0,c178bf137e024fc3,True,False,24.0,873.0,Healthcare,296,98.66666666666667,,False,AUTOMATION_INFLATED|STALE_LEGACY_SCORE|NO_ENGAGEMENT|INCOMPLETE_PROFILE,4,False,False,False,False,,no recorded engagement | ⚠ engagement mostly automated emails | nan nan | ICP-qualified account | flags: AUTOMATION_INFLATED|STALE_LEGACY_SCORE|NO_ENGAGEMENT|INCOMPLETE_PROFILE,,474
69fe4e7f3c0b4e4e,lead,Martin,Oliver,scott69@gmail.com,free_email,Copy,Champion,,,Attempted,19.2,Low,True,0.0,0.0,67.0,28.8,0,26,1.0,999,0,0,0,0,0,0.0,0.0,55eea98f2b024175,False,False,95.0,227.0,Government,181,60.333333333333336,,False,FREE_EMAIL|AUTOMATION_INFLATED|STALE_LEGACY_SCORE|NO_ENGAGEMENT,4,False,False,False,False,,no recorded engagement | ⚠ engagement mostly automated emails | nan Champion | high intent score (95) | flags: FREE_EMAIL|AUTOMATION_INFLATED|STALE_LEGACY_SCORE|NO_ENGAGEMENT,,475
e508c8a4df874b8f,lead,Jill,Valdez,jill.valdez@evansinc.com,corporate,"Production assistant, television",Technical Buyer,,,MQL,19.2,Low,True,0.0,0.0,72.0,23.8,0,3,1.0,999,0,0,0,0,0,0.0,0.0,61c8be67926f4313,False,False,35.0,21482.0,Legal,272,90.66666666666666,2025-02-09,True,NO_LONGER_WITH_COMPANY|AUTOMATION_INFLATED|STALE_LEGACY_SCORE|NO_ENGAGEMENT,4,False,False,True,False,,no recorded engagement | ⚠ engagement mostly automated emails | nan Technical Buyer | flags: NO_LONGER_WITH_COMPANY|AUTOMATION_INFLATED|STALE_LEGACY_SCORE|NO_ENGAGEMENT,,476
14e9c91f1e104b42,lead,Nicole,Turner,nicole.turner@davis-ward.com,corporate,,CISO,VP,,MQL,19.2,Low,True,0.0,0.0,85.0,11.2,0,0,0.0,999,0,0,0,0,0,0.0,0.0,c6ac99ebfd304307,False,False,5.0,1474.0,Insurance,279,93.0,2024-11-08,True,STALE_LEGACY_SCORE|NO_ENGAGEMENT,2,False,False,False,False,,no recorded engagement | VP CISO | flags: STALE_LEGACY_SCORE|NO_ENGAGEMENT,,477
e143511b51a9416c,contact,Meghan,Mcmahon,meghan.mcmahon@baileymartin.com,corporate,Video editor,Champion,VP,,Active,19.2,Low,True,0.0,0.0,75.0,21.2,0,0,0.0,999,0,0,0,0,0,0.0,0.0,8a4c192396b94fd1,False,False,45.0,3883.0,Telecommunications,133,66.5,,False,STALE_LEGACY_SCORE|NO_ENGAGEMENT,2,False,False,False,False,,no recorded engagement | VP Champion | flags: STALE_LEGACY_SCORE|NO_ENGAGEMENT,,478
66148fe34fe641eb,contact,Karl,Williams,nballard@gmail.com,free_email,Chief Executive Officer,,,,Nurture,19.2,Low,True,0.0,0.0,50.0,45.8,0,14,1.0,999,0,0,0,0,0,0.0,0.0,3073ecf6384e4578,True,False,3.0,3693.0,Technology,196,98.0,,False,FREE_EMAIL|AUTOMATION_INFLATED|STALE_LEGACY_SCORE|NO_ENGAGEMENT|INCOMPLETE_PROFILE,5,False,False,False,False,,no recorded engagement | ⚠ engagement mostly automated emails | nan nan | ICP-qualified account | flags: FREE_EMAIL|AUTOMATION_INFLATED|STALE_LEGACY_SCORE|NO_ENGAGEMENT|INCOMPLETE_PROFILE,,479
9345e7d661e346ed,contact,Jason,Meza,jason.meza@lee-cooke.com,corporate,"Designer, fashion/clothing",Economic Buyer,Director,,MQL,19.1,Low,True,0.0,0.0,80.5,15.2,0,0,0.0,999,0,0,0,0,0,0.0,0.0,ea4ab61c9d99480e,False,False,41.0,347.0,Insurance,199,99.5,2025-02-26,True,BROKEN_CONV_LINK|STALE_LEGACY_SCORE|NO_ENGAGEMENT,3,False,False,False,False,,no recorded engagement | Director Economic Buyer | flags: BROKEN_CONV_LINK|STALE_LEGACY_SCORE|NO_ENGAGEMENT,,480
95a45cd405374f46,lead,Vanessa,Fernandez,vanessa.fernandez@rodriguezinc.com,corporate,,Technical Buyer,C-Level,,MQL,19.0,Low,True,0.0,0.0,78.0,16.8,0,1,1.0,999,0,0,0,0,0,0.0,0.0,03957adc73dd40f8,False,False,7.0,48570.0,Retail,69,23.0,2025-02-26,True,AUTOMATION_INFLATED|NO_ENGAGEMENT,2,False,False,False,False,,no recorded engagement | ⚠ engagement mostly automated emails | C-Level Technical Buyer | flags: AUTOMATION_INFLATED|NO_ENGAGEMENT,,481
65bed7b292d34060,lead,Adam,Randolph,contact@charles.com,shared_mailbox,,Economic Buyer,,,Attempted,19.0,Low,True,0.0,0.0,67.0,28.2,0,0,0.0,999,0,0,0,0,0,0.0,0.0,c494e2d9b4f44771,False,False,53.0,9426.0,Media,87,28.999999999999996,,False,SHARED_MAILBOX|NO_ENGAGEMENT|INCOMPLETE_PROFILE,3,False,False,False,False,,no recorded engagement | nan Economic Buyer | flags: SHARED_MAILBOX|NO_ENGAGEMENT|INCOMPLETE_PROFILE,,482
44f2f9be487a4261,lead,Brent,Glass,brent.glass@underwood-fo.com,corporate,Air traffic controller,Champion,Manager,,New,18.9,Low,True,0.0,0.0,71.5,22.8,0,0,0.0,999,0,0,0,0,0,0.0,0.0,d379b3da684d4431,False,False,71.0,647.0,Media,14,4.666666666666667,,False,NO_ENGAGEMENT,1,False,False,False,False,,no recorded engagement | Manager Champion | high intent score (71) | flags: NO_ENGAGEMENT,,483
e7398e74e11e46cc,lead,Laura,Mayo,laura.mayo@howardstephe.com,corporate,Systems developer,Technical Buyer,Director,,New,18.9,Low,True,0.0,0.0,77.5,16.8,0,33,1.0,999,0,0,0,0,0,0.0,0.0,288755b429cb461d,False,False,7.0,44174.0,Legal,205,68.33333333333333,,False,EMAIL_BOUNCED|AUTOMATION_INFLATED|STALE_LEGACY_SCORE|NO_ENGAGEMENT,4,False,True,False,False,,no recorded engagement | ⚠ engagement mostly automated emails | Director Technical Buyer | flags: EMAIL_BOUNCED|AUTOMATION_INFLATED|STALE_LEGACY_SCORE|NO_ENGAGEMENT,,484
a7a11a05ef1f4a92,lead,Katherine,Fowler,john.scott@davis-ross.com,corporate,Historic buildings inspector/conservation officer,Economic Buyer,,,MQL,18.9,Low,True,0.0,0.0,77.0,17.5,0,11,1.0,999,0,0,0,0,0,0.0,0.0,121edb0c9ad44cf9,False,False,70.0,67.0,Insurance,59,19.666666666666664,2025-03-08,True,NO_LONGER_WITH_COMPANY|AUTOMATION_INFLATED|NO_ENGAGEMENT,3,False,False,True,False,,no recorded engagement | ⚠ engagement mostly automated emails | nan Economic Buyer | high intent score (70) | flags: NO_LONGER_WITH_COMPANY|AUTOMATION_INFLATED|NO_ENGAGEMENT,,485
1213ba82d7cf4765,lead,Bradley,Newman,jason45@outlook.com,free_email,Warehouse manager,,Manager,,Qualified,18.9,Low,True,0.0,0.0,57.5,37.2,0,10,1.0,999,0,0,0,0,0,0.0,0.0,fc2523a6d56548e9,False,False,89.0,16986.0,Manufacturing,233,77.66666666666666,,False,NO_LONGER_WITH_COMPANY|FREE_EMAIL|AUTOMATION_INFLATED|STALE_LEGACY_SCORE|NO_ENGAGEMENT,5,False,False,True,True,No Longer With Company,no recorded engagement | ⚠ engagement mostly automated emails | Manager nan | high intent score (89) | flags: NO_LONGER_WITH_COMPANY|FREE_EMAIL|AUTOMATION_INFLATED|STALE_LEGACY_SCORE|NO_ENGAGEMENT,,486
67addb1c01d340d5,contact,Rachel,Morris,rachel.morris@jonesllc.com,corporate,Textile designer,Champion,Individual Contributor,,Qualified,18.9,Low,True,0.0,0.0,57.0,37.5,0,4,1.0,999,0,0,0,0,0,0.0,0.0,1c2c7771838d4403,False,False,90.0,20091.0,Media,146,73.0,,False,NO_LONGER_WITH_COMPANY|AUTOMATION_INFLATED|BROKEN_CONV_LINK|STALE_LEGACY_SCORE|NO_ENGAGEMENT,5,False,False,True,False,,no recorded engagement | ⚠ engagement mostly automated emails | Individual Contributor Champion | high intent score (90) | flags: NO_LONGER_WITH_COMPANY|AUTOMATION_INFLATED|BROKEN_CONV_LINK|STALE_LEGACY_SCORE|NO_ENGAGEMENT,,487
dbfff30487ee4f75,contact,Eric,Perry,mharris@gmx.de,free_email,Cytogeneticist,CISO,,,Active,18.9,Low,True,0.0,0.0,75.0,19.5,0,28,1.0,999,0,0,0,0,0,0.0,0.0,0fce65eaa1234650,False,False,18.0,6222.0,Energy,120,60.0,,False,FREE_EMAIL|AUTOMATION_INFLATED|BROKEN_CONV_LINK|STALE_LEGACY_SCORE|NO_ENGAGEMENT,5,False,False,False,False,,no recorded engagement | ⚠ engagement mostly automated emails | nan CISO | flags: FREE_EMAIL|AUTOMATION_INFLATED|BROKEN_CONV_LINK|STALE_LEGACY_SCORE|NO_ENGAGEMENT,,488
1c9481ec9d414941,contact,Kristen,Moore,kristen.moore@stewart-rodr.com,corporate,"Accountant, chartered public finance",Economic Buyer,Manager,,Active,18.9,Low,True,0.0,0.0,74.5,20.0,0,0,0.0,999,0,0,0,0,0,0.0,0.0,e0b54a72a3144e3d,False,False,40.0,1336.0,Insurance,71,35.5,,False,BROKEN_CONV_LINK|NO_ENGAGEMENT,2,False,False,False,False,,no recorded engagement | Manager Economic Buyer | flags: BROKEN_CONV_LINK|NO_ENGAGEMENT,,489
43d6f7cee8624aad,lead,Gregory,Gibson,gregory.gibson@wardjohnsona.com,corporate,,CISO,Manager,,New,18.8,Low,True,0.0,0.0,76.5,17.5,0,0,0.0,999,0,0,0,0,0,0.0,0.0,121edb0c9ad44cf9,False,False,70.0,67.0,Insurance,159,53.0,,False,STALE_LEGACY_SCORE|NO_ENGAGEMENT,2,False,False,False,False,,no recorded engagement | Manager CISO | high intent score (70) | flags: STALE_LEGACY_SCORE|NO_ENGAGEMENT,,490
f7c52eb4d03f4128,contact,Alexander,Rios,qholt@yahoo.com,free_email,Town planner,Economic Buyer,,,Nurture,18.7,Low,True,0.0,0.0,70.0,23.5,0,0,0.0,999,0,0,0,0,0,0.0,0.0,c5eb1fcaebfe4886,False,False,74.0,314.0,Manufacturing,163,81.5,,False,FREE_EMAIL|STALE_LEGACY_SCORE|NO_ENGAGEMENT,3,False,False,False,False,,no recorded engagement | nan Economic Buyer | high intent score (74) | flags: FREE_EMAIL|STALE_LEGACY_SCORE|NO_ENGAGEMENT,,491
df201adff2b84e18,lead,Valerie,Peck,valerie.peck@hughesplc.com,corporate,Petroleum engineer,Champion,C-Level,,Recycled,18.6,Low,True,0.0,0.0,81.0,12.2,0,0,0.0,999,0,0,0,0,0,0.0,0.0,c262420d46a345b5,False,False,49.0,91.0,Government,171,56.99999999999999,,False,STALE_LEGACY_SCORE|NO_ENGAGEMENT,2,False,False,False,False,,no recorded engagement | C-Level Champion | flags: STALE_LEGACY_SCORE|NO_ENGAGEMENT,,492
be4f6beacac74cef,lead,Jennifer,Watkins,yprice@rediffmail.com,free_email,,End User,C-Level,,MQL,18.6,Low,True,0.0,0.0,55.0,38.0,0,0,0.0,999,0,0,0,0,0,0.0,0.0,77ad07a1315c47a3,False,False,92.0,7705.0,Legal,292,97.33333333333334,2024-11-24,True,EMAIL_BOUNCED|FREE_EMAIL|STALE_LEGACY_SCORE|NO_ENGAGEMENT,4,False,True,False,False,,no recorded engagement | C-Level End User | high intent score (92) | flags: EMAIL_BOUNCED|FREE_EMAIL|STALE_LEGACY_SCORE|NO_ENGAGEMENT,,493
35a11ab3f3ee4e27,contact,Deborah,Best,deborah.best@martinezgrou.com,corporate,Podiatrist,Champion,Individual Contributor,,Attempted,18.6,Low,True,0.0,0.0,57.0,36.0,0,63,1.0,999,0,0,0,0,0,0.0,0.0,4883fd135cf34e68,False,False,84.0,40167.0,Manufacturing,30,15.0,,False,AUTOMATION_INFLATED|NO_ENGAGEMENT,2,False,False,False,False,,no recorded engagement | ⚠ engagement mostly automated emails | Individual Contributor Champion | high intent score (84) | flags: AUTOMATION_INFLATED|NO_ENGAGEMENT,,494
833b225a95e74c4e,contact,Robert,Peters,robert.peters@bradleymelen.com,corporate,,End User,Individual Contributor,,Active,18.5,Low,True,0.0,0.0,32.0,60.5,0,0,0.0,999,0,0,0,0,0,0.0,0.0,51fda49d72334d69,True,False,42.0,21604.0,Financial Services,170,85.0,,False,STALE_LEGACY_SCORE|NO_ENGAGEMENT,2,False,False,False,False,,no recorded engagement | Individual Contributor End User | ICP-qualified account | flags: STALE_LEGACY_SCORE|NO_ENGAGEMENT,,495
6df52acce4324de6,lead,Katelyn,Good,katelyn.good@nunez-stephe.com,corporate,,Technical Buyer,,,Disqualified,18.4,Low,True,0.0,0.0,60.0,31.8,0,38,1.0,999,0,0,0,0,0,0.0,0.0,0c1fb6bf3ec346ea,False,True,27.0,82.0,Education,276,92.0,,False,AUTOMATION_INFLATED|STALE_LEGACY_SCORE|NO_ENGAGEMENT|INCOMPLETE_PROFILE,4,False,False,False,False,,no recorded engagement | ⚠ engagement mostly automated emails | nan Technical Buyer | named target account | flags: AUTOMATION_INFLATED|STALE_LEGACY_SCORE|NO_ENGAGEMENT|INCOMPLETE_PROFILE,,496
f5e9458710a54428,contact,Logan,Moreno,jorgeedwards@outlook.com,free_email,Conference centre manager,CISO,,,Active,18.4,Low,True,0.0,0.0,75.0,16.8,0,11,1.0,999,0,0,0,0,0,0.0,0.0,288755b429cb461d,False,False,7.0,44174.0,Legal,75,37.5,,False,FREE_EMAIL|AUTOMATION_INFLATED|NO_ENGAGEMENT,3,False,False,False,False,,no recorded engagement | ⚠ engagement mostly automated emails | nan CISO | flags: FREE_EMAIL|AUTOMATION_INFLATED|NO_ENGAGEMENT,,497
b3f09a8fc0b340fd,lead,Julie,Villanueva,julie.villanueva@maxwellllc.com,corporate,Estate agent,,Director,,Recycled,18.1,Low,True,0.0,0.0,63.5,27.2,0,2,1.0,999,0,0,0,0,0,0.0,0.0,bdd89c0f129a4920,False,False,89.0,418.0,Telecommunications,172,57.333333333333336,,False,AUTOMATION_INFLATED|STALE_LEGACY_SCORE|NO_ENGAGEMENT,3,False,False,False,False,,no recorded engagement | ⚠ engagement mostly automated emails | Director nan | high intent score (89) | flags: AUTOMATION_INFLATED|STALE_LEGACY_SCORE|NO_ENGAGEMENT,,498
69bcd19f585b4d83,contact,Ryan,Garner,ryan.garner@cain-hawkins.com,corporate,Theatre director,Technical Buyer,Manager,,Qualified,18.1,Low,True,0.0,0.0,69.5,21.0,0,0,0.0,999,0,0,0,0,0,0.0,0.0,7834506c04fd4abd,False,False,64.0,853.0,Government,121,60.5,,False,EMAIL_BOUNCED|BROKEN_CONV_LINK|STALE_LEGACY_SCORE|NO_ENGAGEMENT,4,False,True,False,False,,no recorded engagement | Manager Technical Buyer | flags: EMAIL_BOUNCED|BROKEN_CONV_LINK|STALE_LEGACY_SCORE|NO_ENGAGEMENT,,499
71498303e7ae4d5f,lead,Kathleen,Johnson,kathleen.johnson@edwardsllc.com,corporate,Commercial art gallery manager,,,,Attempted,18.0,Low,True,0.0,0.0,51.0,39.0,0,0,0.0,999,0,0,0,0,0,0.0,0.0,99775319017f4b55,False,False,96.0,5618.0,Legal,68,22.666666666666664,,False,EMAIL_BOUNCED|NO_ENGAGEMENT|INCOMPLETE_PROFILE,3,False,True,False,False,,no recorded engagement | nan nan | high intent score (96) | flags: EMAIL_BOUNCED|NO_ENGAGEMENT|INCOMPLETE_PROFILE,,500
e828917deacc4770,lead,Derrick,Cook,support@stone-hernandez.net,shared_mailbox,Counselling psychologist,,,,MQL,18.0,Low,True,0.0,0.0,57.0,32.8,0,19,1.0,999,0,0,0,0,0,0.0,0.0,ec1e8d75d4be4215,False,True,11.0,520.0,Retail,275,91.66666666666666,2024-11-20,True,SHARED_MAILBOX|AUTOMATION_INFLATED|STALE_LEGACY_SCORE|NO_ENGAGEMENT|INCOMPLETE_PROFILE,5,False,False,False,False,,no recorded engagement | ⚠ engagement mostly automated emails | nan nan | named target account | flags: SHARED_MAILBOX|AUTOMATION_INFLATED|STALE_LEGACY_SCORE|NO_ENGAGEMENT|INCOMPLETE_PROFILE,,501
2c42e71d693c47f5,contact,Vanessa,Fernandez,vanessa.fernandez@rodriguezinc.com,corporate,,Technical Buyer,C-Level,,Active,18.0,Low,True,0.0,0.0,73.0,16.8,0,23,1.0,999,0,0,0,0,0,0.0,0.0,03957adc73dd40f8,False,False,7.0,48570.0,Retail,9,4.5,,False,AUTOMATION_INFLATED|BROKEN_CONV_LINK|NO_ENGAGEMENT,3,False,False,False,False,,no recorded engagement | ⚠ engagement mostly automated emails | C-Level Technical Buyer | flags: AUTOMATION_INFLATED|BROKEN_CONV_LINK|NO_ENGAGEMENT,,502
9365b7e81a3e46e9,contact,Robert,Marshall,robert.marshall@carrollkinga.com,corporate,,Economic Buyer,Individual Contributor,,MQL,18.0,Low,True,0.0,0.0,57.0,33.2,0,22,1.0,999,0,0,0,0,0,0.0,0.0,10292fb10553429b,False,True,13.0,926.0,Energy,22,11.0,2024-12-01,True,AUTOMATION_INFLATED|NO_ENGAGEMENT,2,False,False,False,False,,no recorded engagement | ⚠ engagement mostly automated emails | Individual Contributor Economic Buyer | named target account | flags: AUTOMATION_INFLATED|NO_ENGAGEMENT,,503
cd4761af0b964500,lead,Bailey,Green,bailey.green@hunter-hanse.com,corporate,Retail manager,,Manager,,MQL,17.9,Low,True,0.0,0.0,56.5,33.2,0,1,1.0,999,0,0,0,0,0,0.0,0.0,10292fb10553429b,False,True,13.0,926.0,Energy,188,62.66666666666667,2025-02-16,True,EMAIL_BOUNCED|AUTOMATION_INFLATED|STALE_LEGACY_SCORE|NO_ENGAGEMENT,4,False,True,False,False,,no recorded engagement | ⚠ engagement mostly automated emails | Manager nan | named target account | flags: EMAIL_BOUNCED|AUTOMATION_INFLATED|STALE_LEGACY_SCORE|NO_ENGAGEMENT,,504
c8aa684b4b91468e,lead,Kevin,Harding,kevin.harding@robbins-herm.com,corporate,Chartered public finance accountant,Champion,Manager,,Recycled,17.9,Low,True,0.0,0.0,71.5,17.8,0,0,0.0,999,0,0,0,0,0,0.0,0.0,4a3dce0bed0b45e5,False,False,71.0,49.0,Manufacturing,130,43.333333333333336,,False,NO_ENGAGEMENT,1,False,False,False,False,,no recorded engagement | Manager Champion | high intent score (71) | flags: NO_ENGAGEMENT,,505
b7a1f6157c2143b2,lead,Jorge,Griffin,spam_cluster@example.com,corporate,,,Individual Contributor,,New,17.8,Low,True,0.0,0.0,40.0,49.2,0,45,1.0,999,0,0,0,0,0,0.0,0.0,88190e43a2dc4ccf,False,True,37.0,8764.0,Government,67,22.333333333333332,,False,EMAIL_BOUNCED|AUTOMATION_INFLATED|BROKEN_CONV_LINK|NO_ENGAGEMENT|INCOMPLETE_PROFILE,5,False,True,False,False,,no recorded engagement | ⚠ engagement mostly automated emails | Individual Contributor nan | named target account | flags: EMAIL_BOUNCED|AUTOMATION_INFLATED|BROKEN_CONV_LINK|NO_ENGAGEMENT|INCOMPLETE_PROFILE,,506
b6b6af03334a45e1,lead,Olivia,Munoz,olivia.munoz@cisneroswhit.com,corporate,Surgeon,Economic Buyer,,,MQL,17.8,Low,True,0.0,0.0,72.0,17.2,0,0,0.0,999,0,0,0,0,0,0.0,0.0,e883696d459b4467,False,False,29.0,4053.0,Retail,259,86.33333333333333,2024-11-02,True,STALE_LEGACY_SCORE|NO_ENGAGEMENT,2,False,False,False,False,,no recorded engagement | nan Economic Buyer | flags: STALE_LEGACY_SCORE|NO_ENGAGEMENT,,507
eb3f336e01684524,contact,Monica,Roberts,monica.roberts@smithplc.com,corporate,Toxicologist,,VP,,Attempted,17.8,Low,True,0.0,0.0,65.0,24.2,0,78,1.0,999,0,0,0,0,0,0.0,0.0,4fee80985b6b4992,False,False,97.0,106.0,Retail,154,77.0,,False,AUTOMATION_INFLATED|BROKEN_CONV_LINK|STALE_LEGACY_SCORE|NO_ENGAGEMENT,4,False,False,False,False,,no recorded engagement | ⚠ engagement mostly automated emails | VP nan | high intent score (97) | flags: AUTOMATION_INFLATED|BROKEN_CONV_LINK|STALE_LEGACY_SCORE|NO_ENGAGEMENT,,508
88d0c50af6c64aa9,contact,Martin,Oliver,scott69@gmail.com,free_email,Copy,Champion,,,MQL,17.8,Low,True,0.0,0.0,60.0,28.8,0,0,0.0,999,0,0,0,0,0,0.0,0.0,55eea98f2b024175,False,False,95.0,227.0,Government,200,100.0,2025-02-27,True,FREE_EMAIL|BROKEN_CONV_LINK|STALE_LEGACY_SCORE|NO_ENGAGEMENT,4,False,False,False,False,,no recorded engagement | nan Champion | high intent score (95) | flags: FREE_EMAIL|BROKEN_CONV_LINK|STALE_LEGACY_SCORE|NO_ENGAGEMENT,,509
6a9fe263d208416a,contact,Jacob,Henson,jacob.henson@millerandson.com,corporate,,,Individual Contributor,,MQL,17.8,Low,True,0.0,0.0,37.0,52.2,0,30,1.0,999,0,0,0,0,0,0.0,0.0,80b9756d5130404e,True,False,9.0,41309.0,Healthcare,56,28.000000000000004,2025-03-11,True,NO_LONGER_WITH_COMPANY|AUTOMATION_INFLATED|NO_ENGAGEMENT|INCOMPLETE_PROFILE,4,False,False,True,False,,no recorded engagement | ⚠ engagement mostly automated emails | Individual Contributor nan | ICP-qualified account | flags: NO_LONGER_WITH_COMPANY|AUTOMATION_INFLATED|NO_ENGAGEMENT|INCOMPLETE_PROFILE,,510
78bbc755e12141e1,contact,Melissa,Joseph,melissa.joseph@littleleonan.com,corporate,Community development worker,Technical Buyer,,,MQL,17.7,Low,True,0.0,0.0,65.0,23.5,0,1,1.0,999,0,0,0,0,0,0.0,0.0,c5eb1fcaebfe4886,False,False,74.0,314.0,Manufacturing,165,82.5,2025-01-12,True,AUTOMATION_INFLATED|BROKEN_CONV_LINK|STALE_LEGACY_SCORE|NO_ENGAGEMENT,4,False,False,False,False,,no recorded engagement | ⚠ engagement mostly automated emails | nan Technical Buyer | high intent score (74) | flags: AUTOMATION_INFLATED|BROKEN_CONV_LINK|STALE_LEGACY_SCORE|NO_ENGAGEMENT,,511
34a110e72bd740b0,contact,Sandra,Castaneda,sanderson@mail.ru,free_email,Newspaper journalist,Champion,Manager,,Qualified,17.7,Low,True,0.0,0.0,64.5,23.8,0,0,0.0,999,0,0,0,0,0,0.0,0.0,b7c3527766154bb3,False,False,35.0,41109.0,Manufacturing,108,54.0,,False,NO_LONGER_WITH_COMPANY|FREE_EMAIL|STALE_LEGACY_SCORE|NO_ENGAGEMENT,4,False,False,True,False,,no recorded engagement | Manager Champion | flags: NO_LONGER_WITH_COMPANY|FREE_EMAIL|STALE_LEGACY_SCORE|NO_ENGAGEMENT,,512
a510259233b04a38,lead,Donald,Hill,donald.hill@wrightplc.com,corporate,,Champion,Individual Contributor,,MQL,17.6,Low,True,0.0,0.0,49.0,39.0,0,3,1.0,999,0,0,0,0,0,0.0,0.0,99775319017f4b55,False,False,96.0,5618.0,Legal,236,78.66666666666666,2024-12-18,True,AUTOMATION_INFLATED|STALE_LEGACY_SCORE|NO_ENGAGEMENT,3,False,False,False,False,,no recorded engagement | ⚠ engagement mostly automated emails | Individual Contributor Champion | high intent score (96) | flags: AUTOMATION_INFLATED|STALE_LEGACY_SCORE|NO_ENGAGEMENT,,513
71ad8514e7c34e19,lead,Andrew,Walker,jasonjohnson@outlook.com,free_email,Retail merchandiser,Technical Buyer,,,MQL,17.6,Low,True,0.0,0.0,66.0,22.2,0,77,1.0,999,0,0,0,0,0,0.0,0.0,0cb0103ae53c4325,False,False,29.0,46321.0,Manufacturing,289,96.33333333333334,2025-02-18,True,FREE_EMAIL|AUTOMATION_INFLATED|STALE_LEGACY_SCORE|NO_ENGAGEMENT,4,False,False,False,False,,no recorded engagement | ⚠ engagement mostly automated emails | nan Technical Buyer | flags: FREE_EMAIL|AUTOMATION_INFLATED|STALE_LEGACY_SCORE|NO_ENGAGEMENT,,514
dfd42a2e90b64162,lead,Larry,Garcia,larry.garcia@chapmanjacks.com,corporate,Hydrogeologist,,VP,,MQL,17.5,Low,True,0.0,0.0,62.0,25.5,0,2,1.0,999,0,0,0,0,0,0.0,0.0,b8c780bd69464ed4,False,False,62.0,4106.0,Education,227,75.66666666666667,2024-11-15,True,AUTOMATION_INFLATED|STALE_LEGACY_SCORE|NO_ENGAGEMENT,3,False,False,False,False,,no recorded engagement | ⚠ engagement mostly automated emails | VP nan | flags: AUTOMATION_INFLATED|STALE_LEGACY_SCORE|NO_ENGAGEMENT,,515
d32691570da24ba3,contact,Henry,Jackson,henry.jackson@carsonelliot.com,corporate,"Engineer, petroleum",Economic Buyer,Individual Contributor,,Nurture,17.5,Low,True,0.0,0.0,67.0,20.5,0,5,1.0,999,0,0,0,0,0,0.0,0.0,6325df2ef5104f7e,False,False,82.0,143.0,Legal,95,47.5,,False,AUTOMATION_INFLATED|NO_ENGAGEMENT,2,False,False,False,False,,no recorded engagement | ⚠ engagement mostly automated emails | Individual Contributor Economic Buyer | high intent score (82) | flags: AUTOMATION_INFLATED|NO_ENGAGEMENT,,516
6b976bf5fe4b4455,lead,Aaron,Booth,aaron.booth@gutierrez-lo.com,corporate,Medical illustrator,,,,Attempted,17.4,Low,True,0.0,0.0,51.0,36.0,0,44,1.0,999,0,0,0,0,0,0.0,0.0,4883fd135cf34e68,False,False,84.0,40167.0,Manufacturing,187,62.33333333333333,,False,AUTOMATION_INFLATED|BROKEN_CONV_LINK|STALE_LEGACY_SCORE|NO_ENGAGEMENT|INCOMPLETE_PROFILE,5,False,False,False,False,,no recorded engagement | ⚠ engagement mostly automated emails | nan nan | high intent score (84) | flags: AUTOMATION_INFLATED|BROKEN_CONV_LINK|STALE_LEGACY_SCORE|NO_ENGAGEMENT|INCOMPLETE_PROFILE,,517
1a93e516d575417f,lead,Garrett,Phillips,vaughnrebecca@gmail.com,free_email,"Psychologist, educational",,,,MQL,17.4,Low,True,0.0,0.0,57.0,30.2,0,0,0.0,999,0,0,0,0,0,0.0,0.0,209bb6e2f63a425d,False,False,81.0,3987.0,Education,161,53.666666666666664,2024-11-20,True,NO_LONGER_WITH_COMPANY|FREE_EMAIL|STALE_LEGACY_SCORE|NO_ENGAGEMENT|INCOMPLETE_PROFILE,5,False,False,True,False,,no recorded engagement | nan nan | high intent score (81) | flags: NO_LONGER_WITH_COMPANY|FREE_EMAIL|STALE_LEGACY_SCORE|NO_ENGAGEMENT|INCOMPLETE_PROFILE,,518
8a7499bbe2034017,contact,Katelyn,Good,katelyn.good@nunez-stephe.com,corporate,,Technical Buyer,,,Active,17.4,Low,True,0.0,0.0,55.0,31.8,0,0,0.0,999,0,0,0,0,0,0.0,0.0,0c1fb6bf3ec346ea,False,True,27.0,82.0,Education,120,60.0,,False,BROKEN_CONV_LINK|STALE_LEGACY_SCORE|NO_ENGAGEMENT|INCOMPLETE_PROFILE,4,False,False,False,False,,no recorded engagement | nan Technical Buyer | named target account | flags: BROKEN_CONV_LINK|STALE_LEGACY_SCORE|NO_ENGAGEMENT|INCOMPLETE_PROFILE,,519
bd27ce61d19847a6,lead,Erica,Martin,erica.martin@sanchezthomp.com,corporate,"Surveyor, minerals",Champion,Manager,,New,17.3,Low,True,0.0,0.0,71.5,14.8,0,0,0.0,999,0,0,0,0,0,0.0,0.0,1114eee3178d4263,False,False,59.0,73.0,Education,222,74.0,,False,STALE_LEGACY_SCORE|NO_ENGAGEMENT,2,False,False,False,False,,no recorded engagement | Manager Champion | flags: STALE_LEGACY_SCORE|NO_ENGAGEMENT,,520
b1f2631f565a4098,contact,Travis,Ray,travis.ray@brownhernand.com,corporate,,End User,Individual Contributor,,Attempted,17.3,Low,True,0.0,0.0,32.0,54.5,0,9,1.0,999,0,0,0,0,0,0.0,0.0,232dc6dccdcc4d58,False,True,98.0,546.0,Energy,66,33.0,,False,AUTOMATION_INFLATED|BROKEN_CONV_LINK|NO_ENGAGEMENT,3,False,False,False,False,,no recorded engagement | ⚠ engagement mostly automated emails | Individual Contributor End User | named target account | high intent score (98) | flags: AUTOMATION_INFLATED|BROKEN_CONV_LINK|NO_ENGAGEMENT,,521
87dec1089a7d43e0,contact,Jacqueline,Jackson,jacqueline.jackson@williamson-b.com,corporate,Database administrator,Technical Buyer,Manager,,Active,17.3,Low,True,0.0,0.0,69.5,17.0,0,0,0.0,999,0,0,0,0,0,0.0,0.0,716010f0b4954f11,False,False,28.0,2373.0,Manufacturing,140,70.0,,False,STALE_LEGACY_SCORE|NO_ENGAGEMENT,2,False,False,False,False,,no recorded engagement | Manager Technical Buyer | flags: STALE_LEGACY_SCORE|NO_ENGAGEMENT,,522
996e623746cd45a1,lead,Dorothy,Ryan,dorothy.ryan@daltonwilson.com,corporate,,Champion,,,New,17.2,Low,True,0.0,0.0,53.0,32.8,0,0,0.0,999,0,0,0,0,0,0.0,0.0,a90c8d2ed11948be,False,True,31.0,89.0,Retail,79,26.333333333333332,,False,EMAIL_BOUNCED|BROKEN_CONV_LINK|NO_ENGAGEMENT|INCOMPLETE_PROFILE,4,False,True,False,False,,no recorded engagement | nan Champion | named target account | flags: EMAIL_BOUNCED|BROKEN_CONV_LINK|NO_ENGAGEMENT|INCOMPLETE_PROFILE,,523
11c5396e579e41ed,lead,Stephen,Jackson,stephen.jackson@brownrothand.com,corporate,"Therapist, nutritional",,,,MQL,17.2,Low,True,0.0,0.0,55.0,30.8,0,13,1.0,999,0,0,0,0,0,0.0,0.0,2dd397a157a7457b,False,True,3.0,315.0,Legal,64,21.333333333333336,2025-01-03,True,AUTOMATION_INFLATED|NO_ENGAGEMENT|INCOMPLETE_PROFILE,3,False,False,False,False,,no recorded engagement | ⚠ engagement mostly automated emails | nan nan | named target account | flags: AUTOMATION_INFLATED|NO_ENGAGEMENT|INCOMPLETE_PROFILE,,524
a4a66a56872f4880,contact,Robert,Cooper,todd88@gmail.com,free_email,"Producer, television/film/video",,Director,,MQL,17.2,Low,True,0.0,0.0,60.5,25.5,0,2,1.0,999,0,0,0,0,0,0.0,0.0,3463ef6750fb4689,False,False,42.0,9029.0,Education,110,55.00000000000001,2025-02-09,True,EMAIL_BOUNCED|FREE_EMAIL|AUTOMATION_INFLATED|STALE_LEGACY_SCORE|NO_ENGAGEMENT,5,False,True,False,False,,no recorded engagement | ⚠ engagement mostly automated emails | Director nan | flags: EMAIL_BOUNCED|FREE_EMAIL|AUTOMATION_INFLATED|STALE_LEGACY_SCORE|NO_ENGAGEMENT,,525
f31521a7df814a71,lead,David,Cole,donna.hill@rodriguezand.com,corporate,Music tutor,End User,Director,,Attempted,17.1,Low,True,0.0,0.0,62.5,23.0,0,14,1.0,999,0,0,0,0,0,0.0,0.0,3a672abbc554408c,False,False,92.0,10.0,Manufacturing,59,19.666666666666664,,False,AUTOMATION_INFLATED|NO_ENGAGEMENT,2,False,False,False,False,,no recorded engagement | ⚠ engagement mostly automated emails | Director End User | high intent score (92) | flags: AUTOMATION_INFLATED|NO_ENGAGEMENT,,526
d1a7c6a2dd184a5c,lead,Lauren,Mckinney,lauren.mckinney@pierce-tran.com,corporate,Chief Financial Officer,,,,Attempted,17.0,Low,True,0.0,0.0,57.0,28.2,0,3,1.0,999,0,0,0,0,0,0.0,0.0,c494e2d9b4f44771,False,False,53.0,9426.0,Media,116,38.666666666666664,,False,AUTOMATION_INFLATED|NO_ENGAGEMENT|INCOMPLETE_PROFILE,3,False,False,False,False,,no recorded engagement | ⚠ engagement mostly automated emails | nan nan | flags: AUTOMATION_INFLATED|NO_ENGAGEMENT|INCOMPLETE_PROFILE,,527
5722e786c70346e2,contact,Scott,Reed,scott.reed@evanshaydena.com,corporate,"Programmer, multimedia",Technical Buyer,,,MQL,17.0,Low,True,0.0,0.0,65.0,20.0,0,2,1.0,999,0,0,0,0,0,0.0,0.0,440751f90ac74a98,False,False,20.0,23618.0,Retail,105,52.5,2025-02-27,True,AUTOMATION_INFLATED|BROKEN_CONV_LINK|STALE_LEGACY_SCORE|NO_ENGAGEMENT,4,False,False,False,False,,no recorded engagement | ⚠ engagement mostly automated emails | nan Technical Buyer | flags: AUTOMATION_INFLATED|BROKEN_CONV_LINK|STALE_LEGACY_SCORE|NO_ENGAGEMENT,,528
f3dacad9af944afb,contact,Morgan,Pugh,support@parrish-griffith.com,shared_mailbox,Tourism officer,Technical Buyer,Individual Contributor,,MQL,17.0,Low,True,0.0,0.0,62.0,23.0,0,5,1.0,999,0,0,0,0,0,0.0,0.0,3a672abbc554408c,False,False,92.0,10.0,Manufacturing,15,7.5,2024-12-22,True,SHARED_MAILBOX|AUTOMATION_INFLATED|BROKEN_CONV_LINK|NO_ENGAGEMENT,4,False,False,False,False,,no recorded engagement | ⚠ engagement mostly automated emails | Individual Contributor Technical Buyer | high intent score (92) | flags: SHARED_MAILBOX|AUTOMATION_INFLATED|BROKEN_CONV_LINK|NO_ENGAGEMENT,,529
de23ace60c0348e7,lead,Bryan,Reese,haynescharles@yahoo.com,free_email,Retail buyer,,Director,,Disqualified,16.9,Low,True,0.0,0.0,67.5,17.0,0,1,1.0,999,0,0,0,0,0,0.0,0.0,3bfa3e65fc0044d5,False,False,28.0,1323.0,Retail,175,58.333333333333336,,False,FREE_EMAIL|AUTOMATION_INFLATED|STALE_LEGACY_SCORE|NO_ENGAGEMENT,4,False,False,False,True,No Longer With Company,no recorded engagement | ⚠ engagement mostly automated emails | Director nan | flags: FREE_EMAIL|AUTOMATION_INFLATED|STALE_LEGACY_SCORE|NO_ENGAGEMENT,,530
649cebe977a74fea,lead,Susan,Roberts,davidanderson@hotmail.com,free_email,"Engineer, electrical",,,,New,16.8,Low,True,0.0,0.0,55.0,28.8,0,0,0.0,999,0,0,0,0,0,0.0,0.0,55eea98f2b024175,False,False,95.0,227.0,Government,56,18.666666666666668,,False,FREE_EMAIL|NO_ENGAGEMENT|INCOMPLETE_PROFILE,3,False,False,False,False,,no recorded engagement | nan nan | high intent score (95) | flags: FREE_EMAIL|NO_ENGAGEMENT|INCOMPLETE_PROFILE,,531
278a682e89884ac0,contact,Robert,Brown,robert.brown@wrightltd.com,corporate,Insurance underwriter,Champion,,,Attempted,16.8,Low,True,0.0,0.0,60.0,24.2,0,7,1.0,999,0,0,0,0,0,0.0,0.0,4fee80985b6b4992,False,False,97.0,106.0,Retail,16,8.0,,False,AUTOMATION_INFLATED|NO_ENGAGEMENT,2,False,False,False,False,,no recorded engagement | ⚠ engagement mostly automated emails | nan Champion | high intent score (97) | flags: AUTOMATION_INFLATED|NO_ENGAGEMENT,,532
9b6bdeeb07ad4110,lead,Keith,Norman,keith.norman@newtoncannon.com,corporate,"Clinical scientist, histocompatibility and immunogenetics",,Director,,New,16.7,Low,True,0.0,0.0,61.5,22.2,0,8,1.0,999,0,0,0,0,0,0.0,0.0,ca94fa518e714acd,False,False,89.0,16.0,Energy,120,40.0,,False,AUTOMATION_INFLATED|NO_ENGAGEMENT,2,False,False,False,False,,no recorded engagement | ⚠ engagement mostly automated emails | Director nan | high intent score (89) | flags: AUTOMATION_INFLATED|NO_ENGAGEMENT,,533
00258b75677a4282,lead,Jessica,Fox,steven18@gmx.de,free_email,Travel agency manager,End User,C-Level,,MQL,16.6,Low,True,0.0,0.0,70.0,13.2,0,13,1.0,999,0,0,0,0,0,0.0,0.0,3ea7d8229ce34bc1,False,False,13.0,3079.0,Legal,86,28.666666666666668,2025-02-22,True,FREE_EMAIL|AUTOMATION_INFLATED|NO_ENGAGEMENT,3,False,False,False,False,,no recorded engagement | ⚠ engagement mostly automated emails | C-Level End User | flags: FREE_EMAIL|AUTOMATION_INFLATED|NO_ENGAGEMENT,,534
661ea6af49c440de,contact,Derrick,Cook,support@stone-hernandez.net,shared_mailbox,Counselling psychologist,,,,MQL,16.6,Low,True,0.0,0.0,50.0,32.8,0,1,1.0,999,0,0,0,0,0,0.0,0.0,ec1e8d75d4be4215,False,True,11.0,520.0,Retail,192,96.0,2025-04-30,True,SHARED_MAILBOX|AUTOMATION_INFLATED|BROKEN_CONV_LINK|STALE_LEGACY_SCORE|NO_ENGAGEMENT|INCOMPLETE_PROFILE,6,False,False,False,False,,no recorded engagement | ⚠ engagement mostly automated emails | nan nan | named target account | flags: SHARED_MAILBOX|AUTOMATION_INFLATED|BROKEN_CONV_LINK|STALE_LEGACY_SCORE|NO_ENGAGEMENT|INCOMPLETE_PROFILE,,535
467f8997115d4460,contact,Amber,Brown,amber.brown@andersengrou.com,corporate,Ambulance person,Champion,,,Qualified,16.5,Low,True,0.0,0.0,60.0,22.5,0,8,1.0,999,0,0,0,0,0,0.0,0.0,afc81c8dac114849,False,False,30.0,5212.0,Energy,104,52.0,,False,AUTOMATION_INFLATED|BROKEN_CONV_LINK|STALE_LEGACY_SCORE|NO_ENGAGEMENT,4,False,False,False,False,,no recorded engagement | ⚠ engagement mostly automated emails | nan Champion | flags: AUTOMATION_INFLATED|BROKEN_CONV_LINK|STALE_LEGACY_SCORE|NO_ENGAGEMENT,,536
9f5baef7b06246b5,contact,Gregory,Booker,gregory.booker@ortiz-roy.com,corporate,Banker,Champion,Manager,,Attempted,16.5,Low,True,0.0,0.0,64.5,18.0,0,0,0.0,999,0,0,0,0,0,0.0,0.0,fb1930ad7d2042b7,False,False,32.0,1587.0,Legal,191,95.5,,False,NO_LONGER_WITH_COMPANY|STALE_LEGACY_SCORE|NO_ENGAGEMENT,3,False,False,True,False,,no recorded engagement | Manager Champion | flags: NO_LONGER_WITH_COMPANY|STALE_LEGACY_SCORE|NO_ENGAGEMENT,,537
8927dc74c6b84f25,lead,Morgan,Pugh,support@parrish-griffith.com,shared_mailbox,Tourism officer,Technical Buyer,Individual Contributor,,MQL,16.4,Low,True,0.0,0.0,59.0,23.0,0,0,0.0,999,0,0,0,0,0,0.0,0.0,3a672abbc554408c,False,False,92.0,10.0,Manufacturing,99,33.0,2025-01-05,True,SHARED_MAILBOX|NO_ENGAGEMENT,2,False,False,False,False,,no recorded engagement | Individual Contributor Technical Buyer | high intent score (92) | flags: SHARED_MAILBOX|NO_ENGAGEMENT,,538
9471973c559e4471,lead,Darren,Shepard,darren.shepard@baileyllc.com,corporate,"Programmer, applications",Champion,Individual Contributor,,MQL,16.4,Low,True,0.0,0.0,62.0,20.0,0,1,1.0,999,0,0,0,0,0,0.0,0.0,e0b54a72a3144e3d,False,False,40.0,1336.0,Insurance,118,39.33333333333333,2025-02-10,True,AUTOMATION_INFLATED|NO_ENGAGEMENT,2,False,False,False,False,,no recorded engagement | ⚠ engagement mostly automated emails | Individual Contributor Champion | flags: AUTOMATION_INFLATED|NO_ENGAGEMENT,,539
c5fdd615689c47c8,lead,Jacqueline,Cherry,jacqueline.cherry@lucas-case.com,corporate,"Designer, exhibition/display",Technical Buyer,Individual Contributor,,Attempted,16.4,Low,True,0.0,0.0,67.0,15.2,0,0,0.0,999,0,0,0,0,0,0.0,0.0,ea4ab61c9d99480e,False,False,41.0,347.0,Insurance,166,55.333333333333336,,False,STALE_LEGACY_SCORE|NO_ENGAGEMENT,2,False,False,False,True,No Longer With Company,no recorded engagement | Individual Contributor Technical Buyer | flags: STALE_LEGACY_SCORE|NO_ENGAGEMENT,,540
24ecc831d6b142d0,lead,Vanessa,Reed,vanessa.reed@anderson-woo.com,corporate,,Economic Buyer,Individual Contributor,,MQL,16.2,Low,True,0.0,0.0,60.0,21.2,0,12,1.0,999,0,0,0,0,0,0.0,0.0,8a4c192396b94fd1,False,False,45.0,3883.0,Telecommunications,262,87.33333333333333,2025-02-02,True,AUTOMATION_INFLATED|STALE_LEGACY_SCORE|NO_ENGAGEMENT,3,False,False,False,False,,no recorded engagement | ⚠ engagement mostly automated emails | Individual Contributor Economic Buyer | flags: AUTOMATION_INFLATED|STALE_LEGACY_SCORE|NO_ENGAGEMENT,,541
2433a082c68d4b33,contact,Tracy,Hall,tracy.hall@johnsonltd.com,corporate,,Champion,Director,,Active,16.2,Low,True,0.0,0.0,60.5,20.5,0,1,1.0,999,0,0,0,0,0,0.0,0.0,76d78294fdb1416d,False,False,62.0,421.0,Legal,163,81.5,,False,NO_LONGER_WITH_COMPANY|AUTOMATION_INFLATED|STALE_LEGACY_SCORE|NO_ENGAGEMENT,4,False,False,True,False,,no recorded engagement | ⚠ engagement mostly automated emails | Director Champion | flags: NO_LONGER_WITH_COMPANY|AUTOMATION_INFLATED|STALE_LEGACY_SCORE|NO_ENGAGEMENT,,542
68a1e62e76ca47fe,lead,Sean,Mitchell,pyoung@hotmail.com,free_email,Insurance broker,,Manager,,New,16.1,Low,True,0.0,0.0,59.5,20.8,0,0,0.0,999,0,0,0,0,0,0.0,0.0,a89c906141864d2f,False,False,63.0,698.0,Legal,223,74.33333333333333,,False,FREE_EMAIL|STALE_LEGACY_SCORE|NO_ENGAGEMENT,3,False,False,False,False,,no recorded engagement | Manager nan | flags: FREE_EMAIL|STALE_LEGACY_SCORE|NO_ENGAGEMENT,,543
cdce5b914b2d4301,lead,Charles,Gordon,charles.gordon@ramirezhaysa.com,corporate,Commissioning editor,,,,MQL,16.0,Low,True,0.0,0.0,57.0,23.0,0,4,1.0,999,0,0,0,0,0,0.0,0.0,3a672abbc554408c,False,False,92.0,10.0,Manufacturing,271,90.33333333333333,2025-03-05,True,AUTOMATION_INFLATED|STALE_LEGACY_SCORE|NO_ENGAGEMENT|INCOMPLETE_PROFILE,4,False,False,False,False,,no recorded engagement | ⚠ engagement mostly automated emails | nan nan | high intent score (92) | flags: AUTOMATION_INFLATED|STALE_LEGACY_SCORE|NO_ENGAGEMENT|INCOMPLETE_PROFILE,,544
393dc7a7de064117,lead,Monica,Short,monica.short@rhodesanders.com,corporate,,Champion,Individual Contributor,,New,16.0,Low,True,0.0,0.0,54.0,25.8,0,48,1.0,999,0,0,0,0,0,0.0,0.0,41aad464896e418d,False,False,43.0,10804.0,Education,67,22.333333333333332,,False,AUTOMATION_INFLATED|NO_ENGAGEMENT,2,False,False,False,False,,no recorded engagement | ⚠ engagement mostly automated emails | Individual Contributor Champion | flags: AUTOMATION_INFLATED|NO_ENGAGEMENT,,545
201a9111cca74339,lead,Michael,Anderson,mark62@outlook.com,free_email,,,VP,,MQL,15.8,Low,True,0.0,0.0,52.0,27.2,0,4,1.0,999,0,0,0,0,0,0.0,0.0,bdd89c0f129a4920,False,False,89.0,418.0,Telecommunications,183,61.0,2025-02-28,True,FREE_EMAIL|AUTOMATION_INFLATED|STALE_LEGACY_SCORE|NO_ENGAGEMENT|INCOMPLETE_PROFILE,5,False,False,False,False,,no recorded engagement | ⚠ engagement mostly automated emails | VP nan | high intent score (89) | flags: FREE_EMAIL|AUTOMATION_INFLATED|STALE_LEGACY_SCORE|NO_ENGAGEMENT|INCOMPLETE_PROFILE,,546
9535d18286d9449f,lead,Keith,Johnson,jessica94@libero.it,free_email,"Biochemist, clinical",,Director,,Disqualified,15.7,Low,True,0.0,0.0,57.5,20.8,0,2,1.0,999,0,0,0,0,0,0.0,0.0,a89c906141864d2f,False,False,63.0,698.0,Legal,193,64.33333333333333,,False,FREE_EMAIL|AUTOMATION_INFLATED|STALE_LEGACY_SCORE|NO_ENGAGEMENT,4,False,False,False,False,,no recorded engagement | ⚠ engagement mostly automated emails | Director nan | flags: FREE_EMAIL|AUTOMATION_INFLATED|STALE_LEGACY_SCORE|NO_ENGAGEMENT,,547
df867c3f31bc42d7,lead,Nicholas,Johnson,nicholas.johnson@combsltd.com,corporate,,,VP,,MQL,15.6,Low,True,0.0,0.0,56.0,22.2,0,26,1.0,999,0,0,0,0,0,0.0,0.0,b456f25952eb43f7,False,False,29.0,9517.0,Manufacturing,13,4.333333333333334,2025-04-08,True,AUTOMATION_INFLATED|NO_ENGAGEMENT|INCOMPLETE_PROFILE,3,False,False,False,False,,no recorded engagement | ⚠ engagement mostly automated emails | VP nan | flags: AUTOMATION_INFLATED|NO_ENGAGEMENT|INCOMPLETE_PROFILE,,548
966bdb5037f34ab2,contact,Lauren,Mckinney,lauren.mckinney@pierce-tran.com,corporate,Chief Financial Officer,,,,Active,15.6,Low,True,0.0,0.0,50.0,28.2,0,28,1.0,999,0,0,0,0,0,0.0,0.0,c494e2d9b4f44771,False,False,53.0,9426.0,Media,185,92.5,,False,EMAIL_BOUNCED|AUTOMATION_INFLATED|BROKEN_CONV_LINK|STALE_LEGACY_SCORE|NO_ENGAGEMENT|INCOMPLETE_PROFILE,6,False,True,False,False,,no recorded engagement | ⚠ engagement mostly automated emails | nan nan | flags: EMAIL_BOUNCED|AUTOMATION_INFLATED|BROKEN_CONV_LINK|STALE_LEGACY_SCORE|NO_ENGAGEMENT|INCOMPLETE_PROFILE,,549
07c8e1eeec3243b0,contact,Marcus,Wright,marcus.wright@reyes-griffi.com,corporate,,Champion,Director,,Active,15.6,Low,True,0.0,0.0,60.5,17.5,0,2,1.0,999,0,0,0,0,0,0.0,0.0,aabec9493a024b76,False,False,70.0,122.0,Healthcare,168,84.0,,False,EMAIL_BOUNCED|NO_LONGER_WITH_COMPANY|AUTOMATION_INFLATED|BROKEN_CONV_LINK|STALE_LEGACY_SCORE|NO_ENGAGEMENT,6,False,True,True,False,,no recorded engagement | ⚠ engagement mostly automated emails | Director Champion | high intent score (70) | flags: EMAIL_BOUNCED|NO_LONGER_WITH_COMPANY|AUTOMATION_INFLATED|BROKEN_CONV_LINK|STALE_LEGACY_SCORE|NO_ENGAGEMENT,,550
8fdff8a806c54e3f,contact,Matthew,Shaw,garrett45@libero.it,free_email,Press photographer,,,,Attempted,15.6,Low,True,0.0,0.0,50.0,28.0,0,1,1.0,999,0,0,0,0,0,0.0,0.0,08db683f415a486a,False,False,72.0,1279.0,Manufacturing,4,2.0,,False,FREE_EMAIL|AUTOMATION_INFLATED|NO_ENGAGEMENT|INCOMPLETE_PROFILE,4,False,False,False,False,,no recorded engagement | ⚠ engagement mostly automated emails | nan nan | high intent score (72) | flags: FREE_EMAIL|AUTOMATION_INFLATED|NO_ENGAGEMENT|INCOMPLETE_PROFILE,,551
15dd2a984873482f,lead,Kimberly,Beltran,kimberly.beltran@mcgeewalland.com,corporate,Event organiser,,Director,,Recycled,15.5,Low,True,0.0,0.0,65.5,12.2,0,2,1.0,999,0,0,0,0,0,0.0,0.0,c262420d46a345b5,False,False,49.0,91.0,Government,73,24.333333333333336,,False,AUTOMATION_INFLATED|NO_ENGAGEMENT,2,False,False,False,True,Personal Email,no recorded engagement | ⚠ engagement mostly automated emails | Director nan | flags: AUTOMATION_INFLATED|NO_ENGAGEMENT,,552
c83e966169a149a3,lead,Brent,Ward,joshuacolon@hotmail.com,free_email,,,Manager,,Attempted,15.5,Low,True,0.0,0.0,46.5,31.2,0,0,0.0,999,0,0,0,0,0,0.0,0.0,844ccdc969e1457f,False,False,65.0,14550.0,Retail,70,23.333333333333332,,False,FREE_EMAIL|NO_ENGAGEMENT|INCOMPLETE_PROFILE,3,False,False,False,False,,no recorded engagement | Manager nan | flags: FREE_EMAIL|NO_ENGAGEMENT|INCOMPLETE_PROFILE,,553
e82f5284b98340e5,lead,Rachel,Trujillo,rguerrero@yahoo.com,free_email,Counselling psychologist,Economic Buyer,Manager,,Attempted,15.5,Low,True,0.0,0.0,75.5,1.8,0,6,1.0,999,0,0,0,0,0,0.0,0.0,afbfd1b9e0074d37,False,False,7.0,133.0,Telecommunications,233,77.66666666666666,,False,FREE_EMAIL|AUTOMATION_INFLATED|STALE_LEGACY_SCORE|NO_ENGAGEMENT,4,False,False,False,False,,no recorded engagement | ⚠ engagement mostly automated emails | Manager Economic Buyer | flags: FREE_EMAIL|AUTOMATION_INFLATED|STALE_LEGACY_SCORE|NO_ENGAGEMENT,,554
2b7da13524c24ca1,contact,David,Wade,david.wade@butler-vasqu.com,corporate,,,Manager,,Active,15.5,Low,True,0.0,0.0,44.5,33.2,0,5,1.0,999,0,0,0,0,0,0.0,0.0,10292fb10553429b,False,True,13.0,926.0,Energy,134,67.0,,False,AUTOMATION_INFLATED|STALE_LEGACY_SCORE|NO_ENGAGEMENT|INCOMPLETE_PROFILE,4,False,False,False,False,,no recorded engagement | ⚠ engagement mostly automated emails | Manager nan | named target account | flags: AUTOMATION_INFLATED|STALE_LEGACY_SCORE|NO_ENGAGEMENT|INCOMPLETE_PROFILE,,555
a24f61ba8e574e1d,contact,Donna,Jennings,donna.jennings@harrisonhart.com,corporate,,CISO,Director,,Qualified,15.5,Low,True,0.0,0.0,75.5,1.8,0,37,1.0,999,0,0,0,0,0,0.0,0.0,afbfd1b9e0074d37,False,False,7.0,133.0,Telecommunications,4,2.0,,False,AUTOMATION_INFLATED|NO_ENGAGEMENT,2,False,False,False,False,,no recorded engagement | ⚠ engagement mostly automated emails | Director CISO | flags: AUTOMATION_INFLATED|NO_ENGAGEMENT,,556
404bfe1ae5be43ae,lead,Anne,Reid,anne.reid@morrismaddox.com,corporate,Printmaker,,Individual Contributor,,MQL,15.4,Low,True,0.0,0.0,44.0,33.2,0,0,0.0,999,0,0,0,0,0,0.0,0.0,10292fb10553429b,False,True,13.0,926.0,Energy,18,6.0,2025-04-27,True,NO_ENGAGEMENT,1,False,False,False,False,,no recorded engagement | Individual Contributor nan | named target account | flags: NO_ENGAGEMENT,,557
0bd00332314049ad,lead,Alec,Taylor,markkline@gmail.com,free_email,Wellsite geologist,,,,MQL,15.4,Low,True,0.0,0.0,57.0,20.2,0,0,0.0,999,0,0,0,0,0,0.0,0.0,5ae5b36878be4dbe,False,False,81.0,4.0,Media,169,56.333333333333336,2025-03-03,True,FREE_EMAIL|STALE_LEGACY_SCORE|NO_ENGAGEMENT|INCOMPLETE_PROFILE,4,False,False,False,False,,no recorded engagement | nan nan | high intent score (81) | flags: FREE_EMAIL|STALE_LEGACY_SCORE|NO_ENGAGEMENT|INCOMPLETE_PROFILE,,558
234e4ad0a4364c6d,contact,Tracy,Brooks,tracy.brooks@stewartgroup.com,corporate,Public relations officer,,,,Active,15.4,Low,True,0.0,0.0,50.0,27.2,0,40,1.0,999,0,0,0,0,0,0.0,0.0,bdd89c0f129a4920,False,False,89.0,418.0,Telecommunications,186,93.0,,False,AUTOMATION_INFLATED|STALE_LEGACY_SCORE|NO_ENGAGEMENT|INCOMPLETE_PROFILE,4,False,False,False,False,,no recorded engagement | ⚠ engagement mostly automated emails | nan nan | high intent score (89) | flags: AUTOMATION_INFLATED|STALE_LEGACY_SCORE|NO_ENGAGEMENT|INCOMPLETE_PROFILE,,559
cc1ff3cfe9af452a,lead,Craig,Johnson,craig.johnson@powersbrenna.com,corporate,,,Director,,New,15.3,Low,True,0.0,0.0,57.5,19.2,0,2,1.0,999,0,0,0,0,0,0.0,0.0,0e4988a55dc842c0,False,False,57.0,798.0,Media,139,46.33333333333333,,False,AUTOMATION_INFLATED|NO_ENGAGEMENT|INCOMPLETE_PROFILE,3,False,False,False,False,,no recorded engagement | ⚠ engagement mostly automated emails | Director nan | flags: AUTOMATION_INFLATED|NO_ENGAGEMENT|INCOMPLETE_PROFILE,,560
837f130ea83344b9,lead,Raven,Klein,suzanne.huff@matthewssmit.com,corporate,Web designer,,Manager,,Recycled,15.3,Low,True,0.0,0.0,61.5,15.2,0,4,1.0,999,0,0,0,0,0,0.0,0.0,aa0509047e9c4d04,False,False,41.0,677.0,Telecommunications,40,13.333333333333334,,False,EMAIL_BOUNCED|AUTOMATION_INFLATED|NO_ENGAGEMENT,3,False,True,False,False,,no recorded engagement | ⚠ engagement mostly automated emails | Manager nan | flags: EMAIL_BOUNCED|AUTOMATION_INFLATED|NO_ENGAGEMENT,,561
e695116628844769,lead,Samantha,Bright,hamiltoncorey@yahoo.com,free_email,Chiropodist,,Individual Contributor,,Attempted,15.2,Low,True,0.0,0.0,54.0,22.0,0,47,1.0,999,0,0,0,0,0,0.0,0.0,333bd94553c8466a,False,False,88.0,49.0,Healthcare,31,10.333333333333334,,False,EMAIL_BOUNCED|FREE_EMAIL|AUTOMATION_INFLATED|BROKEN_CONV_LINK|NO_ENGAGEMENT,5,False,True,False,False,,no recorded engagement | ⚠ engagement mostly automated emails | Individual Contributor nan | high intent score (88) | flags: EMAIL_BOUNCED|FREE_EMAIL|AUTOMATION_INFLATED|BROKEN_CONV_LINK|NO_ENGAGEMENT,,562
c3a7b2f0a9e64d4a,lead,Janet,Holland,janet.holland@paynemorriso.com,corporate,"Engineer, biomedical",,,,MQL,15.2,Low,True,0.0,0.0,52.0,23.8,0,50,1.0,999,0,0,0,0,0,0.0,0.0,61c8be67926f4313,False,False,35.0,21482.0,Legal,258,86.0,2025-01-28,True,AUTOMATION_INFLATED|STALE_LEGACY_SCORE|NO_ENGAGEMENT|INCOMPLETE_PROFILE,4,False,False,False,False,,no recorded engagement | ⚠ engagement mostly automated emails | nan nan | flags: AUTOMATION_INFLATED|STALE_LEGACY_SCORE|NO_ENGAGEMENT|INCOMPLETE_PROFILE,,563
046a929b19964d19,lead,Andrew,Sutton,andrew.sutton@garrett-youn.com,corporate,,Technical Buyer,,,MQL,15.2,Low,True,0.0,0.0,58.0,17.8,0,0,0.0,999,0,0,0,0,0,0.0,0.0,4a3dce0bed0b45e5,False,False,71.0,49.0,Manufacturing,63,21.0,2025-02-25,True,NO_ENGAGEMENT|INCOMPLETE_PROFILE,2,False,False,False,False,,no recorded engagement | nan Technical Buyer | high intent score (71) | flags: NO_ENGAGEMENT|INCOMPLETE_PROFILE,,564
570c6ab5f01e45b0,contact,Evan,Wilson,autumn74@yahoo.com,free_email,Merchant navy officer,,,,MQL,15.2,Low,True,0.0,0.0,50.0,26.2,0,0,0.0,999,0,0,0,0,0,0.0,0.0,bc212a4c068f41f4,False,False,85.0,713.0,Energy,131,65.5,2024-11-26,True,NO_LONGER_WITH_COMPANY|FREE_EMAIL|STALE_LEGACY_SCORE|NO_ENGAGEMENT|INCOMPLETE_PROFILE,5,False,False,True,False,,no recorded engagement | nan nan | high intent score (85) | flags: NO_LONGER_WITH_COMPANY|FREE_EMAIL|STALE_LEGACY_SCORE|NO_ENGAGEMENT|INCOMPLETE_PROFILE,,565
f2cc395cddb94446,contact,Sean,Mitchell,pyoung@hotmail.com,free_email,Insurance broker,,Manager,,MQL,15.1,Low,True,0.0,0.0,54.5,20.8,0,49,1.0,999,0,0,0,0,0,0.0,0.0,a89c906141864d2f,False,False,63.0,698.0,Legal,129,64.5,2025-01-24,True,FREE_EMAIL|AUTOMATION_INFLATED|BROKEN_CONV_LINK|STALE_LEGACY_SCORE|NO_ENGAGEMENT,5,False,False,False,False,,no recorded engagement | ⚠ engagement mostly automated emails | Manager nan | flags: FREE_EMAIL|AUTOMATION_INFLATED|BROKEN_CONV_LINK|STALE_LEGACY_SCORE|NO_ENGAGEMENT,,566
c214d951d36243d1,contact,Brittney,Avila,qkelly@hotmail.com,free_email,Toxicologist,,Director,,MQL,15.1,Low,True,0.0,0.0,60.5,14.8,0,14,1.0,999,0,0,0,0,0,0.0,0.0,1114eee3178d4263,False,False,59.0,73.0,Education,47,23.5,2025-03-03,True,FREE_EMAIL|AUTOMATION_INFLATED|NO_ENGAGEMENT,3,False,False,False,False,,no recorded engagement | ⚠ engagement mostly automated emails | Director nan | flags: FREE_EMAIL|AUTOMATION_INFLATED|NO_ENGAGEMENT,,567
7708a867ebdb400e,contact,Maria,Myers,maria.myers@smith-mccoy.com,corporate,Podiatrist,Champion,,,Active,15.1,Low,True,0.0,0.0,60.0,15.5,0,19,1.0,999,0,0,0,0,0,0.0,0.0,32feb33af3a14087,False,False,62.0,22.0,Manufacturing,95,47.5,,False,EMAIL_BOUNCED|AUTOMATION_INFLATED|NO_ENGAGEMENT,3,False,True,False,False,,no recorded engagement | ⚠ engagement mostly automated emails | nan Champion | flags: EMAIL_BOUNCED|AUTOMATION_INFLATED|NO_ENGAGEMENT,,568
4e6070afa8834b73,lead,Brenda,Foster,brenda.foster@smithinc.com,corporate,Television camera operator,,,,Qualified,15.0,Low,True,0.0,0.0,55.0,19.8,0,5,1.0,999,0,0,0,0,0,0.0,0.0,5845a531d9284083,False,False,19.0,22965.0,Telecommunications,75,25.0,,False,EMAIL_BOUNCED|AUTOMATION_INFLATED|NO_ENGAGEMENT|INCOMPLETE_PROFILE,4,False,True,False,False,,no recorded engagement | ⚠ engagement mostly automated emails | nan nan | flags: EMAIL_BOUNCED|AUTOMATION_INFLATED|NO_ENGAGEMENT|INCOMPLETE_PROFILE,,569
24363a7a83a645cb,lead,Mary,Huff,mary.huff@moore-rodrig.com,corporate,Careers information officer,End User,,,Attempted,14.9,Low,True,0.0,0.0,52.0,22.5,0,0,0.0,999,0,0,0,0,0,0.0,0.0,0a91cbe4c7254c84,False,False,70.0,814.0,Telecommunications,232,77.33333333333333,,False,STALE_LEGACY_SCORE|NO_ENGAGEMENT,2,False,False,False,True,Duplicate,no recorded engagement | nan End User | high intent score (70) | flags: STALE_LEGACY_SCORE|NO_ENGAGEMENT,,570
449e7a99e6af4661,lead,Michael,Hill,michael.hill@cannonjohnso.com,corporate,Volunteer coordinator,Champion,Individual Contributor,,Disqualified,14.8,Low,True,0.0,0.0,59.0,15.2,0,0,0.0,999,0,0,0,0,0,0.0,0.0,aa0509047e9c4d04,False,False,41.0,677.0,Telecommunications,251,83.66666666666667,,False,NO_LONGER_WITH_COMPANY|BROKEN_CONV_LINK|STALE_LEGACY_SCORE|NO_ENGAGEMENT,4,False,False,True,True,Personal Email,no recorded engagement | Individual Contributor Champion | flags: NO_LONGER_WITH_COMPANY|BROKEN_CONV_LINK|STALE_LEGACY_SCORE|NO_ENGAGEMENT,,571
b974d3e12e2d4284,lead,James,Edwards,james.edwards@novak-carter.com,corporate,Recycling officer,End User,,,Qualified,14.8,Low,True,0.0,0.0,52.0,22.2,0,1,1.0,999,0,0,0,0,0,0.0,0.0,b456f25952eb43f7,False,False,29.0,9517.0,Manufacturing,179,59.66666666666667,,False,NO_LONGER_WITH_COMPANY|AUTOMATION_INFLATED|STALE_LEGACY_SCORE|NO_ENGAGEMENT,4,False,False,True,False,,no recorded engagement | ⚠ engagement mostly automated emails | nan End User | flags: NO_LONGER_WITH_COMPANY|AUTOMATION_INFLATED|STALE_LEGACY_SCORE|NO_ENGAGEMENT,,572
343215fd4c4545ec,contact,John,Campos,john.campos@beckertaylor.com,corporate,Archaeologist,,,,MQL,14.6,Low,True,0.0,0.0,50.0,23.0,0,0,0.0,999,0,0,0,0,0,0.0,0.0,3a672abbc554408c,False,False,92.0,10.0,Manufacturing,54,27.0,2025-04-14,True,EMAIL_BOUNCED|NO_LONGER_WITH_COMPANY|BROKEN_CONV_LINK|NO_ENGAGEMENT|INCOMPLETE_PROFILE,5,False,True,True,False,,no recorded engagement | nan nan | high intent score (92) | flags: EMAIL_BOUNCED|NO_LONGER_WITH_COMPANY|BROKEN_CONV_LINK|NO_ENGAGEMENT|INCOMPLETE_PROFILE,,573
b39235e608614a10,contact,Charles,Gordon,charles.gordon@ramirezhaysa.com,corporate,Commissioning editor,,,,MQL,14.6,Low,True,0.0,0.0,50.0,23.0,0,5,1.0,999,0,0,0,0,0,0.0,0.0,3a672abbc554408c,False,False,92.0,10.0,Manufacturing,125,62.5,2025-01-25,True,AUTOMATION_INFLATED|BROKEN_CONV_LINK|STALE_LEGACY_SCORE|NO_ENGAGEMENT|INCOMPLETE_PROFILE,5,False,False,False,False,,no recorded engagement | ⚠ engagement mostly automated emails | nan nan | high intent score (92) | flags: AUTOMATION_INFLATED|BROKEN_CONV_LINK|STALE_LEGACY_SCORE|NO_ENGAGEMENT|INCOMPLETE_PROFILE,,574
7ab46894c5a64708,lead,Wendy,Gonzalez,wendy.gonzalez@ramosanderso.com,corporate,Learning disability nurse,,Manager,,Attempted,14.5,Low,True,0.0,0.0,51.5,20.8,0,5,1.0,999,0,0,0,0,0,0.0,0.0,a89c906141864d2f,False,False,63.0,698.0,Legal,159,53.0,,False,AUTOMATION_INFLATED|STALE_LEGACY_SCORE|NO_ENGAGEMENT,3,False,False,False,False,,no recorded engagement | ⚠ engagement mostly automated emails | Manager nan | flags: AUTOMATION_INFLATED|STALE_LEGACY_SCORE|NO_ENGAGEMENT,,575
d5a668fc86a346b1,contact,Michael,Hill,michael.hill@cannonjohnso.com,corporate,Volunteer coordinator,Champion,Individual Contributor,,Qualified,14.4,Low,True,0.0,0.0,57.0,15.2,0,4,1.0,999,0,0,0,0,0,0.0,0.0,aa0509047e9c4d04,False,False,41.0,677.0,Telecommunications,154,77.0,,False,NO_LONGER_WITH_COMPANY|AUTOMATION_INFLATED|BROKEN_CONV_LINK|STALE_LEGACY_SCORE|NO_ENGAGEMENT,5,False,False,True,False,,no recorded engagement | ⚠ engagement mostly automated emails | Individual Contributor Champion | flags: NO_LONGER_WITH_COMPANY|AUTOMATION_INFLATED|BROKEN_CONV_LINK|STALE_LEGACY_SCORE|NO_ENGAGEMENT,,576
888c4fee4c444b98,contact,Cassandra,Harris,cassandra.harris@arnoldllc.com,corporate,Museum/gallery conservator,Champion,,,Attempted,14.4,Low,True,0.0,0.0,60.0,12.2,0,42,1.0,999,0,0,0,0,0,0.0,0.0,c262420d46a345b5,False,False,49.0,91.0,Government,125,62.5,,False,AUTOMATION_INFLATED|BROKEN_CONV_LINK|STALE_LEGACY_SCORE|NO_ENGAGEMENT,4,False,False,False,False,,no recorded engagement | ⚠ engagement mostly automated emails | nan Champion | flags: AUTOMATION_INFLATED|BROKEN_CONV_LINK|STALE_LEGACY_SCORE|NO_ENGAGEMENT,,577
b9f27f2e3ed746b7,contact,Linda,Reynolds,linda.reynolds@edwardsperry.com,corporate,"Scientist, biomedical",,Manager,,Nurture,14.4,Low,True,0.0,0.0,54.5,17.5,0,3,1.0,999,0,0,0,0,0,0.0,0.0,121edb0c9ad44cf9,False,False,70.0,67.0,Insurance,113,56.49999999999999,,False,EMAIL_BOUNCED|AUTOMATION_INFLATED|STALE_LEGACY_SCORE|NO_ENGAGEMENT,4,False,True,False,False,,no recorded engagement | ⚠ engagement mostly automated emails | Manager nan | high intent score (70) | flags: EMAIL_BOUNCED|AUTOMATION_INFLATED|STALE_LEGACY_SCORE|NO_ENGAGEMENT,,578
dafd164e84a442d0,lead,Debra,Mullen,debra.mullen@danielswalsh.com,corporate,,,Manager,,New,14.3,Low,True,0.0,0.0,51.5,20.0,0,3,1.0,999,0,0,0,0,0,0.0,0.0,440751f90ac74a98,False,False,20.0,23618.0,Retail,165,55.00000000000001,,False,AUTOMATION_INFLATED|STALE_LEGACY_SCORE|NO_ENGAGEMENT|INCOMPLETE_PROFILE,4,False,False,False,False,,no recorded engagement | ⚠ engagement mostly automated emails | Manager nan | flags: AUTOMATION_INFLATED|STALE_LEGACY_SCORE|NO_ENGAGEMENT|INCOMPLETE_PROFILE,,579
0e33c7cb5d144ad3,contact,Suzanne,Huff,suzanne.huff@matthewssmit.com,corporate,Geophysical data processor,Champion,Manager,,MQL,14.3,Low,True,0.0,0.0,64.5,7.2,0,3,1.0,999,0,0,0,0,0,0.0,0.0,aa807a1dd74748a3,False,False,9.0,852.0,Media,99,49.5,2024-11-04,True,AUTOMATION_INFLATED|BROKEN_CONV_LINK|NO_ENGAGEMENT,3,False,False,False,False,,no recorded engagement | ⚠ engagement mostly automated emails | Manager Champion | flags: AUTOMATION_INFLATED|BROKEN_CONV_LINK|NO_ENGAGEMENT,,580
9920813604f142cb,contact,Hailey,Parker,hailey.parker@andersoninc.com,corporate,,Technical Buyer,,,Active,14.2,Low,True,0.0,0.0,55.0,16.2,0,0,0.0,999,0,0,0,0,0,0.0,0.0,b558bec84a8345e7,False,False,45.0,727.0,Retail,9,4.5,,False,NO_ENGAGEMENT|INCOMPLETE_PROFILE,2,False,False,False,False,,no recorded engagement | nan Technical Buyer | flags: NO_ENGAGEMENT|INCOMPLETE_PROFILE,,581
e87db4515f6a4072,lead,Brittany,Vincent,brittany.vincent@marshallplc.com,corporate,,,,,MQL,14.1,Low,True,0.0,0.0,47.0,23.5,0,1,1.0,999,0,0,0,0,0,0.0,0.0,c5eb1fcaebfe4886,False,False,74.0,314.0,Manufacturing,282,94.0,2025-03-25,True,AUTOMATION_INFLATED|STALE_LEGACY_SCORE|NO_ENGAGEMENT|INCOMPLETE_PROFILE,4,False,False,False,False,,no recorded engagement | ⚠ engagement mostly automated emails | nan nan | high intent score (74) | flags: AUTOMATION_INFLATED|STALE_LEGACY_SCORE|NO_ENGAGEMENT|INCOMPLETE_PROFILE,,582
2b2e1858751b4bae,lead,Brian,Brown,karen24@hotmail.com,free_email,Fitness centre manager,End User,,,MQL,14.0,Low,True,0.0,0.0,52.0,18.2,0,3,1.0,999,0,0,0,0,0,0.0,0.0,a0f23a77452b4664,False,False,73.0,28.0,Healthcare,119,39.666666666666664,2025-04-26,True,FREE_EMAIL|AUTOMATION_INFLATED|NO_ENGAGEMENT,3,False,False,False,False,,no recorded engagement | ⚠ engagement mostly automated emails | nan End User | high intent score (73) | flags: FREE_EMAIL|AUTOMATION_INFLATED|NO_ENGAGEMENT,,583
f38eed6887ab4e13,lead,Sandra,Duran,sandra.duran@andersonhess.com,corporate,Psychotherapist,,,,New,14.0,Low,True,0.0,0.0,52.0,18.2,0,9,1.0,999,0,0,0,0,0,0.0,0.0,fd4c6872a5bd46e2,False,False,73.0,130.0,Financial Services,49,16.333333333333332,,False,AUTOMATION_INFLATED|NO_ENGAGEMENT|INCOMPLETE_PROFILE,3,False,False,False,False,,no recorded engagement | ⚠ engagement mostly automated emails | nan nan | high intent score (73) | flags: AUTOMATION_INFLATED|NO_ENGAGEMENT|INCOMPLETE_PROFILE,,584
d4cae00f142e4bd3,lead,Stephen,Maynard,stephen.maynard@lutzgroup.com,corporate,,,Manager,,New,13.9,Low,True,0.0,0.0,51.5,17.8,0,37,1.0,999,0,0,0,0,0,0.0,0.0,22870b34a8464cf1,False,False,31.0,1797.0,Government,43,14.333333333333334,,False,AUTOMATION_INFLATED|NO_ENGAGEMENT|INCOMPLETE_PROFILE,3,False,False,False,False,,no recorded engagement | ⚠ engagement mostly automated emails | Manager nan | flags: AUTOMATION_INFLATED|NO_ENGAGEMENT|INCOMPLETE_PROFILE,,585
26d0c5574daa45b8,lead,Erika,Hudson,erika.hudson@murray-campb.com,corporate,,End User,Director,,MQL,13.9,Low,True,0.0,0.0,47.5,22.2,0,2,1.0,999,0,0,0,0,0,0.0,0.0,0cb0103ae53c4325,False,False,29.0,46321.0,Manufacturing,290,96.66666666666667,2025-04-30,True,AUTOMATION_INFLATED|STALE_LEGACY_SCORE|NO_ENGAGEMENT,3,False,False,False,False,,no recorded engagement | ⚠ engagement mostly automated emails | Director End User | flags: AUTOMATION_INFLATED|STALE_LEGACY_SCORE|NO_ENGAGEMENT,,586
891d6a917184479e,lead,Christopher,Aguirre,christopher.aguirre@mckenzie-ter.com,corporate,Architect,End User,Individual Contributor,,Disqualified,13.9,Low,True,0.0,0.0,49.0,20.5,0,0,0.0,999,0,0,0,0,0,0.0,0.0,6325df2ef5104f7e,False,False,82.0,143.0,Legal,202,67.33333333333333,,False,STALE_LEGACY_SCORE|NO_ENGAGEMENT,2,False,False,False,False,,no recorded engagement | Individual Contributor End User | high intent score (82) | flags: STALE_LEGACY_SCORE|NO_ENGAGEMENT,,587
6bd5d8dce14d4bb6,lead,Jacqueline,Moody,jacqueline.moody@freemanllc.com,corporate,,Champion,Manager,,New,13.7,Low,True,0.0,0.0,51.5,17.2,0,0,0.0,999,0,0,0,0,0,0.0,0.0,cf56917738834ec9,False,False,69.0,126.0,Financial Services,258,86.0,,False,STALE_LEGACY_SCORE|NO_ENGAGEMENT,2,False,False,False,False,,no recorded engagement | Manager Champion | flags: STALE_LEGACY_SCORE|NO_ENGAGEMENT,,588
69fc5e21389f4327,contact,Steven,Wilson,info@jimenez.com,shared_mailbox,Sales executive,,,,Active,13.6,Low,True,0.0,0.0,50.0,18.0,0,0,0.0,999,0,0,0,0,0,0.0,0.0,fb1930ad7d2042b7,False,False,32.0,1587.0,Legal,99,49.5,,False,SHARED_MAILBOX|BROKEN_CONV_LINK|NO_ENGAGEMENT|INCOMPLETE_PROFILE,4,False,False,False,False,,no recorded engagement | nan nan | flags: SHARED_MAILBOX|BROKEN_CONV_LINK|NO_ENGAGEMENT|INCOMPLETE_PROFILE,,589
1e9aff1b2f864b14,contact,Brian,Smith,christopherbruce@mail.ru,free_email,Learning disability nurse,End User,,,Active,13.6,Low,True,0.0,0.0,45.0,23.0,0,3,1.0,999,0,0,0,0,0,0.0,0.0,3a672abbc554408c,False,False,92.0,10.0,Manufacturing,178,89.0,,False,NO_LONGER_WITH_COMPANY|FREE_EMAIL|AUTOMATION_INFLATED|BROKEN_CONV_LINK|STALE_LEGACY_SCORE|NO_ENGAGEMENT,6,False,False,True,False,,no recorded engagement | ⚠ engagement mostly automated emails | nan End User | high intent score (92) | flags: NO_LONGER_WITH_COMPANY|FREE_EMAIL|AUTOMATION_INFLATED|BROKEN_CONV_LINK|STALE_LEGACY_SCORE|NO_ENGAGEMENT,,590
b8777a30d59a4d35,contact,David,Boyer,marcus01@mail.ru,free_email,Sports development officer,,,,MQL,13.6,Low,True,0.0,0.0,50.0,18.0,0,2,1.0,999,0,0,0,0,0,0.0,0.0,93e420a20a19499e,False,False,72.0,4.0,Retail,79,39.5,2025-04-16,True,EMAIL_BOUNCED|FREE_EMAIL|AUTOMATION_INFLATED|NO_ENGAGEMENT|INCOMPLETE_PROFILE,5,False,True,False,False,,no recorded engagement | ⚠ engagement mostly automated emails | nan nan | high intent score (72) | flags: EMAIL_BOUNCED|FREE_EMAIL|AUTOMATION_INFLATED|NO_ENGAGEMENT|INCOMPLETE_PROFILE,,591
251fcd6ccd294bdd,lead,Elijah,Rivera,elijah.rivera@hudson-sanch.com,corporate,Statistician,,Manager,,New,13.5,Low,True,0.0,0.0,56.5,11.2,0,2,1.0,999,0,0,0,0,0,0.0,0.0,c6ac99ebfd304307,False,False,5.0,1474.0,Insurance,153,51.0,,False,AUTOMATION_INFLATED|STALE_LEGACY_SCORE|NO_ENGAGEMENT,3,False,False,False,False,,no recorded engagement | ⚠ engagement mostly automated emails | Manager nan | flags: AUTOMATION_INFLATED|STALE_LEGACY_SCORE|NO_ENGAGEMENT,,592
d66ddcc948a34b85,contact,Erika,Hudson,erika.hudson@murray-campb.com,corporate,,End User,Director,,Qualified,13.5,Low,True,0.0,0.0,45.5,22.2,0,43,1.0,999,0,0,0,0,0,0.0,0.0,0cb0103ae53c4325,False,False,29.0,46321.0,Manufacturing,7,3.5000000000000004,,False,AUTOMATION_INFLATED|BROKEN_CONV_LINK|NO_ENGAGEMENT,3,False,False,False,False,,no recorded engagement | ⚠ engagement mostly automated emails | Director End User | flags: AUTOMATION_INFLATED|BROKEN_CONV_LINK|NO_ENGAGEMENT,,593
1094092e87854f86,lead,David,Green,david.green@hineswhitean.com,corporate,Legal executive,,Individual Contributor,,Disqualified,13.4,Low,True,0.0,0.0,50.0,17.0,0,70,1.0,999,0,0,0,0,0,0.0,0.0,c008c318a3534a2e,False,False,28.0,4622.0,Energy,84,28.000000000000004,,False,AUTOMATION_INFLATED|NO_ENGAGEMENT,2,False,False,False,False,,no recorded engagement | ⚠ engagement mostly automated emails | Individual Contributor nan | flags: AUTOMATION_INFLATED|NO_ENGAGEMENT,,594
d710b08c351a4edb,lead,Tracy,Forbes,rhood@yahoo.com,free_email,"Administrator, education",,Individual Contributor,,Disqualified,13.4,Low,True,0.0,0.0,44.0,23.0,0,3,1.0,999,0,0,0,0,0,0.0,0.0,3a672abbc554408c,False,False,92.0,10.0,Manufacturing,11,3.6666666666666665,,False,EMAIL_BOUNCED|FREE_EMAIL|AUTOMATION_INFLATED|NO_ENGAGEMENT,4,False,True,False,False,,no recorded engagement | ⚠ engagement mostly automated emails | Individual Contributor nan | high intent score (92) | flags: EMAIL_BOUNCED|FREE_EMAIL|AUTOMATION_INFLATED|NO_ENGAGEMENT,,595
9fcac838703b4542,contact,Timothy,Young,bailey40@hotmail.com,free_email,Occupational hygienist,,,,Qualified,13.2,Low,True,0.0,0.0,50.0,16.2,0,0,0.0,999,0,0,0,0,0,0.0,0.0,b558bec84a8345e7,False,False,45.0,727.0,Retail,195,97.5,,False,FREE_EMAIL|BROKEN_CONV_LINK|STALE_LEGACY_SCORE|NO_ENGAGEMENT|INCOMPLETE_PROFILE,5,False,False,False,False,,no recorded engagement | nan nan | flags: FREE_EMAIL|BROKEN_CONV_LINK|STALE_LEGACY_SCORE|NO_ENGAGEMENT|INCOMPLETE_PROFILE,,596
f5accf75063f4ba7,contact,Sarah,Wells,pwallace@yahoo.com,free_email,Advertising art director,,Individual Contributor,,Attempted,13.2,Low,True,0.0,0.0,47.0,19.0,0,4,1.0,999,0,0,0,0,0,0.0,0.0,be8d4927317045e1,False,False,16.0,8346.0,Media,69,34.5,,False,FREE_EMAIL|AUTOMATION_INFLATED|NO_ENGAGEMENT,3,False,False,False,False,,no recorded engagement | ⚠ engagement mostly automated emails | Individual Contributor nan | flags: FREE_EMAIL|AUTOMATION_INFLATED|NO_ENGAGEMENT,,597
61196e5505bc43e2,lead,Curtis,Miller,curtis.miller@cole-peters.com,corporate,,,Individual Contributor,,Disqualified,13.0,Low,True,0.0,0.0,44.0,21.2,0,27,1.0,999,0,0,0,0,0,0.0,0.0,2264035d9d624a0a,False,False,85.0,193.0,Telecommunications,128,42.66666666666667,,False,AUTOMATION_INFLATED|BROKEN_CONV_LINK|NO_ENGAGEMENT|INCOMPLETE_PROFILE,4,False,False,False,False,,no recorded engagement | ⚠ engagement mostly automated emails | Individual Contributor nan | high intent score (85) | flags: AUTOMATION_INFLATED|BROKEN_CONV_LINK|NO_ENGAGEMENT|INCOMPLETE_PROFILE,,598
110311f8d0774e9b,contact,Sheila,Carpenter,sheila.carpenter@clarkmcgeean.com,corporate,Manufacturing engineer,End User,,,Attempted,13.0,Low,True,0.0,0.0,45.0,20.0,0,5,1.0,999,0,0,0,0,0,0.0,0.0,440751f90ac74a98,False,False,20.0,23618.0,Retail,52,26.0,,False,EMAIL_BOUNCED|AUTOMATION_INFLATED|NO_ENGAGEMENT,3,False,True,False,False,,no recorded engagement | ⚠ engagement mostly automated emails | nan End User | flags: EMAIL_BOUNCED|AUTOMATION_INFLATED|NO_ENGAGEMENT,,599
6cf8b2479ff44ec7,contact,Brandi,Holland,smithdean@gmail.com,free_email,,,Individual Contributor,,Active,13.0,Low,True,0.0,0.0,37.0,28.2,0,0,0.0,999,0,0,0,0,0,0.0,0.0,ed8d9c184c104dd2,False,False,53.0,6077.0,Retail,11,5.5,,False,FREE_EMAIL|NO_ENGAGEMENT|INCOMPLETE_PROFILE,3,False,False,False,False,,no recorded engagement | Individual Contributor nan | flags: FREE_EMAIL|NO_ENGAGEMENT|INCOMPLETE_PROFILE,,600
8bb33114045a4900,lead,Charles,Cummings,charles.cummings@newman-bryan.com,corporate,,Economic Buyer,,,New,12.9,Low,True,0.0,0.0,61.0,3.5,0,33,1.0,999,0,0,0,0,0,0.0,0.0,0ae9b66c84764902,False,False,14.0,40.0,Technology,74,24.666666666666668,,False,AUTOMATION_INFLATED|NO_ENGAGEMENT|INCOMPLETE_PROFILE,3,False,False,False,False,,no recorded engagement | ⚠ engagement mostly automated emails | nan Economic Buyer | flags: AUTOMATION_INFLATED|NO_ENGAGEMENT|INCOMPLETE_PROFILE,,601
c5d62def866849ff,lead,Michele,Gordon,info@serrano-jacobs.com,shared_mailbox,,,,,Recycled,12.9,Low,True,0.0,0.0,47.0,17.5,0,5,1.0,999,0,0,0,0,0,0.0,0.0,aabec9493a024b76,False,False,70.0,122.0,Healthcare,127,42.333333333333336,,False,SHARED_MAILBOX|AUTOMATION_INFLATED|NO_ENGAGEMENT|INCOMPLETE_PROFILE,4,False,False,False,False,,no recorded engagement | ⚠ engagement mostly automated emails | nan nan | high intent score (70) | flags: SHARED_MAILBOX|AUTOMATION_INFLATED|NO_ENGAGEMENT|INCOMPLETE_PROFILE,,602
d056af00993a411d,contact,Beverly,Green,beverly.green@vasquezmorga.com,corporate,Chartered public finance accountant,,Individual Contributor,,Qualified,12.9,Low,True,0.0,0.0,47.0,17.5,0,0,0.0,999,0,0,0,0,0,0.0,0.0,aabec9493a024b76,False,False,70.0,122.0,Healthcare,22,11.0,,False,EMAIL_BOUNCED|NO_ENGAGEMENT,2,False,True,False,False,,no recorded engagement | Individual Contributor nan | high intent score (70) | flags: EMAIL_BOUNCED|NO_ENGAGEMENT,,603
157ef23d4ced4dfe,lead,Kristin,Stephens,gilbertcaldwell@yahoo.com,free_email,"Teacher, secondary school",Champion,,,MQL,12.8,Low,True,0.0,0.0,62.0,2.2,0,4,1.0,999,0,0,0,0,0,0.0,0.0,5e8f0b6a8c314397,False,False,9.0,16.0,Insurance,234,78.0,2025-03-24,True,FREE_EMAIL|AUTOMATION_INFLATED|STALE_LEGACY_SCORE|NO_ENGAGEMENT,4,False,False,False,False,,no recorded engagement | ⚠ engagement mostly automated emails | nan Champion | flags: FREE_EMAIL|AUTOMATION_INFLATED|STALE_LEGACY_SCORE|NO_ENGAGEMENT,,604
ff6d7fc108cd459f,lead,Victoria,Townsend,victoria.townsend@guerreroltd.com,corporate,Diplomatic Services operational officer,,,,Attempted,12.8,Low,True,0.0,0.0,51.0,13.0,0,0,0.0,999,0,0,0,0,0,0.0,0.0,bf1e4608d7904f64,False,False,12.0,3174.0,Telecommunications,99,33.0,,False,EMAIL_BOUNCED|NO_ENGAGEMENT|INCOMPLETE_PROFILE,3,False,True,False,False,,no recorded engagement | nan nan | flags: EMAIL_BOUNCED|NO_ENGAGEMENT|INCOMPLETE_PROFILE,,605
db885c5783cd493b,lead,Shannon,Cook,michael84@gmail.com,free_email,,,Manager,,Disqualified,12.7,Low,True,0.0,0.0,41.5,22.2,0,0,0.0,999,0,0,0,0,0,0.0,0.0,0cb0103ae53c4325,False,False,29.0,46321.0,Manufacturing,162,54.0,,False,FREE_EMAIL|STALE_LEGACY_SCORE|NO_ENGAGEMENT|INCOMPLETE_PROFILE,4,False,False,False,False,,no recorded engagement | Manager nan | flags: FREE_EMAIL|STALE_LEGACY_SCORE|NO_ENGAGEMENT|INCOMPLETE_PROFILE,,606
2b614089583f41b3,lead,Donald,Love,donald.love@ortizkingand.com,corporate,Community arts worker,,Manager,,MQL,12.6,Low,True,0.0,0.0,59.5,3.5,0,54,1.0,999,0,0,0,0,0,0.0,0.0,0ae9b66c84764902,False,False,14.0,40.0,Technology,81,27.0,2025-03-09,True,AUTOMATION_INFLATED|NO_ENGAGEMENT,2,False,False,False,False,,no recorded engagement | ⚠ engagement mostly automated emails | Manager nan | flags: AUTOMATION_INFLATED|NO_ENGAGEMENT,,607
b24b394f690e4938,contact,Lisa,Silva,lisa.silva@petersondavi.com,corporate,Marketing executive,,Director,,Qualified,12.6,Low,True,0.0,0.0,60.5,2.5,0,24,1.0,999,0,0,0,0,0,0.0,0.0,40c2eda23c4f427f,False,False,10.0,181.0,Media,140,70.0,,False,AUTOMATION_INFLATED|STALE_LEGACY_SCORE|NO_ENGAGEMENT,3,False,False,False,False,,no recorded engagement | ⚠ engagement mostly automated emails | Director nan | flags: AUTOMATION_INFLATED|STALE_LEGACY_SCORE|NO_ENGAGEMENT,,608
c5a21d55b53943a9,lead,Antonio,Mcfarland,antonio.mcfarland@smith-clark.com,corporate,Cytogeneticist,,Individual Contributor,,MQL,12.5,Low,True,0.0,0.0,49.0,13.5,0,0,0.0,999,0,0,0,0,0,0.0,0.0,96e17aeb25534ae4,False,False,34.0,839.0,Insurance,70,23.333333333333332,2025-02-10,True,NO_ENGAGEMENT,1,False,False,False,False,,no recorded engagement | Individual Contributor nan | flags: NO_ENGAGEMENT,,609
d6f4957eb98348f6,lead,Darlene,Price,darlene.price@fox-miles.com,corporate,,End User,Director,,Recycled,12.5,Low,True,0.0,0.0,52.5,9.8,0,7,1.0,999,0,0,0,0,0,0.0,0.0,2eb67b7f7bd9401b,False,False,39.0,189.0,Media,184,61.33333333333333,,False,AUTOMATION_INFLATED|STALE_LEGACY_SCORE|NO_ENGAGEMENT,3,False,False,False,True,Bad Data,no recorded engagement | ⚠ engagement mostly automated emails | Director End User | flags: AUTOMATION_INFLATED|STALE_LEGACY_SCORE|NO_ENGAGEMENT,,610
57c7fcdd4ea34011,contact,Jessica,Perry,jessica.perry@harperthomas.com,corporate,"Scientist, water quality",End User,Individual Contributor,,MQL,12.5,Low,True,0.0,0.0,42.0,20.5,0,0,0.0,999,0,0,0,0,0,0.0,0.0,76d78294fdb1416d,False,False,62.0,421.0,Legal,122,61.0,2025-03-20,True,STALE_LEGACY_SCORE|NO_ENGAGEMENT,2,False,False,False,False,,no recorded engagement | Individual Contributor End User | flags: STALE_LEGACY_SCORE|NO_ENGAGEMENT,,611
3553797d8a2e48e1,contact,Samantha,Holt,samantha.holt@johnsonschmi.com,corporate,Software engineer,End User,,,MQL,12.4,Low,True,0.0,0.0,45.0,17.2,0,30,1.0,999,0,0,0,0,0,0.0,0.0,cf56917738834ec9,False,False,69.0,126.0,Financial Services,76,38.0,2025-02-09,True,AUTOMATION_INFLATED|BROKEN_CONV_LINK|NO_ENGAGEMENT,3,False,False,False,False,,no recorded engagement | ⚠ engagement mostly automated emails | nan End User | flags: AUTOMATION_INFLATED|BROKEN_CONV_LINK|NO_ENGAGEMENT,,612
cc42c08be60842f5,contact,Michelle,Ray,michelle.ray@guerreroltd.com,corporate,,End User,Manager,,Qualified,12.3,Low,True,0.0,0.0,39.5,22.2,0,16,1.0,999,0,0,0,0,0,0.0,0.0,0cb0103ae53c4325,False,False,29.0,46321.0,Manufacturing,5,2.5,,False,AUTOMATION_INFLATED|NO_ENGAGEMENT,2,False,False,False,False,,no recorded engagement | ⚠ engagement mostly automated emails | Manager End User | flags: AUTOMATION_INFLATED|NO_ENGAGEMENT,,613
f5e135b1bf6144f6,lead,Jeffrey,Wright,jeffrey.wright@floresmckenz.com,corporate,,End User,,,Disqualified,12.2,Low,True,0.0,0.0,32.0,29.2,0,0,0.0,999,0,0,0,0,0,0.0,0.0,fbd6e881517a44c4,False,False,97.0,395.0,Education,1,0.33333333333333337,,False,NO_LONGER_WITH_COMPANY|NO_ENGAGEMENT|INCOMPLETE_PROFILE,3,False,False,True,False,,no recorded engagement | nan End User | high intent score (97) | flags: NO_LONGER_WITH_COMPANY|NO_ENGAGEMENT|INCOMPLETE_PROFILE,,614
4129ec11788a481e,lead,Amber,Reynolds,joseph.thomas@hamiltongrou.com,corporate,,End User,Individual Contributor,,MQL,12.0,Low,True,0.0,0.0,35.0,25.0,0,1,1.0,999,0,0,0,0,0,0.0,0.0,52a06ee62d294ee8,False,False,80.0,457.0,Telecommunications,276,92.0,2024-12-15,True,AUTOMATION_INFLATED|STALE_LEGACY_SCORE|NO_ENGAGEMENT,3,False,False,False,False,,no recorded engagement | ⚠ engagement mostly automated emails | Individual Contributor End User | high intent score (80) | flags: AUTOMATION_INFLATED|STALE_LEGACY_SCORE|NO_ENGAGEMENT,,615
1762f2e5c1c04546,contact,Gerald,Torres,gerald.torres@olsenwalkera.com,corporate,,,Individual Contributor,,MQL,12.0,Low,True,0.0,0.0,37.0,23.0,0,1,1.0,999,0,0,0,0,0,0.0,0.0,3a672abbc554408c,False,False,92.0,10.0,Manufacturing,19,9.5,2025-03-03,True,AUTOMATION_INFLATED|NO_ENGAGEMENT|INCOMPLETE_PROFILE,3,False,False,False,False,,no recorded engagement | ⚠ engagement mostly automated emails | Individual Contributor nan | high intent score (92) | flags: AUTOMATION_INFLATED|NO_ENGAGEMENT|INCOMPLETE_PROFILE,,616
9ff77ac649f44253,contact,Michael,Lawrence,michael.lawrence@nunez-rodrig.com,corporate,Marine scientist,,,,MQL,12.0,Low,True,0.0,0.0,50.0,9.8,0,27,1.0,999,0,0,0,0,0,0.0,0.0,2eb67b7f7bd9401b,False,False,39.0,189.0,Media,159,79.5,2025-03-05,True,AUTOMATION_INFLATED|STALE_LEGACY_SCORE|NO_ENGAGEMENT|INCOMPLETE_PROFILE,4,False,False,False,False,,no recorded engagement | ⚠ engagement mostly automated emails | nan nan | flags: AUTOMATION_INFLATED|STALE_LEGACY_SCORE|NO_ENGAGEMENT|INCOMPLETE_PROFILE,,617
d951cfef84284585,lead,Kellie,Lamb,kellie.lamb@griffithinc.com,corporate,Paediatric nurse,End User,Individual Contributor,,MQL,11.8,Low,True,0.0,0.0,44.0,14.8,0,4,1.0,999,0,0,0,0,0,0.0,0.0,1114eee3178d4263,False,False,59.0,73.0,Education,103,34.333333333333336,2024-11-27,True,EMAIL_BOUNCED|AUTOMATION_INFLATED|NO_ENGAGEMENT,3,False,True,False,False,,no recorded engagement | ⚠ engagement mostly automated emails | Individual Contributor End User | flags: EMAIL_BOUNCED|AUTOMATION_INFLATED|NO_ENGAGEMENT,,618
a5c4dad7905549a3,lead,Samantha,Holt,samantha.holt@johnsonschmi.com,corporate,Software engineer,End User,,,New,11.8,Low,True,0.0,0.0,42.0,17.2,0,7,1.0,999,0,0,0,0,0,0.0,0.0,cf56917738834ec9,False,False,69.0,126.0,Financial Services,264,88.0,,False,AUTOMATION_INFLATED|STALE_LEGACY_SCORE|NO_ENGAGEMENT,3,False,False,False,False,,no recorded engagement | ⚠ engagement mostly automated emails | nan End User | flags: AUTOMATION_INFLATED|STALE_LEGACY_SCORE|NO_ENGAGEMENT,,619
79499a2aa7d94da8,contact,Matthew,French,matthew.french@hoover-campb.com,corporate,Hydrogeologist,,Individual Contributor,,MQL,11.8,Low,True,0.0,0.0,47.0,12.0,0,0,0.0,999,0,0,0,0,0,0.0,0.0,a5bc25cbe8de4f49,False,False,8.0,4879.0,Media,64,32.0,2024-11-19,True,BROKEN_CONV_LINK|NO_ENGAGEMENT,2,False,False,False,False,,no recorded engagement | Individual Contributor nan | flags: BROKEN_CONV_LINK|NO_ENGAGEMENT,,620
c0e9e8464e3e47a5,contact,Geoffrey,Ryan,geoffrey.ryan@murraygroup.com,corporate,Tax inspector,End User,Individual Contributor,,MQL,11.8,Low,True,0.0,0.0,42.0,17.2,0,4,1.0,999,0,0,0,0,0,0.0,0.0,e883696d459b4467,False,False,29.0,4053.0,Retail,148,74.0,2024-12-18,True,AUTOMATION_INFLATED|STALE_LEGACY_SCORE|NO_ENGAGEMENT,3,False,False,False,False,,no recorded engagement | ⚠ engagement mostly automated emails | Individual Contributor End User | flags: AUTOMATION_INFLATED|STALE_LEGACY_SCORE|NO_ENGAGEMENT,,621
cd3b118d0f58407d,contact,Curtis,Miller,curtis.miller@cole-peters.com,corporate,,,Individual Contributor,,Qualified,11.6,Low,True,0.0,0.0,37.0,21.2,0,0,0.0,999,0,0,0,0,0,0.0,0.0,2264035d9d624a0a,False,False,85.0,193.0,Telecommunications,13,6.5,,False,BROKEN_CONV_LINK|NO_ENGAGEMENT|INCOMPLETE_PROFILE,3,False,False,False,False,,no recorded engagement | Individual Contributor nan | high intent score (85) | flags: BROKEN_CONV_LINK|NO_ENGAGEMENT|INCOMPLETE_PROFILE,,622
597e1c1aa7e147e2,contact,Shirley,Wilkerson,shirley.wilkerson@smithinc.com,corporate,,,,,Active,11.6,Low,True,0.0,0.0,40.0,18.0,0,0,0.0,999,0,0,0,0,0,0.0,0.0,93e420a20a19499e,False,False,72.0,4.0,Retail,183,91.5,,False,STALE_LEGACY_SCORE|NO_ENGAGEMENT|INCOMPLETE_PROFILE,3,False,False,False,False,,no recorded engagement | nan nan | high intent score (72) | flags: STALE_LEGACY_SCORE|NO_ENGAGEMENT|INCOMPLETE_PROFILE,,623
3043b482604f46ac,lead,Christian,King,christian.king@blackllc.com,corporate,,,Manager,,Attempted,11.5,Low,True,0.0,0.0,47.5,9.8,0,1,1.0,999,0,0,0,0,0,0.0,0.0,2eb67b7f7bd9401b,False,False,39.0,189.0,Media,117,39.0,,False,AUTOMATION_INFLATED|NO_ENGAGEMENT|INCOMPLETE_PROFILE,3,False,False,False,False,,no recorded engagement | ⚠ engagement mostly automated emails | Manager nan | flags: AUTOMATION_INFLATED|NO_ENGAGEMENT|INCOMPLETE_PROFILE,,624
3f088fc71a2a4d01,contact,Hannah,Cisneros,hannah.cisneros@marquezparka.com,corporate,,,Individual Contributor,,MQL,11.5,Low,True,0.0,0.0,37.0,20.5,0,3,1.0,999,0,0,0,0,0,0.0,0.0,76d78294fdb1416d,False,False,62.0,421.0,Legal,168,84.0,2025-01-26,True,AUTOMATION_INFLATED|STALE_LEGACY_SCORE|NO_ENGAGEMENT|INCOMPLETE_PROFILE,4,False,False,False,False,,no recorded engagement | ⚠ engagement mostly automated emails | Individual Contributor nan | flags: AUTOMATION_INFLATED|STALE_LEGACY_SCORE|NO_ENGAGEMENT|INCOMPLETE_PROFILE,,625
c5248df4afff46a7,lead,Nicole,James,cruzamber@yahoo.com,free_email,,,Individual Contributor,,New,11.4,Low,True,0.0,0.0,40.0,16.8,0,2,1.0,999,0,0,0,0,0,0.0,0.0,442af661ffb94595,False,False,67.0,83.0,Telecommunications,85,28.333333333333332,,False,FREE_EMAIL|AUTOMATION_INFLATED|NO_ENGAGEMENT|INCOMPLETE_PROFILE,4,False,False,False,True,Bad Data,no recorded engagement | ⚠ engagement mostly automated emails | Individual Contributor nan | flags: FREE_EMAIL|AUTOMATION_INFLATED|NO_ENGAGEMENT|INCOMPLETE_PROFILE,,626
ad69e168d7d045f6,contact,Hannah,Taylor,hannah.taylor@preston-harp.com,corporate,"Lighting technician, broadcasting/film/video",,,,MQL,11.4,Low,True,0.0,0.0,50.0,7.2,0,4,1.0,999,0,0,0,0,0,0.0,0.0,aa807a1dd74748a3,False,False,9.0,852.0,Media,154,77.0,2025-02-20,True,AUTOMATION_INFLATED|STALE_LEGACY_SCORE|NO_ENGAGEMENT|INCOMPLETE_PROFILE,4,False,False,False,False,,no recorded engagement | ⚠ engagement mostly automated emails | nan nan | flags: AUTOMATION_INFLATED|STALE_LEGACY_SCORE|NO_ENGAGEMENT|INCOMPLETE_PROFILE,,627
6c5a6295fcf54c71,lead,Matthew,French,matthew.french@hoover-campb.com,corporate,Hydrogeologist,,Individual Contributor,,MQL,11.2,Low,True,0.0,0.0,44.0,12.0,0,1,1.0,999,0,0,0,0,0,0.0,0.0,a5bc25cbe8de4f49,False,False,8.0,4879.0,Media,147,49.0,2025-01-19,True,AUTOMATION_INFLATED|NO_ENGAGEMENT,2,False,False,False,False,,no recorded engagement | ⚠ engagement mostly automated emails | Individual Contributor nan | flags: AUTOMATION_INFLATED|NO_ENGAGEMENT,,628
f3ec71131f7c435f,lead,Gerald,Joyce,gerald.joyce@stokesandson.com,corporate,,End User,,,Disqualified,11.0,Low,True,0.0,0.0,37.0,17.8,0,2,1.0,999,0,0,0,0,0,0.0,0.0,4a3dce0bed0b45e5,False,False,71.0,49.0,Manufacturing,8,2.666666666666667,,False,AUTOMATION_INFLATED|NO_ENGAGEMENT|INCOMPLETE_PROFILE,3,False,False,False,True,Personal Email,no recorded engagement | ⚠ engagement mostly automated emails | nan End User | high intent score (71) | flags: AUTOMATION_INFLATED|NO_ENGAGEMENT|INCOMPLETE_PROFILE,,629
15625a93893e4af1,lead,Shannon,Jackson,shannon.jackson@martinezands.com,corporate,Food technologist,End User,Individual Contributor,,New,10.8,Low,True,0.0,0.0,45.0,9.2,0,24,1.0,999,0,0,0,0,0,0.0,0.0,8807040d699e4b2d,False,False,17.0,966.0,Legal,97,32.33333333333333,,False,AUTOMATION_INFLATED|NO_ENGAGEMENT,2,False,False,False,False,,no recorded engagement | ⚠ engagement mostly automated emails | Individual Contributor End User | flags: AUTOMATION_INFLATED|NO_ENGAGEMENT,,630
4ab7078284f94e9d,lead,Elaine,Wells,elaine.wells@petersllc.com,corporate,,End User,Individual Contributor,,New,10.7,Low,True,0.0,0.0,34.0,19.5,0,0,0.0,999,0,0,0,0,0,0.0,0.0,0fce65eaa1234650,False,False,18.0,6222.0,Energy,230,76.66666666666667,,False,STALE_LEGACY_SCORE|NO_ENGAGEMENT,2,False,False,False,False,,no recorded engagement | Individual Contributor End User | flags: STALE_LEGACY_SCORE|NO_ENGAGEMENT,,631
2c8dcd85a382453d,lead,Tracy,Chang,tracy.chang@alvarezjosep.com,corporate,,End User,,,New,10.6,Low,True,0.0,0.0,36.0,17.2,0,4,1.0,999,0,0,0,0,0,0.0,0.0,db92616f3a69429c,False,False,29.0,1281.0,Legal,212,70.66666666666667,,False,AUTOMATION_INFLATED|BROKEN_CONV_LINK|STALE_LEGACY_SCORE|NO_ENGAGEMENT|INCOMPLETE_PROFILE,5,False,False,False,False,,no recorded engagement | ⚠ engagement mostly automated emails | nan End User | flags: AUTOMATION_INFLATED|BROKEN_CONV_LINK|STALE_LEGACY_SCORE|NO_ENGAGEMENT|INCOMPLETE_PROFILE,,632
ba094cc19d8d4be5,lead,Desiree,Ruiz,desiree.ruiz@williamshayn.com,corporate,,End User,,,MQL,10.6,Low,True,0.0,0.0,32.0,20.8,0,3,1.0,999,0,0,0,0,0,0.0,0.0,a89c906141864d2f,False,False,63.0,698.0,Legal,130,43.333333333333336,2024-12-20,True,AUTOMATION_INFLATED|NO_ENGAGEMENT|INCOMPLETE_PROFILE,3,False,False,False,False,,no recorded engagement | ⚠ engagement mostly automated emails | nan End User | flags: AUTOMATION_INFLATED|NO_ENGAGEMENT|INCOMPLETE_PROFILE,,633
177c5cb6f0c745d3,contact,Alyssa,Mcintyre,alyssa.mcintyre@scottgroup.com,corporate,,End User,,,MQL,10.6,Low,True,0.0,0.0,35.0,18.2,0,67,1.0,999,0,0,0,0,0,0.0,0.0,7ebbcae9d3ed43de,False,False,13.0,7148.0,Legal,104,52.0,2024-12-10,True,AUTOMATION_INFLATED|BROKEN_CONV_LINK|STALE_LEGACY_SCORE|NO_ENGAGEMENT|INCOMPLETE_PROFILE,5,False,False,False,False,,no recorded engagement | ⚠ engagement mostly automated emails | nan End User | flags: AUTOMATION_INFLATED|BROKEN_CONV_LINK|STALE_LEGACY_SCORE|NO_ENGAGEMENT|INCOMPLETE_PROFILE,,634
c70d19fd2c444b9e,contact,Bradley,Turner,websterkimberly@yahoo.com,free_email,,,Individual Contributor,,MQL,10.6,Low,True,0.0,0.0,37.0,16.2,0,18,1.0,999,0,0,0,0,0,0.0,0.0,b558bec84a8345e7,False,False,45.0,727.0,Retail,45,22.5,2025-03-17,True,FREE_EMAIL|AUTOMATION_INFLATED|NO_ENGAGEMENT|INCOMPLETE_PROFILE,4,False,False,False,False,,no recorded engagement | ⚠ engagement mostly automated emails | Individual Contributor nan | flags: FREE_EMAIL|AUTOMATION_INFLATED|NO_ENGAGEMENT|INCOMPLETE_PROFILE,,635
e967fd0c91c74956,contact,Carl,Fisher,carl.fisher@lirojasandch.com,corporate,,End User,Manager,,Qualified,10.5,Low,True,0.0,0.0,39.5,13.2,0,36,1.0,999,0,0,0,0,0,0.0,0.0,77118cf174354566,False,False,33.0,308.0,Manufacturing,130,65.0,,False,AUTOMATION_INFLATED|STALE_LEGACY_SCORE|NO_ENGAGEMENT,3,False,False,False,False,,no recorded engagement | ⚠ engagement mostly automated emails | Manager End User | flags: AUTOMATION_INFLATED|STALE_LEGACY_SCORE|NO_ENGAGEMENT,,636
f8889a1f4783440c,contact,Tracy,Chang,tracy.chang@alvarezjosep.com,corporate,,End User,,,Qualified,10.4,Low,True,0.0,0.0,35.0,17.2,0,2,1.0,999,0,0,0,0,0,0.0,0.0,db92616f3a69429c,False,False,29.0,1281.0,Legal,146,73.0,,False,AUTOMATION_INFLATED|BROKEN_CONV_LINK|STALE_LEGACY_SCORE|NO_ENGAGEMENT|INCOMPLETE_PROFILE,5,False,False,False,False,,no recorded engagement | ⚠ engagement mostly automated emails | nan End User | flags: AUTOMATION_INFLATED|BROKEN_CONV_LINK|STALE_LEGACY_SCORE|NO_ENGAGEMENT|INCOMPLETE_PROFILE,,637
42ed327aa2dd4fb8,contact,Jessica,Turner,jessica.turner@wardnunezand.com,corporate,,,Individual Contributor,,MQL,10.0,Low,True,0.0,0.0,37.0,12.8,0,0,0.0,999,0,0,0,0,0,0.0,0.0,8d611d9d99c746e0,False,False,31.0,229.0,Energy,85,42.5,2025-02-24,True,NO_ENGAGEMENT|INCOMPLETE_PROFILE,2,False,False,False,False,,no recorded engagement | Individual Contributor nan | flags: NO_ENGAGEMENT|INCOMPLETE_PROFILE,,638
c3b40bb6ad9747ce,lead,Ashley,Morales,ashley.morales@figueroainc.com,corporate,"Chemist, analytical",End User,,,MQL,9.8,Low,True,0.0,0.0,42.0,7.2,0,1,1.0,999,0,0,0,0,0,0.0,0.0,aa807a1dd74748a3,False,False,9.0,852.0,Media,295,98.33333333333333,2025-02-07,True,AUTOMATION_INFLATED|STALE_LEGACY_SCORE|NO_ENGAGEMENT,3,False,False,False,False,,no recorded engagement | ⚠ engagement mostly automated emails | nan End User | flags: AUTOMATION_INFLATED|STALE_LEGACY_SCORE|NO_ENGAGEMENT,,639
5645c4a471e04cf7,lead,Ryan,Anderson,ryan.anderson@padillamason.com,corporate,,,,,New,9.8,Low,True,0.0,0.0,37.0,12.2,0,6,1.0,999,0,0,0,0,0,0.0,0.0,3dcfbd7cdace4ae3,False,False,49.0,153.0,Technology,51,17.0,,False,NO_LONGER_WITH_COMPANY|AUTOMATION_INFLATED|BROKEN_CONV_LINK|NO_ENGAGEMENT|INCOMPLETE_PROFILE,5,False,False,True,False,,no recorded engagement | ⚠ engagement mostly automated emails | nan nan | flags: NO_LONGER_WITH_COMPANY|AUTOMATION_INFLATED|BROKEN_CONV_LINK|NO_ENGAGEMENT|INCOMPLETE_PROFILE,,640
b0c940c7fc864c31,contact,Stephen,Bradley,george43@hotmail.com,free_email,Radio broadcast assistant,,Individual Contributor,,MQL,9.8,Low,True,0.0,0.0,47.0,2.2,0,8,1.0,999,0,0,0,0,0,0.0,0.0,5e8f0b6a8c314397,False,False,9.0,16.0,Insurance,42,21.0,2025-01-10,True,FREE_EMAIL|AUTOMATION_INFLATED|NO_ENGAGEMENT,3,False,False,False,False,,no recorded engagement | ⚠ engagement mostly automated emails | Individual Contributor nan | flags: FREE_EMAIL|AUTOMATION_INFLATED|NO_ENGAGEMENT,,641
e7bccc69551340fb,contact,Nathan,Fernandez,nathan.fernandez@fergusoninc.com,corporate,,,,,Qualified,9.2,Low,True,0.0,0.0,40.0,6.0,0,10,1.0,999,0,0,0,0,0,0.0,0.0,94b73736bf264df3,False,False,24.0,43.0,Education,72,36.0,,False,AUTOMATION_INFLATED|NO_ENGAGEMENT|INCOMPLETE_PROFILE,3,False,False,False,False,,no recorded engagement | ⚠ engagement mostly automated emails | nan nan | flags: AUTOMATION_INFLATED|NO_ENGAGEMENT|INCOMPLETE_PROFILE,,642
6ec95465f36f4189,contact,David,Massey,tramirez@outlook.com,free_email,,End User,,,Nurture,9.2,Low,True,0.0,0.0,35.0,11.2,0,15,1.0,999,0,0,0,0,0,0.0,0.0,c6ac99ebfd304307,False,False,5.0,1474.0,Insurance,64,32.0,,False,NO_LONGER_WITH_COMPANY|FREE_EMAIL|AUTOMATION_INFLATED|NO_ENGAGEMENT|INCOMPLETE_PROFILE,5,False,False,True,False,,no recorded engagement | ⚠ engagement mostly automated emails | nan End User | flags: NO_LONGER_WITH_COMPANY|FREE_EMAIL|AUTOMATION_INFLATED|NO_ENGAGEMENT|INCOMPLETE_PROFILE,,643
7dee647647784ead,contact,Daniel,Lee,daniel.lee@roblesllc.com,corporate,,,Individual Contributor,,Attempted,8.8,Low,True,0.0,0.0,37.0,7.2,0,11,1.0,999,0,0,0,0,0,0.0,0.0,aa807a1dd74748a3,False,False,9.0,852.0,Media,107,53.5,,False,AUTOMATION_INFLATED|STALE_LEGACY_SCORE|NO_ENGAGEMENT|INCOMPLETE_PROFILE,4,False,False,False,False,,no recorded engagement | ⚠ engagement mostly automated emails | Individual Contributor nan | flags: AUTOMATION_INFLATED|STALE_LEGACY_SCORE|NO_ENGAGEMENT|INCOMPLETE_PROFILE,,644
e912041a2dba4f56,lead,Mark,Davis,mark.davis@thompson-bla.com,corporate,,End User,,,Qualified,7.6,Low,True,0.0,0.0,36.0,1.8,0,73,1.0,999,0,0,0,0,0,0.0,0.0,afbfd1b9e0074d37,False,False,7.0,133.0,Telecommunications,205,68.33333333333333,,False,AUTOMATION_INFLATED|STALE_LEGACY_SCORE|NO_ENGAGEMENT|INCOMPLETE_PROFILE,4,False,False,False,True,Personal Email,no recorded engagement | ⚠ engagement mostly automated emails | nan End User | flags: AUTOMATION_INFLATED|STALE_LEGACY_SCORE|NO_ENGAGEMENT|INCOMPLETE_PROFILE,,645
c34be6121a1343be,lead,Justin,Mccormick,justin.mccormick@nelsonmarsha.com,corporate,,,Individual Contributor,,Qualified,7.3,Low,True,0.0,0.0,34.0,2.5,0,40,1.0,999,0,0,0,0,0,0.0,0.0,40c2eda23c4f427f,False,False,10.0,181.0,Media,72,24.0,,False,AUTOMATION_INFLATED|NO_ENGAGEMENT|INCOMPLETE_PROFILE,3,False,False,False,False,,no recorded engagement | ⚠ engagement mostly automated emails | Individual Contributor nan | flags: AUTOMATION_INFLATED|NO_ENGAGEMENT|INCOMPLETE_PROFILE,,646
2ed601eea0ed40b2,lead,Deanna,Miranda,deanna.miranda@hall-walker.com,corporate,Warehouse manager,Technical Buyer,Individual Contributor,,New,84.9,Excluded,False,99.9,100.0,69.0,55.5,8,13,0.385,10,2,3,4,1,0,0.888,0.25,99e324fd84e444ea,True,False,22.0,32508.0,Healthcare,0,0.0,,False,DO_NOT_CONTACT,1,False,False,False,True,Personal Email,engaged in last 30 days | attended 4 webinar(s) | attended 1 event(s) | Individual Contributor Technical Buyer | ICP-qualified account | flags: DO_NOT_CONTACT,,647
3f87ad12df6c4dd6,lead,Thomas,Archer,thomas.archer@smithinc.com,corporate,"Administrator, education",,Manager,,Recycled,83.4,Excluded,False,100.0,100.0,61.5,55.5,4,6,0.333,9,1,3,3,0,0,0.875,0.25,99e324fd84e444ea,True,False,22.0,32508.0,Healthcare,244,81.33333333333333,,False,DO_NOT_CONTACT,1,False,False,False,False,,engaged in last 30 days | attended 3 webinar(s) | Manager nan | ICP-qualified account | flags: DO_NOT_CONTACT,,648
db2cdc94a1804432,contact,Johnathan,Wilkerson,johnathan.wilkerson@greenellc.com,corporate,Landscape architect,Champion,,,Qualified,82.4,Excluded,False,100.0,97.0,60.0,55.5,2,2,0.0,2,1,1,1,0,0,0.9,0.5,99e324fd84e444ea,True,False,22.0,32508.0,Healthcare,112,56.00000000000001,,False,NO_LONGER_WITH_COMPANY|DO_NOT_CONTACT,2,False,False,True,False,,engaged in last 7 days | attended 1 webinar(s) | nan Champion | ICP-qualified account | flags: NO_LONGER_WITH_COMPANY|DO_NOT_CONTACT,,649
796cba3f3e7d4219,lead,Chris,Gibson,chris.gibson@brown-villar.com,corporate,Dietitian,,,,MQL,80.8,Excluded,False,100.0,99.4,55.0,49.5,14,39,0.641,1,7,8,2,2,0,0.654,0.5,d7711bcc713b410a,False,True,58.0,2360.0,Education,262,87.33333333333333,2024-12-14,True,DO_NOT_CONTACT|INCOMPLETE_PROFILE,2,False,False,False,False,,engaged in last 7 days | attended 2 webinar(s) | attended 2 event(s) | nan nan | named target account | flags: DO_NOT_CONTACT|INCOMPLETE_PROFILE,,650
e5cb45cd78f149c7,contact,Melissa,Mitchell,joshuawhitehead@yahoo.com,free_email,,Non-Prospect,C-Level,,MQL,80.6,Excluded,False,100.0,100.0,33.0,69.8,31,78,0.603,2,10,18,3,8,1,0.679,0.323,15f83994f0344e83,True,False,99.0,1815.0,Technology,32,16.0,2025-04-26,True,NON_PROSPECT|FREE_EMAIL|BROKEN_CONV_LINK,3,False,False,False,False,,engaged in last 7 days | attended 3 webinar(s) | attended 8 event(s) | ICP-qualified account | high intent score (99) | flags: NON_PROSPECT|FREE_EMAIL|BROKEN_CONV_LINK,,651
ec96bccefdc54ae6,contact,Crystal,Jones,crystal.jones@smithplc.com,corporate,"Programmer, applications",End User,Individual Contributor,,Active,79.5,Excluded,False,100.0,100.0,42.0,55.5,4,7,0.429,3,2,2,3,0,0,0.85,0.5,99e324fd84e444ea,True,False,22.0,32508.0,Healthcare,63,31.5,,False,NO_LONGER_WITH_COMPANY|DO_NOT_CONTACT|BROKEN_CONV_LINK,3,False,False,True,False,,engaged in last 7 days | attended 3 webinar(s) | Individual Contributor End User | ICP-qualified account | flags: NO_LONGER_WITH_COMPANY|DO_NOT_CONTACT|BROKEN_CONV_LINK,,652
1b83707d538e469a,contact,Nathan,Washington,nathan.washington@mccall-marti.com,corporate,Engineering geologist,Non-Prospect,C-Level,,Nurture,79.2,Excluded,False,100.0,100.0,43.0,53.2,8,13,0.385,2,1,4,3,1,0,0.825,0.125,f4ceb9ab147a4a93,True,False,33.0,2357.0,Healthcare,36,18.0,,False,OPT_OUT|NON_PROSPECT,2,True,False,False,False,,engaged in last 7 days | attended 3 webinar(s) | attended 1 event(s) | ICP-qualified account | flags: OPT_OUT|NON_PROSPECT,,653
fa53543c513044e8,lead,Crystal,Jones,crystal.jones@smithplc.com,corporate,"Programmer, applications",End User,Individual Contributor,,MQL,79.0,Excluded,False,100.0,94.0,47.0,55.5,4,13,0.692,9,1,3,1,1,0,0.8,0.25,99e324fd84e444ea,True,False,22.0,32508.0,Healthcare,201,67.0,2024-12-07,True,NO_LONGER_WITH_COMPANY|DO_NOT_CONTACT|BROKEN_CONV_LINK,3,False,False,True,False,,engaged in last 30 days | attended 1 webinar(s) | attended 1 event(s) | Individual Contributor End User | ICP-qualified account | flags: NO_LONGER_WITH_COMPANY|DO_NOT_CONTACT|BROKEN_CONV_LINK,,654
1ad4e0642be84661,contact,Emily,Blackwell,emily.blackwell@hahn-ramsey.com,corporate,Counselling psychologist,Non-Prospect,Manager,,Nurture,78.9,Excluded,False,100.0,100.0,29.5,65.0,10,25,0.6,4,4,7,2,2,1,0.685,0.4,475ce8a925de4fb3,False,True,100.0,5796.0,Legal,32,16.0,,False,OPT_OUT|NON_PROSPECT,2,True,False,False,False,,engaged in last 7 days | attended 2 webinar(s) | attended 2 event(s) | named target account | high intent score (100) | flags: OPT_OUT|NON_PROSPECT,,655
3470a16fd81b4222,lead,Melissa,Joseph,melissa.joseph@littleleonan.com,corporate,Community development worker,Technical Buyer,,,New,77.9,Excluded,False,100.0,100.0,66.0,23.5,28,70,0.6,2,11,12,9,3,1,0.741,0.393,c5eb1fcaebfe4886,False,False,74.0,314.0,Manufacturing,267,89.0,,False,COMPETITOR|BROKEN_CONV_LINK,2,False,False,False,True,Competitor,engaged in last 7 days | attended 9 webinar(s) | attended 3 event(s) | nan Technical Buyer | high intent score (74) | flags: COMPETITOR|BROKEN_CONV_LINK,,656
d34a3718faaa4250,lead,Heather,Salazar,heather.salazar@duncanltd.com,corporate,,Economic Buyer,Director,,MQL,77.5,Excluded,False,100.0,100.0,77.5,10.0,9,18,0.5,4,4,4,4,1,0,0.783,0.444,,,,,,,6,2.0,2025-04-04,True,EMAIL_BOUNCED|DO_NOT_CONTACT|INCOMPLETE_PROFILE,3,False,True,False,False,,engaged in last 7 days | attended 4 webinar(s) | attended 1 event(s) | Director Economic Buyer | named target account | ICP-qualified account | flags: EMAIL_BOUNCED|DO_NOT_CONTACT|INCOMPLETE_PROFILE,,657
453935be919b4838,lead,Mary,Dunn,allen.rivera@whitneyplc.com,corporate,Field seismologist,CISO,Individual Contributor,,Attempted,77.4,Excluded,False,100.0,100.0,77.0,10.0,26,73,0.644,8,9,13,6,2,1,0.708,0.346,,,,,,,40,13.333333333333334,,False,DO_NOT_CONTACT,1,False,False,False,False,,engaged in last 30 days | attended 6 webinar(s) | attended 2 event(s) | Individual Contributor CISO | named target account | ICP-qualified account | flags: DO_NOT_CONTACT,,658
42aae2078e404876,lead,Jennifer,Smith,jennifer.smith@riosinc.com,corporate,,Non-Prospect,Director,,MQL,77.1,Excluded,False,100.0,100.0,32.5,52.8,24,66,0.636,2,12,12,3,2,0,0.585,0.5,e2d578b8b4ae4c6f,True,False,51.0,229.0,Financial Services,141,47.0,2024-11-08,True,NON_PROSPECT,1,False,False,False,False,,engaged in last 7 days | attended 3 webinar(s) | attended 2 event(s) | ICP-qualified account | flags: NON_PROSPECT,,659
9d727367e2384267,lead,John,Terry,info@sutton-abbott.com,shared_mailbox,Chief Financial Officer,Champion,Manager,,MQL,76.3,Excluded,False,100.0,100.0,71.5,10.0,28,75,0.627,1,9,14,5,4,0,0.657,0.321,,,,,,,238,79.33333333333333,2025-03-18,True,DO_NOT_CONTACT|SHARED_MAILBOX|BROKEN_CONV_LINK,3,False,False,False,False,,engaged in last 7 days | attended 5 webinar(s) | attended 4 event(s) | Manager Champion | named target account | ICP-qualified account | flags: DO_NOT_CONTACT|SHARED_MAILBOX|BROKEN_CONV_LINK,,660
33443a178d0b4826,contact,Joanne,Williams,admin@pearson.com,shared_mailbox,Biomedical engineer,Economic Buyer,,,MQL,76.0,Excluded,False,100.0,100.0,70.0,10.0,30,70,0.571,1,7,13,3,4,2,0.668,0.233,,,,,,,114,56.99999999999999,2025-02-26,True,NO_LONGER_WITH_COMPANY|DO_NOT_CONTACT|SHARED_MAILBOX|BROKEN_CONV_LINK|INCOMPLETE_PROFILE,5,False,False,True,False,,engaged in last 7 days | attended 3 webinar(s) | attended 4 event(s) | nan Economic Buyer | named target account | ICP-qualified account | flags: NO_LONGER_WITH_COMPANY|DO_NOT_CONTACT|SHARED_MAILBOX|BROKEN_CONV_LINK|INCOMPLETE_PROFILE,,661
f4c775df362e4307,lead,Douglas,Lawson,douglas.lawson@johnson-jone.com,corporate,Medical technical officer,Champion,C-Level,,Disqualified,75.9,Excluded,False,100.0,87.5,85.0,10.0,4,10,0.6,1,3,4,0,0,2,0.775,0.75,,,,,,,291,97.0,,False,OPT_OUT|DO_NOT_CONTACT,2,True,False,False,False,,engaged in last 7 days | C-Level Champion | named target account | ICP-qualified account | flags: OPT_OUT|DO_NOT_CONTACT,,662
ab1102385c3a4b64,contact,Benjamin,Harris,benjamin.harris@blackwellllc.com,corporate,Insurance claims handler,Technical Buyer,Manager,,Active,75.9,Excluded,False,100.0,100.0,69.5,10.0,11,24,0.542,2,4,7,2,3,0,0.718,0.364,,,,,,,20,10.0,,False,DO_NOT_CONTACT|BROKEN_CONV_LINK,2,False,False,False,False,,engaged in last 7 days | attended 2 webinar(s) | attended 3 event(s) | Manager Technical Buyer | named target account | ICP-qualified account | flags: DO_NOT_CONTACT|BROKEN_CONV_LINK,,663
1e80bec084c44b21,lead,Philip,Thomas,philip.thomas@adamsperryan.com,corporate,Chief Financial Officer,Technical Buyer,,,MQL,75.2,Excluded,False,100.0,100.0,67.0,9.2,1,1,0.0,3,1,1,1,0,0,1.0,1.0,f1110ce1cbd6490e,False,False,37.0,51.0,Media,251,83.66666666666667,2024-11-02,True,NO_LONGER_WITH_COMPANY|DO_NOT_CONTACT,2,False,False,True,False,,engaged in last 7 days | attended 1 webinar(s) | nan Technical Buyer | flags: NO_LONGER_WITH_COMPANY|DO_NOT_CONTACT,,664
62684f587b09408d,lead,Donna,Parker,donna.parker@robbinsjacks.com,corporate,Product manager,,Manager,,MQL,75.1,Excluded,False,100.0,100.0,59.5,16.2,16,44,0.636,2,6,8,2,2,1,0.625,0.375,8ad0d1c6bd6144a3,False,False,5.0,13330.0,Government,183,61.0,2025-03-05,True,DO_NOT_CONTACT,1,False,False,False,False,,engaged in last 7 days | attended 2 webinar(s) | attended 2 event(s) | Manager nan | flags: DO_NOT_CONTACT,,665
82d044f2be824dba,lead,Michael,Lopez,michael.lopez@smithjimenez.com,corporate,Retail banker,Non-Prospect,C-Level,,Disqualified,75.0,Excluded,False,100.0,100.0,44.0,31.2,25,70,0.643,4,10,13,6,3,0,0.644,0.4,0000024fcc2d43e2,False,False,85.0,3882.0,Legal,169,56.333333333333336,,False,EMAIL_BOUNCED|NON_PROSPECT,2,False,True,False,False,,engaged in last 7 days | attended 6 webinar(s) | attended 3 event(s) | high intent score (85) | flags: EMAIL_BOUNCED|NON_PROSPECT,,666
36d0fc368d7e438f,contact,Lauren,Gonzalez,lauren.gonzalez@richardson-l.com,corporate,Multimedia programmer,End User,Director,,Active,75.0,Excluded,False,92.9,73.6,55.5,65.0,8,14,0.429,18,2,3,1,0,0,0.606,0.25,475ce8a925de4fb3,False,True,100.0,5796.0,Legal,34,17.0,,False,OPT_OUT,1,True,False,False,False,,engaged in last 30 days | attended 1 webinar(s) | Director End User | named target account | high intent score (100) | flags: OPT_OUT,,667
cc0ed4e8b8614068,lead,Danielle,Sullivan,danielle.sullivan@robertson-mi.com,corporate,,Technical Buyer,Manager,,New,74.5,Excluded,False,100.0,100.0,62.5,10.0,6,18,0.667,3,1,2,2,0,2,0.833,0.167,,,,,,,265,88.33333333333333,,False,DO_NOT_CONTACT|INCOMPLETE_PROFILE,2,False,False,False,True,No Longer With Company,engaged in last 7 days | attended 2 webinar(s) | Manager Technical Buyer | named target account | ICP-qualified account | flags: DO_NOT_CONTACT|INCOMPLETE_PROFILE,,668
e2e963fa03cc48ee,lead,Amy,Levine,amy.levine@brown-hill.com,corporate,Community education officer,Non-Prospect,Manager,,MQL,74.4,Excluded,False,89.0,100.0,26.5,64.8,8,16,0.5,21,1,1,2,3,0,0.8,0.125,24bf1154090d41c1,True,False,79.0,1348.0,Technology,192,64.0,2025-02-20,True,NON_PROSPECT,1,False,False,False,False,,engaged in last 30 days | attended 2 webinar(s) | attended 3 event(s) | ICP-qualified account | high intent score (79) | flags: NON_PROSPECT,,669
0e8702580dca4af6,contact,Susan,Whitaker,susan.whitaker@delgadowarda.com,corporate,"Designer, television/film set",Non-Prospect,,,MQL,74.4,Excluded,False,100.0,100.0,25.0,46.8,20,61,0.672,2,5,9,0,3,2,0.645,0.25,b2b8bf0559484bc7,False,True,47.0,2672.0,Retail,192,96.0,2025-01-10,True,NON_PROSPECT,1,False,False,False,False,,engaged in last 7 days | attended 3 event(s) | named target account | flags: NON_PROSPECT,,670
675f61e3a11f481a,lead,Sara,King,sara.king@west-sanders.com,corporate,Animal nutritionist,CISO,VP,,New,74.2,Excluded,False,90.9,81.0,95.0,15.5,1,1,0.0,29,1,1,0,0,0,0.8,1.0,b178b28f9f5743da,False,False,62.0,33.0,Financial Services,289,96.33333333333334,,False,OPT_OUT,1,True,False,False,True,No Longer With Company,engaged in last 30 days | VP CISO | flags: OPT_OUT,,671
6fe23dfce33f42b0,contact,Brenda,Li,brenda.li@murphyandson.com,corporate,"Therapist, occupational",Champion,,,MQL,74.1,Excluded,False,98.9,97.0,60.0,16.2,2,4,0.5,14,1,1,1,0,0,0.9,0.5,8ad0d1c6bd6144a3,False,False,5.0,13330.0,Government,141,70.5,2024-11-22,True,OPT_OUT|DO_NOT_CONTACT|BROKEN_CONV_LINK,3,True,False,False,False,,engaged in last 30 days | attended 1 webinar(s) | nan Champion | flags: OPT_OUT|DO_NOT_CONTACT|BROKEN_CONV_LINK,,672
82880347c9ee4ea9,contact,Kristy,Johnson,kristy.johnson@armstrongmcd.com,corporate,"Conservation officer, nature",End User,,,MQL,74.1,Excluded,False,100.0,81.0,45.0,49.2,1,3,0.667,3,1,1,0,0,0,0.8,1.0,ec63ce56423e406c,True,False,17.0,3312.0,Healthcare,5,2.5,2025-04-22,True,OPT_OUT|EMAIL_BOUNCED|BROKEN_CONV_LINK,3,True,True,False,False,,engaged in last 7 days | nan End User | ICP-qualified account | flags: OPT_OUT|EMAIL_BOUNCED|BROKEN_CONV_LINK,,673
6e60a28dfac04af9,lead,Robert,Williams,admin@pena-smith.net,shared_mailbox,Technical author,CISO,Individual Contributor,,New,73.5,Excluded,False,100.0,79.7,75.0,18.0,3,3,0.0,9,1,2,1,0,0,0.717,0.333,fb1930ad7d2042b7,False,False,32.0,1587.0,Legal,260,86.66666666666667,,False,OPT_OUT|SHARED_MAILBOX,2,True,False,False,False,,engaged in last 30 days | attended 1 webinar(s) | Individual Contributor CISO | flags: OPT_OUT|SHARED_MAILBOX,,674
126527d5f4944db1,lead,Laura,Allen,laura.allen@rodriguez-po.com,corporate,"Therapist, music",,Director,,Disqualified,73.4,Excluded,False,100.0,92.4,67.5,9.2,11,26,0.577,2,3,5,3,0,0,0.664,0.273,f1110ce1cbd6490e,False,False,37.0,51.0,Media,70,23.333333333333332,,False,EMAIL_BOUNCED|DO_NOT_CONTACT,2,False,True,False,False,,engaged in last 7 days | attended 3 webinar(s) | Director nan | flags: EMAIL_BOUNCED|DO_NOT_CONTACT,,675
30a21ea6c80449df,lead,Brandon,Nichols,brandon.nichols@comptonllc.com,corporate,Geophysical data processor,Champion,Director,,New,73.4,Excluded,False,93.9,92.0,77.5,10.0,7,21,0.667,19,3,3,1,2,0,0.7,0.429,,,,,,,139,46.33333333333333,,False,DO_NOT_CONTACT,1,False,False,False,False,,engaged in last 30 days | attended 1 webinar(s) | attended 2 event(s) | Director Champion | named target account | ICP-qualified account | flags: DO_NOT_CONTACT,,676
f80f40ebf6124756,contact,Sarah,Durham,sarah.durham@freemansmith.com,corporate,"Administrator, charities/voluntary organisations",Non-Prospect,Manager,,MQL,73.1,Excluded,False,100.0,100.0,29.5,36.0,3,3,0.0,18,3,3,1,2,0,1.0,1.0,4883fd135cf34e68,False,False,84.0,40167.0,Manufacturing,0,0.0,2025-02-11,True,NON_PROSPECT|BROKEN_CONV_LINK,2,False,False,False,False,,engaged in last 30 days | attended 1 webinar(s) | attended 2 event(s) | high intent score (84) | flags: NON_PROSPECT|BROKEN_CONV_LINK,,677
4711ab279fd6463a,lead,Dennis,Mathis,dennis.mathis@joseph-brook.com,corporate,Naval architect,Champion,Individual Contributor,,Disqualified,72.8,Excluded,False,100.0,100.0,54.0,10.0,20,52,0.615,2,8,10,4,4,0,0.68,0.4,,,,,,,12,4.0,,False,OPT_OUT|DO_NOT_CONTACT,2,True,False,False,False,,engaged in last 7 days | attended 4 webinar(s) | attended 4 event(s) | Individual Contributor Champion | named target account | ICP-qualified account | flags: OPT_OUT|DO_NOT_CONTACT,,678
5a1615fde9974006,lead,Tammy,Walker,zunigadonald@yahoo.com,free_email,Careers adviser,,Individual Contributor,,MQL,72.7,Excluded,False,100.0,100.0,50.0,13.5,1,1,0.0,7,1,1,1,0,0,1.0,1.0,96e17aeb25534ae4,False,False,34.0,839.0,Insurance,66,22.0,2024-12-04,True,OPT_OUT|FREE_EMAIL,2,True,False,False,False,,engaged in last 7 days | attended 1 webinar(s) | Individual Contributor nan | flags: OPT_OUT|FREE_EMAIL,,679
29bee5a450604c1c,contact,Dorothy,Ryan,dorothy.ryan@daltonwilson.com,corporate,,Champion,,,Nurture,72.3,Excluded,False,100.0,82.9,50.0,32.8,9,20,0.55,3,2,3,2,0,0,0.639,0.222,a90c8d2ed11948be,False,True,31.0,89.0,Retail,71,35.5,,False,OPT_OUT|EMAIL_BOUNCED|BROKEN_CONV_LINK|INCOMPLETE_PROFILE,4,True,True,False,False,,engaged in last 7 days | attended 2 webinar(s) | nan Champion | named target account | flags: OPT_OUT|EMAIL_BOUNCED|BROKEN_CONV_LINK|INCOMPLETE_PROFILE,,680
388d7b57191c4a73,contact,Justin,Hays,justin.hays@warrensmalla.com,corporate,,,VP,,Attempted,72.2,Excluded,False,100.0,96.8,55.0,10.0,8,10,0.2,12,4,4,1,2,0,0.738,0.5,,,,,,,162,81.0,,False,OPT_OUT|DO_NOT_CONTACT|BROKEN_CONV_LINK|INCOMPLETE_PROFILE,4,True,False,False,False,,engaged in last 30 days | attended 1 webinar(s) | attended 2 event(s) | VP nan | named target account | ICP-qualified account | flags: OPT_OUT|DO_NOT_CONTACT|BROKEN_CONV_LINK|INCOMPLETE_PROFILE,,681
ea04a1a8b3684cb1,contact,Laurie,Acosta,laurie.acosta@jordanandson.com,corporate,Sports administrator,,,,Qualified,72.0,Excluded,False,100.0,100.0,50.0,10.0,11,30,0.633,10,5,7,4,1,0,0.745,0.455,,,,,,,154,77.0,,False,NO_LONGER_WITH_COMPANY|DO_NOT_CONTACT|BROKEN_CONV_LINK|INCOMPLETE_PROFILE,4,False,False,True,False,,engaged in last 30 days | attended 4 webinar(s) | attended 1 event(s) | nan nan | named target account | ICP-qualified account | flags: NO_LONGER_WITH_COMPANY|DO_NOT_CONTACT|BROKEN_CONV_LINK|INCOMPLETE_PROFILE,,682
d660cf4b83dd42fd,lead,Melissa,Mitchell,joshuawhitehead@yahoo.com,free_email,,Non-Prospect,C-Level,,New,71.8,Excluded,False,92.9,74.0,34.0,69.8,4,6,0.333,18,1,3,1,0,0,0.65,0.25,15f83994f0344e83,True,False,99.0,1815.0,Technology,115,38.333333333333336,,False,NON_PROSPECT|FREE_EMAIL,2,False,False,False,False,,engaged in last 30 days | attended 1 webinar(s) | ICP-qualified account | high intent score (99) | flags: NON_PROSPECT|FREE_EMAIL,,683
ed1d7960218148a8,lead,Sheryl,Le,sheryl.le@wheeler-gonz.com,corporate,,Champion,,,Disqualified,71.7,Excluded,False,100.0,96.5,53.0,10.0,4,13,0.692,6,1,2,2,0,0,0.825,0.25,,,,,,,33,11.0,,False,DO_NOT_CONTACT|INCOMPLETE_PROFILE,2,False,False,False,False,,engaged in last 7 days | attended 2 webinar(s) | nan Champion | named target account | ICP-qualified account | flags: DO_NOT_CONTACT|INCOMPLETE_PROFILE,,684
01ed7f69544f494b,lead,Eddie,Dawson,eddie.dawson@foster-willi.com,corporate,Hydrographic surveyor,Non-Prospect,,,MQL,71.7,Excluded,False,100.0,82.0,32.0,49.0,5,8,0.375,8,2,3,0,1,0,0.72,0.4,0d7fcc161fd14d73,True,False,36.0,769.0,Technology,297,99.0,2025-01-12,True,NON_PROSPECT,1,False,False,False,False,,engaged in last 30 days | attended 1 event(s) | ICP-qualified account | flags: NON_PROSPECT,,685
2a96cec2b3d44c1b,lead,Gary,Huber,simsjason@hotmail.com,free_email,"Engineer, production",,Individual Contributor,,MQL,71.6,Excluded,False,100.0,100.0,48.0,10.0,23,48,0.521,2,7,11,1,3,1,0.661,0.304,,,,,,,205,68.33333333333333,2025-01-29,True,NO_LONGER_WITH_COMPANY|DO_NOT_CONTACT|FREE_EMAIL|INCOMPLETE_PROFILE,4,False,False,True,False,,engaged in last 7 days | attended 1 webinar(s) | attended 3 event(s) | Individual Contributor nan | named target account | ICP-qualified account | flags: NO_LONGER_WITH_COMPANY|DO_NOT_CONTACT|FREE_EMAIL|INCOMPLETE_PROFILE,,686
7f022ae014ac41a4,lead,Sean,Washington,sean.washington@arnold-danie.com,corporate,,,,,Recycled,71.4,Excluded,False,100.0,100.0,47.0,10.0,1,3,0.667,14,1,1,1,0,0,1.0,1.0,,,,,,,241,80.33333333333333,,False,EMAIL_BOUNCED|DO_NOT_CONTACT|INCOMPLETE_PROFILE,3,False,True,False,True,Personal Email,engaged in last 30 days | attended 1 webinar(s) | nan nan | named target account | ICP-qualified account | flags: EMAIL_BOUNCED|DO_NOT_CONTACT|INCOMPLETE_PROFILE,,687
4e935005810e4f74,lead,Brad,Clark,paul70@gmail.com,free_email,Archaeologist,CISO,Director,,New,71.2,Excluded,False,100.0,66.0,88.5,10.0,6,14,0.571,2,1,1,0,0,0,0.6,0.167,,,,,,,144,48.0,,False,OPT_OUT|DO_NOT_CONTACT|FREE_EMAIL,3,True,False,False,False,,engaged in last 7 days | Director CISO | named target account | ICP-qualified account | flags: OPT_OUT|DO_NOT_CONTACT|FREE_EMAIL,,688
937c92ae3a02407f,lead,Kim,Anderson,timothygonzalez@hotmail.com,free_email,Nutritional therapist,End User,,,Attempted,71.2,Excluded,False,100.0,100.0,46.0,10.0,25,79,0.684,1,10,19,3,3,2,0.67,0.4,,,,,,,65,21.666666666666668,,False,DO_NOT_CONTACT|FREE_EMAIL|INCOMPLETE_PROFILE,3,False,False,False,False,,engaged in last 7 days | attended 3 webinar(s) | attended 3 event(s) | nan End User | named target account | ICP-qualified account | flags: DO_NOT_CONTACT|FREE_EMAIL|INCOMPLETE_PROFILE,,689
d16d1ef257264313,lead,Zachary,Mccoy,zachary.mccoy@leegroup.com,corporate,Occupational therapist,Non-Prospect,,,New,71.2,Excluded,False,100.0,100.0,32.0,23.8,15,46,0.674,8,8,10,4,4,0,0.787,0.533,61c8be67926f4313,False,False,35.0,21482.0,Legal,61,20.333333333333332,,False,NON_PROSPECT,1,False,False,False,False,,engaged in last 30 days | attended 4 webinar(s) | attended 4 event(s) | flags: NON_PROSPECT,,690
362be34b78ce4a56,contact,Eric,Ortiz,ocarter@gmx.de,free_email,Homeopath,Technical Buyer,,,MQL,71.2,Excluded,False,98.1,87.3,65.0,10.0,9,14,0.357,13,3,6,0,2,0,0.683,0.333,,,,,,,196,98.0,2024-11-12,True,OPT_OUT|NO_LONGER_WITH_COMPANY|DO_NOT_CONTACT|FREE_EMAIL|BROKEN_CONV_LINK|INCOMPLETE_PROFILE,6,True,False,True,False,,engaged in last 30 days | attended 2 event(s) | nan Technical Buyer | named target account | ICP-qualified account | flags: OPT_OUT|NO_LONGER_WITH_COMPANY|DO_NOT_CONTACT|FREE_EMAIL|BROKEN_CONV_LINK|INCOMPLETE_PROFILE,,691
e01817b04c824071,contact,Mark,Williams,unguyen@outlook.com,free_email,"Teacher, adult education",Non-Prospect,,,Nurture,71.2,Excluded,False,100.0,100.0,25.0,31.2,14,30,0.533,1,3,6,6,0,1,0.754,0.214,0000024fcc2d43e2,False,False,85.0,3882.0,Legal,112,56.00000000000001,,False,NON_PROSPECT|FREE_EMAIL,2,False,False,False,False,,engaged in last 7 days | attended 6 webinar(s) | high intent score (85) | flags: NON_PROSPECT|FREE_EMAIL,,692
9362741bdc2e4422,lead,Joseph,Rios,joseph.rios@lanegriffith.com,corporate,"Doctor, hospital",End User,,,Disqualified,71.0,Excluded,False,100.0,89.0,52.0,16.8,4,11,0.636,1,2,2,2,0,0,0.75,0.5,442af661ffb94595,False,False,67.0,83.0,Telecommunications,201,67.0,,False,OPT_OUT|EMAIL_BOUNCED|BROKEN_CONV_LINK,3,True,True,False,False,,engaged in last 7 days | attended 2 webinar(s) | nan End User | flags: OPT_OUT|EMAIL_BOUNCED|BROKEN_CONV_LINK,,693
1850845827d84c27,lead,Eric,Ortiz,ocarter@gmx.de,free_email,Homeopath,Technical Buyer,,,Attempted,70.8,Excluded,False,96.2,86.0,68.0,10.0,5,9,0.444,16,2,3,0,2,0,0.71,0.4,,,,,,,163,54.333333333333336,,False,OPT_OUT|DO_NOT_CONTACT|FREE_EMAIL|INCOMPLETE_PROFILE,4,True,False,False,False,,engaged in last 30 days | attended 2 event(s) | nan Technical Buyer | named target account | ICP-qualified account | flags: OPT_OUT|DO_NOT_CONTACT|FREE_EMAIL|INCOMPLETE_PROFILE,,694
762fb05063cc45ed,lead,Gary,Werner,keith48@hotmail.com,free_email,,Champion,Manager,,Disqualified,70.8,Excluded,False,100.0,94.0,51.5,10.0,4,8,0.5,3,2,2,1,1,0,0.8,0.5,,,,,,,165,55.00000000000001,,False,DO_NOT_CONTACT|FREE_EMAIL|INCOMPLETE_PROFILE,3,False,False,False,False,,engaged in last 7 days | attended 1 webinar(s) | attended 1 event(s) | Manager Champion | named target account | ICP-qualified account | flags: DO_NOT_CONTACT|FREE_EMAIL|INCOMPLETE_PROFILE,,695
52a436061818419c,lead,Danielle,Maddox,danielle.maddox@buchananands.com,corporate,Comptroller,Non-Prospect,Manager,,New,70.7,Excluded,False,100.0,100.0,36.5,17.0,5,14,0.643,6,2,4,2,0,1,0.84,0.4,f4723066914942c3,False,False,8.0,9898.0,Legal,157,52.33333333333333,,False,EMAIL_BOUNCED|NO_LONGER_WITH_COMPANY|NON_PROSPECT,3,False,True,True,False,,engaged in last 7 days | attended 2 webinar(s) | flags: EMAIL_BOUNCED|NO_LONGER_WITH_COMPANY|NON_PROSPECT,,696
1f5db0209e284ae3,contact,Ashlee,Sparks,ashlee.sparks@thompsonplc.com,corporate,Museum/gallery exhibitions officer,Non-Prospect,Manager,,Nurture,70.6,Excluded,False,98.6,100.0,29.5,25.8,14,29,0.517,11,3,4,6,2,0,0.768,0.214,41aad464896e418d,False,False,43.0,10804.0,Education,40,20.0,,False,OPT_OUT|NON_PROSPECT|BROKEN_CONV_LINK,3,True,False,False,False,,engaged in last 30 days | attended 6 webinar(s) | attended 2 event(s) | flags: OPT_OUT|NON_PROSPECT|BROKEN_CONV_LINK,,697
f43bb222be224bed,lead,Benjamin,Harris,rhood@yahoo.com,free_email,Insurance claims handler,Technical Buyer,Manager,,New,70.4,Excluded,False,85.9,96.8,70.5,10.0,6,16,0.625,27,2,3,2,1,0,0.758,0.333,,,,,,,132,44.0,,False,DO_NOT_CONTACT|FREE_EMAIL|BROKEN_CONV_LINK,3,False,False,False,False,,engaged in last 30 days | attended 2 webinar(s) | attended 1 event(s) | Manager Technical Buyer | named target account | ICP-qualified account | flags: DO_NOT_CONTACT|FREE_EMAIL|BROKEN_CONV_LINK,,698
cdff25b367bf49fa,lead,Eduardo,Lee,eduardo.lee@kinggomezand.com,corporate,,End User,Manager,,New,70.4,Excluded,False,100.0,98.0,44.5,10.0,5,13,0.615,7,2,3,1,2,0,0.78,0.4,,,,,,,56,18.666666666666668,,False,NO_LONGER_WITH_COMPANY|DO_NOT_CONTACT|BROKEN_CONV_LINK|INCOMPLETE_PROFILE,4,False,False,True,True,Personal Email,engaged in last 7 days | attended 1 webinar(s) | attended 2 event(s) | Manager End User | named target account | ICP-qualified account | flags: NO_LONGER_WITH_COMPANY|DO_NOT_CONTACT|BROKEN_CONV_LINK|INCOMPLETE_PROFILE,,699
223760ef07ad450b,lead,Megan,Gutierrez,spam_cluster@example.com,corporate,Sports administrator,,Director,,Attempted,70.4,Excluded,False,100.0,81.0,65.5,10.0,1,2,0.5,3,1,1,0,0,0,0.8,1.0,,,,,,,124,41.333333333333336,,False,DO_NOT_CONTACT|INCOMPLETE_PROFILE,2,False,False,False,False,,engaged in last 7 days | Director nan | named target account | ICP-qualified account | flags: DO_NOT_CONTACT|INCOMPLETE_PROFILE,,700
9bd382b35513489c,lead,Vanessa,Ramsey,brian63@yahoo.com,free_email,Call centre manager,Technical Buyer,Individual Contributor,,MQL,70.3,Excluded,False,100.0,82.0,64.0,10.0,2,5,0.6,8,2,2,1,0,0,0.75,1.0,,,,,,,118,39.33333333333333,2024-11-25,True,DO_NOT_CONTACT|FREE_EMAIL,2,False,False,False,False,,engaged in last 30 days | attended 1 webinar(s) | Individual Contributor Technical Buyer | named target account | ICP-qualified account | flags: DO_NOT_CONTACT|FREE_EMAIL,,701
92c6064562734764,lead,Brett,Garrett,brett.garrett@lyonsyoungan.com,corporate,,,,,MQL,70.2,Excluded,False,100.0,100.0,41.0,10.0,19,34,0.441,6,4,6,4,3,1,0.782,0.211,,,,,,,80,26.666666666666668,2025-04-05,True,DO_NOT_CONTACT|INCOMPLETE_PROFILE,2,False,False,False,False,,engaged in last 7 days | attended 4 webinar(s) | attended 3 event(s) | nan nan | named target account | ICP-qualified account | flags: DO_NOT_CONTACT|INCOMPLETE_PROFILE,,702
8c46ec1eba674e24,lead,Natasha,Zamora,natasha.zamora@raymondllc.com,corporate,Equality and diversity officer,,,,New,70.2,Excluded,False,100.0,81.0,52.0,22.5,5,10,0.5,8,2,2,2,0,0,0.66,0.4,0a91cbe4c7254c84,False,False,70.0,814.0,Telecommunications,32,10.666666666666668,,False,OPT_OUT|INCOMPLETE_PROFILE,2,True,False,False,False,,engaged in last 30 days | attended 2 webinar(s) | nan nan | high intent score (70) | flags: OPT_OUT|INCOMPLETE_PROFILE,,703
c0876ce1d75b4dc3,lead,Larry,Morris,larry.morris@chandlergarn.com,corporate,Community education officer,,Individual Contributor,,MQL,70.0,Excluded,False,92.0,100.0,54.0,10.0,2,4,0.5,22,1,2,0,2,0,1.0,0.5,,,,,,,62,20.666666666666668,2024-11-03,True,DO_NOT_CONTACT|INCOMPLETE_PROFILE,2,False,False,False,False,,engaged in last 30 days | attended 2 event(s) | Individual Contributor nan | named target account | ICP-qualified account | flags: DO_NOT_CONTACT|INCOMPLETE_PROFILE,,704
44d526b4ff1f47d2,lead,Anthony,Berger,anthony.berger@rodriguezinc.com,corporate,Chartered legal executive (England and Wales),Non-Prospect,,,MQL,70.0,Excluded,False,100.0,100.0,32.0,18.2,15,36,0.583,1,10,10,4,2,1,0.727,0.667,7ebbcae9d3ed43de,False,False,13.0,7148.0,Legal,101,33.666666666666664,2025-02-13,True,NON_PROSPECT,1,False,False,False,False,,engaged in last 7 days | attended 4 webinar(s) | attended 2 event(s) | flags: NON_PROSPECT,,705
d42b42064af34da8,lead,Melanie,Barrett,melanie.barrett@harris-lawso.com,corporate,Energy engineer,Technical Buyer,Individual Contributor,,Disqualified,69.9,Excluded,False,100.0,76.5,69.0,10.0,4,9,0.556,2,2,2,1,0,0,0.675,0.5,,,,,,,50,16.666666666666664,,False,OPT_OUT|DO_NOT_CONTACT,2,True,False,False,True,Bad Data,engaged in last 7 days | attended 1 webinar(s) | Individual Contributor Technical Buyer | named target account | ICP-qualified account | flags: OPT_OUT|DO_NOT_CONTACT,,706
9397db4ddd5b410d,contact,Eduardo,Lee,eduardo.lee@kinggomezand.com,corporate,,End User,Manager,,Active,69.7,Excluded,False,99.4,100.0,39.5,10.0,7,21,0.667,11,2,3,3,2,0,0.829,0.286,,,,,,,5,2.5,,False,NO_LONGER_WITH_COMPANY|DO_NOT_CONTACT|BROKEN_CONV_LINK|INCOMPLETE_PROFILE,4,False,False,True,False,,engaged in last 30 days | attended 3 webinar(s) | attended 2 event(s) | Manager End User | named target account | ICP-qualified account | flags: NO_LONGER_WITH_COMPANY|DO_NOT_CONTACT|BROKEN_CONV_LINK|INCOMPLETE_PROFILE,,707
505d9b408b174dd6,contact,Jason,Hayes,jason.hayes@gutierrezgro.com,corporate,Oceanographer,Non-Prospect,,,MQL,69.5,Excluded,False,100.0,100.0,25.0,22.5,20,39,0.487,1,9,12,3,2,0,0.622,0.45,edf3b7ee3da04803,False,False,30.0,36633.0,Media,156,78.0,2025-03-26,True,NON_PROSPECT|BROKEN_CONV_LINK,2,False,False,False,False,,engaged in last 7 days | attended 3 webinar(s) | attended 2 event(s) | flags: NON_PROSPECT|BROKEN_CONV_LINK,,708
6f78f9cb90bc43a5,contact,Katie,Good,katie.good@stuartbrooks.com,corporate,"Production assistant, radio",Non-Prospect,,,Qualified,69.5,Excluded,False,100.0,100.0,25.0,22.5,33,73,0.548,2,13,20,7,5,1,0.679,0.394,edf3b7ee3da04803,False,False,30.0,36633.0,Media,16,8.0,,False,NO_LONGER_WITH_COMPANY|NON_PROSPECT|BROKEN_CONV_LINK,3,False,False,True,False,,engaged in last 7 days | attended 7 webinar(s) | attended 5 event(s) | flags: NO_LONGER_WITH_COMPANY|NON_PROSPECT|BROKEN_CONV_LINK,,709
28c795d6893342fd,lead,Haley,Anderson,rushstacy@gmx.de,free_email,"Nurse, adult",Non-Prospect,Individual Contributor,,Attempted,69.4,Excluded,False,100.0,100.0,25.0,22.2,16,38,0.579,6,4,8,3,2,0,0.678,0.25,0cb0103ae53c4325,False,False,29.0,46321.0,Manufacturing,33,11.0,,False,OPT_OUT|NON_PROSPECT|FREE_EMAIL,3,True,False,False,False,,engaged in last 7 days | attended 3 webinar(s) | attended 2 event(s) | flags: OPT_OUT|NON_PROSPECT|FREE_EMAIL,,710
f5b041e1affa4303,contact,Ann,Bolton,ann.bolton@fox-edwards.com,corporate,,,Individual Contributor,,Attempted,69.4,Excluded,False,100.0,100.0,37.0,10.0,8,21,0.619,2,1,2,1,3,0,0.812,0.125,,,,,,,137,68.5,,False,DO_NOT_CONTACT|BROKEN_CONV_LINK|INCOMPLETE_PROFILE,3,False,False,False,False,,engaged in last 7 days | attended 1 webinar(s) | attended 3 event(s) | Individual Contributor nan | named target account | ICP-qualified account | flags: DO_NOT_CONTACT|BROKEN_CONV_LINK|INCOMPLETE_PROFILE,,711
ddd0d803c154467b,contact,Ryan,Garrett,christophercarrillo@yahoo.com,free_email,Data scientist,Non-Prospect,,,Nurture,69.4,Excluded,False,100.0,100.0,25.0,22.0,29,76,0.618,2,14,20,4,3,3,0.686,0.483,07596d7fe26f4f6a,False,False,48.0,3442.0,Manufacturing,139,69.5,,False,NON_PROSPECT|FREE_EMAIL,2,False,False,False,False,,engaged in last 7 days | attended 4 webinar(s) | attended 3 event(s) | flags: NON_PROSPECT|FREE_EMAIL,,712
84ad417ece39491b,lead,Alexander,Jimenez,alexander.jimenez@stephens-smi.com,corporate,"Research officer, political party",Non-Prospect,Individual Contributor,,MQL,69.2,Excluded,False,100.0,100.0,29.0,16.8,3,9,0.667,7,2,2,3,0,0,1.0,0.667,03957adc73dd40f8,False,False,7.0,48570.0,Retail,80,26.666666666666668,2025-04-18,True,NON_PROSPECT,1,False,False,False,False,,engaged in last 7 days | attended 3 webinar(s) | flags: NON_PROSPECT,,713
d49fb95f68d14550,contact,James,Morrison,james.morrison@jonesbeanand.com,corporate,"Psychologist, forensic",,VP,,Active,69.2,Excluded,False,100.0,74.5,65.0,12.8,2,5,0.6,2,1,2,1,0,0,0.675,0.5,8d611d9d99c746e0,False,False,31.0,229.0,Energy,111,55.50000000000001,,False,OPT_OUT|BROKEN_CONV_LINK,2,True,False,False,False,,engaged in last 7 days | attended 1 webinar(s) | VP nan | flags: OPT_OUT|BROKEN_CONV_LINK,,714
fd76bfb0ccc6447a,contact,Sherry,Ramos,sherry.ramos@robbinsplc.com,corporate,Building control surveyor,,Individual Contributor,,Active,68.9,Excluded,False,100.0,82.8,47.0,19.0,4,11,0.636,9,1,1,2,0,0,0.688,0.25,be8d4927317045e1,False,False,16.0,8346.0,Media,114,56.99999999999999,,False,OPT_OUT,1,True,False,False,False,,engaged in last 30 days | attended 2 webinar(s) | Individual Contributor nan | flags: OPT_OUT,,715
b4375e9cdc7a45de,lead,Michael,Williams,michael.williams@robinsonrodr.com,corporate,"Journalist, broadcasting",Non-Prospect,,,MQL,68.8,Excluded,False,100.0,96.3,28.0,20.5,3,5,0.4,7,2,3,1,1,0,0.833,0.667,76d78294fdb1416d,False,False,62.0,421.0,Legal,275,91.66666666666666,2025-03-13,True,NON_PROSPECT,1,False,False,False,False,,engaged in last 7 days | attended 1 webinar(s) | attended 1 event(s) | flags: NON_PROSPECT,,716
8ef100b6107848f6,lead,Katie,Good,katie.good@stuartbrooks.com,corporate,"Production assistant, radio",Non-Prospect,,,MQL,67.8,Excluded,False,100.0,87.7,32.0,22.5,3,9,0.667,5,1,1,1,0,1,0.767,0.333,edf3b7ee3da04803,False,False,30.0,36633.0,Media,230,76.66666666666667,2025-01-07,True,NON_PROSPECT,1,False,False,False,False,,engaged in last 7 days | attended 1 webinar(s) | flags: NON_PROSPECT,,717
ca913f9d93f2438d,lead,Emily,Nicholson,emily.nicholson@spencerandso.com,corporate,Publishing copy,End User,Individual Contributor,,MQL,67.7,Excluded,False,93.8,94.0,47.0,10.0,4,4,0.0,17,1,1,1,1,0,0.8,0.25,,,,,,,217,72.33333333333334,2024-11-03,True,NO_LONGER_WITH_COMPANY|DO_NOT_CONTACT,2,False,False,True,False,,engaged in last 30 days | attended 1 webinar(s) | attended 1 event(s) | Individual Contributor End User | named target account | ICP-qualified account | flags: NO_LONGER_WITH_COMPANY|DO_NOT_CONTACT,,718
6b7627ea458643cf,contact,Amanda,Mitchell,amanda.mitchell@licraiganddr.com,corporate,Editorial assistant,End User,,,MQL,67.7,Excluded,False,100.0,82.0,45.0,16.2,5,15,0.667,10,2,2,0,1,0,0.72,0.4,8ad0d1c6bd6144a3,False,False,5.0,13330.0,Government,20,10.0,2025-01-07,True,DO_NOT_CONTACT|BROKEN_CONV_LINK,2,False,False,False,False,,engaged in last 30 days | attended 1 event(s) | nan End User | flags: DO_NOT_CONTACT|BROKEN_CONV_LINK,,719
ad4e550289c042fc,contact,Phillip,Garza,phillip.garza@hoodandsons.com,corporate,,Non-Prospect,VP,,MQL,67.6,Excluded,False,86.7,100.0,30.0,31.5,2,4,0.5,28,1,1,0,2,0,1.0,0.5,ad9e507474884f1b,False,False,66.0,8767.0,Government,12,6.0,2025-01-02,True,NON_PROSPECT,1,False,False,False,False,,engaged in last 30 days | attended 2 event(s) | flags: NON_PROSPECT,,720
9052fbe13a6a4d7e,lead,Travis,Allen,travis.allen@williams-wal.com,corporate,,Non-Prospect,,,Qualified,67.4,Excluded,False,100.0,100.0,18.0,19.2,30,67,0.552,9,8,13,7,4,0,0.69,0.267,0e4988a55dc842c0,False,False,57.0,798.0,Media,168,56.00000000000001,,False,OPT_OUT|NON_PROSPECT|COMPETITOR|INCOMPLETE_PROFILE,4,True,False,False,True,Competitor,engaged in last 30 days | attended 7 webinar(s) | attended 4 event(s) | flags: OPT_OUT|NON_PROSPECT|COMPETITOR|INCOMPLETE_PROFILE,,721
ffc2b28185f64057,contact,Jesus,Baker,jesus.baker@lawrencelara.com,corporate,,End User,Individual Contributor,,MQL,67.4,Excluded,False,97.2,100.0,32.0,10.0,8,14,0.429,16,4,4,2,2,0,0.812,0.5,,,,,,,125,62.5,2024-12-14,True,DO_NOT_CONTACT|BROKEN_CONV_LINK|INCOMPLETE_PROFILE,3,False,False,False,False,,engaged in last 30 days | attended 2 webinar(s) | attended 2 event(s) | Individual Contributor End User | named target account | ICP-qualified account | flags: DO_NOT_CONTACT|BROKEN_CONV_LINK|INCOMPLETE_PROFILE,,722
d320744841334859,lead,Alex,Green,alex.green@burgessgrant.com,corporate,Environmental consultant,,,,MQL,67.2,Excluded,False,100.0,77.0,55.0,10.0,2,4,0.5,8,2,2,1,0,0,0.7,1.0,,,,,,,145,48.333333333333336,2025-01-31,True,DO_NOT_CONTACT|INCOMPLETE_PROFILE,2,False,False,False,False,,engaged in last 30 days | attended 1 webinar(s) | nan nan | named target account | ICP-qualified account | flags: DO_NOT_CONTACT|INCOMPLETE_PROFILE,,723
d079dedbaacd45e4,contact,Tina,Coleman,rickjuarez@gmail.com,free_email,,Non-Prospect,Individual Contributor,,MQL,67.1,Excluded,False,99.8,74.7,12.0,55.5,3,9,0.667,11,1,2,0,1,0,0.667,0.333,be70e05cfc124515,True,False,22.0,19680.0,Technology,82,41.0,2025-04-28,True,NON_PROSPECT|FREE_EMAIL,2,False,False,False,False,,engaged in last 30 days | attended 1 event(s) | ICP-qualified account | flags: NON_PROSPECT|FREE_EMAIL,,724
82b626f28ea94291,contact,Nathaniel,Hatfield,kari39@outlook.com,free_email,Sales executive,Non-Prospect,Individual Contributor,,Qualified,67.0,Excluded,False,100.0,100.0,22.0,12.8,21,44,0.523,6,7,9,5,4,1,0.733,0.333,8d611d9d99c746e0,False,False,31.0,229.0,Energy,89,44.5,,False,NON_PROSPECT|FREE_EMAIL|BROKEN_CONV_LINK,3,False,False,False,False,,engaged in last 7 days | attended 5 webinar(s) | attended 4 event(s) | flags: NON_PROSPECT|FREE_EMAIL|BROKEN_CONV_LINK,,725
2038d7511a8941d0,lead,Bryan,Kelley,bryan.kelley@harrisherrer.com,corporate,,Non-Prospect,Director,,Recycled,66.9,Excluded,False,90.4,94.1,32.5,26.2,7,16,0.562,23,3,4,2,1,0,0.721,0.429,7d8d7fc6ccc4471b,False,False,85.0,221.0,Manufacturing,205,68.33333333333333,,False,NON_PROSPECT,1,False,False,False,True,Bad Data,engaged in last 30 days | attended 2 webinar(s) | attended 1 event(s) | high intent score (85) | flags: NON_PROSPECT,,726
1edf14321170400a,lead,William,Scott,william.scott@liandrewsand.com,corporate,,Non-Prospect,,,New,66.8,Excluded,False,94.6,77.0,12.0,60.0,2,6,0.667,19,1,2,1,0,0,0.7,0.5,5aa70c47cf8a4798,True,False,80.0,983.0,Healthcare,142,47.333333333333336,,False,EMAIL_BOUNCED|NON_PROSPECT|INCOMPLETE_PROFILE,3,False,True,False,False,,engaged in last 30 days | attended 1 webinar(s) | ICP-qualified account | high intent score (80) | flags: EMAIL_BOUNCED|NON_PROSPECT|INCOMPLETE_PROFILE,,727
3db814fd874a46fa,contact,Jesse,Little,jesse.little@scott-smith.com,corporate,"Psychologist, occupational",Champion,Manager,,MQL,66.8,Excluded,False,94.2,63.0,64.5,25.8,5,14,0.643,16,1,2,1,0,0,0.53,0.2,41aad464896e418d,False,False,43.0,10804.0,Education,52,26.0,2024-11-11,True,OPT_OUT|EMAIL_BOUNCED|NO_LONGER_WITH_COMPANY|BROKEN_CONV_LINK,4,True,True,True,False,,engaged in last 30 days | attended 1 webinar(s) | Manager Champion | flags: OPT_OUT|EMAIL_BOUNCED|NO_LONGER_WITH_COMPANY|BROKEN_CONV_LINK,,728
21857eb2dceb430f,lead,Patricia,Sherman,andrewsmith@yandex.com,free_email,,,Manager,,MQL,66.7,Excluded,False,87.5,100.0,45.5,10.0,7,12,0.417,23,1,1,1,3,0,0.771,0.143,,,,,,,168,56.00000000000001,2024-11-12,True,DO_NOT_CONTACT|FREE_EMAIL|INCOMPLETE_PROFILE,3,False,False,False,False,,engaged in last 30 days | attended 1 webinar(s) | attended 3 event(s) | Manager nan | named target account | ICP-qualified account | flags: DO_NOT_CONTACT|FREE_EMAIL|INCOMPLETE_PROFILE,,729
218026f26eca4c34,lead,Dawn,James,dawn.james@floresbutler.com,corporate,Mudlogger,Non-Prospect,Individual Contributor,,Disqualified,66.6,Excluded,False,100.0,100.0,23.0,10.0,22,60,0.633,2,6,10,4,3,2,0.648,0.273,,,,,,,85,28.333333333333332,,False,OPT_OUT|DO_NOT_CONTACT|NON_PROSPECT,3,True,False,False,False,,engaged in last 7 days | attended 4 webinar(s) | attended 3 event(s) | named target account | ICP-qualified account | flags: OPT_OUT|DO_NOT_CONTACT|NON_PROSPECT,,730
b3e99c9c74914a47,lead,Brittany,Moss,brittany.moss@garrettgroup.com,corporate,"Surveyor, commercial/residential",Non-Prospect,Individual Contributor,,New,66.5,Excluded,False,100.0,100.0,29.0,3.5,20,52,0.615,2,11,14,3,3,2,0.685,0.55,0ae9b66c84764902,False,False,14.0,40.0,Technology,242,80.66666666666666,,False,NON_PROSPECT|BROKEN_CONV_LINK,2,False,False,False,False,,engaged in last 7 days | attended 3 webinar(s) | attended 3 event(s) | flags: NON_PROSPECT|BROKEN_CONV_LINK,,731
1b39ef19e7d24f87,contact,Dawn,James,dawn.james@floresbutler.com,corporate,Mudlogger,Non-Prospect,Individual Contributor,,Active,66.4,Excluded,False,100.0,100.0,22.0,10.0,12,23,0.478,3,4,4,4,1,0,0.742,0.333,,,,,,,118,59.0,,False,OPT_OUT|DO_NOT_CONTACT|NON_PROSPECT|BROKEN_CONV_LINK,4,True,False,False,False,,engaged in last 7 days | attended 4 webinar(s) | attended 1 event(s) | named target account | ICP-qualified account | flags: OPT_OUT|DO_NOT_CONTACT|NON_PROSPECT|BROKEN_CONV_LINK,,732
8977f0f5cdae49b8,lead,Jackson,Mcclure,jackson.mcclure@lopez-willia.com,corporate,,Non-Prospect,Manager,,New,65.9,Excluded,False,100.0,100.0,21.5,8.2,1,3,0.667,3,1,1,1,0,0,1.0,1.0,29db89c3dc064f21,False,False,33.0,118.0,Media,291,97.0,,False,OPT_OUT|NON_PROSPECT,2,True,False,False,False,,engaged in last 7 days | attended 1 webinar(s) | flags: OPT_OUT|NON_PROSPECT,,733
e8ed4237f6584523,lead,Angel,Henson,angel.henson@murphybishop.com,corporate,,CISO,,,MQL,65.8,Excluded,False,75.4,100.0,62.0,10.0,4,11,0.636,41,0,1,1,2,0,0.85,0.0,,,,,,,181,60.333333333333336,2025-04-06,True,DO_NOT_CONTACT|INCOMPLETE_PROFILE,2,False,False,False,False,,engaged in last 90 days | attended 1 webinar(s) | attended 2 event(s) | nan CISO | named target account | ICP-qualified account | flags: DO_NOT_CONTACT|INCOMPLETE_PROFILE,,734
3b182c4391514cee,lead,Anthony,Watson,anthony.watson@griffinhorne.com,corporate,Structural engineer,Non-Prospect,Individual Contributor,,Attempted,65.8,Excluded,False,100.0,100.0,19.0,10.0,19,47,0.596,7,5,8,5,0,1,0.679,0.263,,,,,,,271,90.33333333333333,,False,DO_NOT_CONTACT|NON_PROSPECT,2,False,False,False,False,,engaged in last 7 days | attended 5 webinar(s) | named target account | ICP-qualified account | flags: DO_NOT_CONTACT|NON_PROSPECT,,735
f6395ef3b4594259,lead,Kristen,Harris,kristen.harris@johnsoncerva.com,corporate,"Surveyor, planning and development",Non-Prospect,,,MQL,65.8,Excluded,False,98.0,100.0,30.0,2.5,3,5,0.4,17,2,2,1,1,0,0.933,0.667,40c2eda23c4f427f,False,False,10.0,181.0,Media,104,34.66666666666667,2025-03-26,True,NON_PROSPECT,1,False,False,False,False,,engaged in last 30 days | attended 1 webinar(s) | attended 1 event(s) | flags: NON_PROSPECT,,736
e46ec6f028bf4da3,contact,James,Dunn,james.dunn@kim-wolfe.com,corporate,Community development worker,Non-Prospect,,,Active,65.8,Excluded,False,100.0,93.0,25.0,12.8,8,20,0.6,12,6,7,2,1,0,0.7,0.75,8d611d9d99c746e0,False,False,31.0,229.0,Energy,140,70.0,,False,NON_PROSPECT|BROKEN_CONV_LINK,2,False,False,False,False,,engaged in last 30 days | attended 2 webinar(s) | attended 1 event(s) | flags: NON_PROSPECT|BROKEN_CONV_LINK,,737
01fffa3e0d1040f4,contact,Anthony,Nguyen,anthony.nguyen@carterllc.com,corporate,Plant breeder/geneticist,,Director,,MQL,65.7,Excluded,False,98.0,62.0,60.5,19.2,2,5,0.6,15,1,1,0,0,0,0.6,0.5,68084facbf064402,False,False,17.0,5913.0,Retail,115,57.49999999999999,2024-11-22,True,OPT_OUT|BROKEN_CONV_LINK,2,True,False,False,False,,engaged in last 30 days | Director nan | flags: OPT_OUT|BROKEN_CONV_LINK,,738
1b72760f6b254a89,contact,Samantha,Kennedy,samantha.kennedy@blakegroup.com,corporate,"Production assistant, radio",Technical Buyer,Manager,,Active,65.5,Excluded,False,88.5,74.5,69.5,10.0,2,3,0.333,26,1,1,0,1,0,0.675,0.5,,,,,,,16,8.0,,False,OPT_OUT|DO_NOT_CONTACT|BROKEN_CONV_LINK,3,True,False,False,False,,engaged in last 30 days | attended 1 event(s) | Manager Technical Buyer | named target account | ICP-qualified account | flags: OPT_OUT|DO_NOT_CONTACT|BROKEN_CONV_LINK,,739
e5cb7e4137674b73,lead,Ray,Nguyen,ray.nguyen@stone-stark.com,corporate,"Administrator, charities/voluntary organisations",Non-Prospect,,,New,65.4,Excluded,False,100.0,92.9,26.0,10.0,9,27,0.667,4,5,8,1,2,0,0.689,0.556,,,,,,,202,67.33333333333333,,False,DO_NOT_CONTACT|NON_PROSPECT|INCOMPLETE_PROFILE,3,False,False,False,False,,engaged in last 7 days | attended 1 webinar(s) | attended 2 event(s) | named target account | ICP-qualified account | flags: DO_NOT_CONTACT|NON_PROSPECT|INCOMPLETE_PROFILE,,740
b326a788aefc4ce2,lead,Douglas,Franklin,vwilliams@outlook.com,free_email,Field seismologist,Non-Prospect,Manager,,MQL,64.7,Excluded,False,87.5,93.1,36.5,17.5,7,12,0.417,23,1,1,0,1,3,0.721,0.143,aabec9493a024b76,False,False,70.0,122.0,Healthcare,213,71.0,2024-12-04,True,EMAIL_BOUNCED|NON_PROSPECT|FREE_EMAIL,3,False,True,False,False,,engaged in last 30 days | attended 1 event(s) | high intent score (70) | flags: EMAIL_BOUNCED|NON_PROSPECT|FREE_EMAIL,,741
c46382fd6f214817,lead,Joshua,Scott,joshua.scott@rodrigueztho.com,corporate,Dentist,,,,Qualified,64.7,Excluded,False,99.6,53.0,57.0,26.2,1,5,0.8,19,1,1,1,0,0,1.0,1.0,7d8d7fc6ccc4471b,False,False,85.0,221.0,Manufacturing,131,43.666666666666664,,False,OPT_OUT|AUTOMATION_INFLATED|INCOMPLETE_PROFILE,3,True,False,False,False,,engaged in last 30 days | attended 1 webinar(s) | ⚠ engagement mostly automated emails | nan nan | high intent score (85) | flags: OPT_OUT|AUTOMATION_INFLATED|INCOMPLETE_PROFILE,,742
4d8804c4d14b4d47,contact,Brittany,Lozano,brittany.lozano@meltoninc.com,corporate,Leisure centre manager,Non-Prospect,Individual Contributor,,Qualified,64.5,Excluded,False,100.0,86.8,22.0,17.0,9,24,0.625,7,5,6,1,1,0,0.678,0.556,c008c318a3534a2e,False,False,28.0,4622.0,Energy,196,98.0,,False,NON_PROSPECT,1,False,False,False,False,,engaged in last 7 days | attended 1 webinar(s) | attended 1 event(s) | flags: NON_PROSPECT,,743
9b87c13b68bf4e9d,lead,Amanda,Hill,amanda.hill@tranltd.com,corporate,,End User,,,New,64.4,Excluded,False,100.0,80.6,36.0,10.0,7,17,0.588,4,2,2,0,1,0,0.686,0.286,,,,,,,234,78.0,,False,DO_NOT_CONTACT|INCOMPLETE_PROFILE,2,False,False,False,False,,engaged in last 7 days | attended 1 event(s) | nan End User | named target account | ICP-qualified account | flags: DO_NOT_CONTACT|INCOMPLETE_PROFILE,,744
836f5393ba31446b,lead,Ronald,Phillips,ronald.phillips@webercastill.com,corporate,"Engineer, maintenance",End User,C-Level,,New,64.2,Excluded,False,77.5,91.0,70.0,1.8,6,12,0.5,36,0,2,2,0,0,0.75,0.0,afbfd1b9e0074d37,False,False,7.0,133.0,Telecommunications,92,30.666666666666664,,False,OPT_OUT|EMAIL_BOUNCED,2,True,True,False,False,,engaged in last 90 days | attended 2 webinar(s) | C-Level End User | flags: OPT_OUT|EMAIL_BOUNCED,,745
ad84c0204e584177,lead,Dakota,Brown,bkelley@gmx.de,free_email,Occupational psychologist,Non-Prospect,Individual Contributor,,New,64.0,Excluded,False,100.0,91.5,27.0,3.5,10,27,0.63,1,5,7,2,1,0,0.665,0.5,0311d7e9ccde4fe0,False,False,14.0,36.0,Manufacturing,58,19.333333333333332,,False,NON_PROSPECT|FREE_EMAIL,2,False,False,False,False,,engaged in last 7 days | attended 2 webinar(s) | attended 1 event(s) | flags: NON_PROSPECT|FREE_EMAIL,,746
e958fdb53d734cab,contact,Jack,Preston,jack.preston@bernardwarre.com,corporate,,Non-Prospect,Director,,Active,64.0,Excluded,False,100.0,75.2,25.5,25.5,6,11,0.455,1,2,3,1,0,0,0.642,0.333,3463ef6750fb4689,False,False,42.0,9029.0,Education,4,2.0,,False,EMAIL_BOUNCED|NO_LONGER_WITH_COMPANY|NON_PROSPECT|BROKEN_CONV_LINK,4,False,True,True,False,,engaged in last 7 days | attended 1 webinar(s) | flags: EMAIL_BOUNCED|NO_LONGER_WITH_COMPANY|NON_PROSPECT|BROKEN_CONV_LINK,,747
90702c327a7e4ce0,lead,Karen,Parsons,karen.parsons@gordonllc.com,corporate,Facilities manager,,Individual Contributor,,MQL,63.8,Excluded,False,100.0,68.7,48.0,10.0,11,25,0.56,9,7,10,1,0,0,0.527,0.636,,,,,,,64,21.333333333333336,2025-04-18,True,OPT_OUT|DO_NOT_CONTACT|INCOMPLETE_PROFILE,3,True,False,False,False,,engaged in last 30 days | attended 1 webinar(s) | Individual Contributor nan | named target account | ICP-qualified account | flags: OPT_OUT|DO_NOT_CONTACT|INCOMPLETE_PROFILE,,748
7e8b319f662c463e,lead,Logan,Carter,logan.carter@jacobs-foste.com,corporate,,Non-Prospect,Individual Contributor,,MQL,63.8,Excluded,False,100.0,100.0,9.0,10.0,10,19,0.474,7,3,9,3,3,0,0.81,0.3,,,,,,,208,69.33333333333334,2025-01-03,True,DO_NOT_CONTACT|NON_PROSPECT|INCOMPLETE_PROFILE,3,False,False,False,False,,engaged in last 7 days | attended 3 webinar(s) | attended 3 event(s) | named target account | ICP-qualified account | flags: DO_NOT_CONTACT|NON_PROSPECT|INCOMPLETE_PROFILE,,749
5edb0277ccfd46a1,lead,Lorraine,Lang,support@thomas.com,shared_mailbox,Midwife,End User,C-Level,,New,63.6,Excluded,False,90.3,68.0,65.0,10.0,3,4,0.25,22,1,1,0,1,0,0.6,0.333,,,,,,,220,73.33333333333333,,False,OPT_OUT|DO_NOT_CONTACT|COMPETITOR|SHARED_MAILBOX,4,True,False,False,True,Competitor,engaged in last 30 days | attended 1 event(s) | C-Level End User | named target account | ICP-qualified account | flags: OPT_OUT|DO_NOT_CONTACT|COMPETITOR|SHARED_MAILBOX,,750
202953f9a3f34d26,contact,Mary,Dunn,srodriguez@yahoo.com,free_email,Field seismologist,CISO,Individual Contributor,,MQL,63.6,Excluded,False,85.0,69.7,72.0,10.0,3,4,0.25,28,1,1,1,0,0,0.617,0.333,,,,,,,86,43.0,2025-02-02,True,DO_NOT_CONTACT|FREE_EMAIL|BROKEN_CONV_LINK,3,False,False,False,False,,engaged in last 30 days | attended 1 webinar(s) | Individual Contributor CISO | named target account | ICP-qualified account | flags: DO_NOT_CONTACT|FREE_EMAIL|BROKEN_CONV_LINK,,751
1213be0f8b2a45f7,contact,Sheryl,Le,sheryl.le@wheeler-gonz.com,corporate,,Champion,,,MQL,63.5,Excluded,False,100.0,66.0,50.0,10.0,3,5,0.4,14,2,2,0,0,1,0.6,0.667,,,,,,,14,7.000000000000001,2025-03-19,True,EMAIL_BOUNCED|DO_NOT_CONTACT|BROKEN_CONV_LINK|INCOMPLETE_PROFILE,4,False,True,False,False,,engaged in last 30 days | nan Champion | named target account | ICP-qualified account | flags: EMAIL_BOUNCED|DO_NOT_CONTACT|BROKEN_CONV_LINK|INCOMPLETE_PROFILE,,752
90a571791eca43d0,contact,Brad,Rodriguez,brad.rodriguez@palmerbrowna.com,corporate,Forensic scientist,Non-Prospect,Individual Contributor,,Nurture,62.9,Excluded,False,100.0,80.2,22.0,17.2,6,15,0.6,5,3,4,1,1,0,0.642,0.5,db92616f3a69429c,False,False,29.0,1281.0,Legal,71,35.5,,False,NO_LONGER_WITH_COMPANY|NON_PROSPECT,2,False,False,True,False,,engaged in last 7 days | attended 1 webinar(s) | attended 1 event(s) | flags: NO_LONGER_WITH_COMPANY|NON_PROSPECT,,753
71f41834c64d48c4,lead,Amanda,Jensen,amanda.jensen@miller-mille.com,corporate,"Engineer, electronics",,Individual Contributor,,Attempted,62.7,Excluded,False,94.6,67.0,54.0,10.0,2,6,0.667,19,1,1,0,0,0,0.65,0.5,,,,,,,104,34.66666666666667,,False,OPT_OUT|DO_NOT_CONTACT|INCOMPLETE_PROFILE,3,True,False,False,True,Duplicate,engaged in last 30 days | Individual Contributor nan | named target account | ICP-qualified account | flags: OPT_OUT|DO_NOT_CONTACT|INCOMPLETE_PROFILE,,754
6bf6378fa1e44753,contact,Alexa,Diaz,alexa.diaz@allenltd.com,corporate,,Non-Prospect,Individual Contributor,,MQL,62.6,Excluded,False,79.2,93.0,12.0,46.0,3,5,0.4,32,0,1,2,0,0,0.8,0.0,c178bf137e024fc3,True,False,24.0,873.0,Healthcare,108,54.0,2025-03-20,True,NON_PROSPECT,1,False,False,False,False,,engaged in last 90 days | attended 2 webinar(s) | ICP-qualified account | flags: NON_PROSPECT,,755
b1face219f6d4dde,lead,Samantha,Riddle,samantha.riddle@martinezclin.com,corporate,IT technical support officer,,,,New,62.1,Excluded,False,100.0,54.1,51.0,17.0,6,23,0.739,4,2,3,3,0,1,0.842,0.333,3bfa3e65fc0044d5,False,False,28.0,1323.0,Retail,54,18.0,,False,OPT_OUT|AUTOMATION_INFLATED|INCOMPLETE_PROFILE,3,True,False,False,True,Bad Data,engaged in last 7 days | attended 3 webinar(s) | ⚠ engagement mostly automated emails | nan nan | flags: OPT_OUT|AUTOMATION_INFLATED|INCOMPLETE_PROFILE,,756
8dc80fafc46f4234,lead,Erin,Larson,foxallison@outlook.com,free_email,,,,,New,62.0,Excluded,False,74.2,100.0,45.0,10.0,4,12,0.667,44,0,2,2,1,0,0.85,0.0,,,,,,,235,78.33333333333333,,False,OPT_OUT|DO_NOT_CONTACT|FREE_EMAIL|INCOMPLETE_PROFILE,4,True,False,False,False,,engaged in last 90 days | attended 2 webinar(s) | attended 1 event(s) | nan nan | named target account | ICP-qualified account | flags: OPT_OUT|DO_NOT_CONTACT|FREE_EMAIL|INCOMPLETE_PROFILE,,757
7451b4e883e54047,lead,Louis,Nelson,hardingderek@gmx.de,free_email,Television/film/video producer,,Individual Contributor,,Recycled,62.0,Excluded,False,91.8,73.0,48.0,10.0,5,11,0.545,21,2,2,1,0,0,0.63,0.4,,,,,,,109,36.333333333333336,,False,DO_NOT_CONTACT|FREE_EMAIL|INCOMPLETE_PROFILE,3,False,False,False,False,,engaged in last 30 days | attended 1 webinar(s) | Individual Contributor nan | named target account | ICP-qualified account | flags: DO_NOT_CONTACT|FREE_EMAIL|INCOMPLETE_PROFILE,,758
3a0a8683eea048e4,lead,Sharon,Wood,amurphy@gmail.com,free_email,Chief Financial Officer,,Manager,,Attempted,61.9,Excluded,False,94.6,62.0,56.5,10.0,2,2,0.0,19,1,2,0,0,0,0.6,0.5,,,,,,,273,91.0,,False,NO_LONGER_WITH_COMPANY|DO_NOT_CONTACT|FREE_EMAIL|INCOMPLETE_PROFILE,4,False,False,True,False,,engaged in last 30 days | Manager nan | named target account | ICP-qualified account | flags: NO_LONGER_WITH_COMPANY|DO_NOT_CONTACT|FREE_EMAIL|INCOMPLETE_PROFILE,,759
ed11359719184edd,lead,Molly,Bennett,molly.bennett@jonesplc.com,corporate,Radio producer,Non-Prospect,,,Attempted,61.7,Excluded,False,92.6,51.0,22.0,60.5,1,3,0.667,27,1,1,0,0,0,0.5,1.0,cd5d7d18041a4161,False,True,82.0,7574.0,Government,207,69.0,,False,NO_LONGER_WITH_COMPANY|NON_PROSPECT,2,False,False,True,False,,engaged in last 30 days | named target account | high intent score (82) | flags: NO_LONGER_WITH_COMPANY|NON_PROSPECT,,760
8030f553788642f2,lead,Tony,Doyle,tony.doyle@jamesllc.com,corporate,,Non-Prospect,Individual Contributor,,MQL,61.4,Excluded,False,100.0,77.0,13.0,22.5,2,5,0.6,8,1,1,0,1,0,0.7,0.5,0a91cbe4c7254c84,False,False,70.0,814.0,Telecommunications,268,89.33333333333333,2025-04-10,True,NON_PROSPECT,1,False,False,False,False,,engaged in last 30 days | attended 1 event(s) | high intent score (70) | flags: NON_PROSPECT,,761
411cd21fd9594fca,contact,Nicholas,Myers,nicholas.myers@davisfreeman.com,corporate,"Engineer, land",Champion,Manager,,MQL,61.4,Excluded,False,53.3,100.0,64.5,24.2,6,12,0.5,96,0,0,3,0,0,0.85,0.0,a9b0444e47a346b9,False,False,77.0,646.0,Legal,7,3.5000000000000004,2024-11-18,True,OPT_OUT,1,True,False,False,False,,last engagement 96 days ago (stale) | attended 3 webinar(s) | Manager Champion | high intent score (77) | flags: OPT_OUT,,762
ba85066b16174551,contact,Keith,Henry,keith.henry@davenport-to.com,corporate,"Surveyor, land/geomatics",End User,VP,,Nurture,61.0,Excluded,False,100.0,39.5,60.0,20.5,2,4,0.5,2,2,2,0,0,0,0.375,1.0,f1bb53af63424868,False,False,62.0,353.0,Insurance,185,92.5,,False,OPT_OUT,1,True,False,False,False,,engaged in last 7 days | VP End User | flags: OPT_OUT,,763
4b8673b3f7b2475a,lead,Maria,Burke,maria.burke@hooverwhitea.com,corporate,"Geneticist, molecular",Non-Prospect,Manager,,MQL,60.7,Excluded,False,66.7,100.0,36.5,25.5,1,3,0.667,62,0,1,0,1,0,1.0,0.0,1f0c337008524b22,False,False,82.0,308.0,Media,215,71.66666666666667,2025-03-11,True,OPT_OUT|NON_PROSPECT,2,True,False,False,False,,engaged in last 90 days | attended 1 event(s) | high intent score (82) | flags: OPT_OUT|NON_PROSPECT,,764
ddb613f1449b4ace,lead,Robert,Ramos,robert.ramos@mahoneyhilla.com,corporate,Clinical biochemist,,,,New,60.6,Excluded,False,100.0,39.5,53.0,25.5,2,4,0.5,4,1,1,0,0,0,0.375,0.5,b8c780bd69464ed4,False,False,62.0,4106.0,Education,209,69.66666666666667,,False,OPT_OUT|INCOMPLETE_PROFILE,2,True,False,False,False,,engaged in last 7 days | nan nan | flags: OPT_OUT|INCOMPLETE_PROFILE,,765
800e9cf9334e48c9,contact,John,Terry,info@sutton-abbott.com,shared_mailbox,Chief Financial Officer,Champion,Manager,,Qualified,60.5,Excluded,False,58.8,100.0,64.5,10.0,2,5,0.6,81,0,1,1,0,1,0.95,0.0,,,,,,,5,2.5,,False,DO_NOT_CONTACT|SHARED_MAILBOX|BROKEN_CONV_LINK,3,False,False,False,False,,engaged in last 90 days | attended 1 webinar(s) | Manager Champion | named target account | ICP-qualified account | flags: DO_NOT_CONTACT|SHARED_MAILBOX|BROKEN_CONV_LINK,,766
07cf4897c3fd4362,lead,James,Morrison,james.morrison@jonesbeanand.com,corporate,"Psychologist, forensic",,VP,,MQL,60.3,Excluded,False,91.7,53.0,62.0,12.8,1,6,0.833,28,1,1,1,0,0,1.0,1.0,8d611d9d99c746e0,False,False,31.0,229.0,Energy,39,13.0,2025-01-11,True,OPT_OUT|AUTOMATION_INFLATED,2,True,False,False,False,,engaged in last 30 days | attended 1 webinar(s) | ⚠ engagement mostly automated emails | VP nan | flags: OPT_OUT|AUTOMATION_INFLATED,,767
4b236e29507a408c,contact,Mark,Simon,mark.simon@scottlopezan.com,corporate,Hotel manager,Economic Buyer,,,MQL,60.2,Excluded,False,100.0,37.0,70.0,10.0,5,18,0.722,10,3,4,1,0,0,0.64,0.6,,,,,,,22,11.0,2024-11-11,True,EMAIL_BOUNCED|NO_LONGER_WITH_COMPANY|DO_NOT_CONTACT|AUTOMATION_INFLATED|BROKEN_CONV_LINK|INCOMPLETE_PROFILE,6,False,True,True,False,,engaged in last 30 days | attended 1 webinar(s) | ⚠ engagement mostly automated emails | nan Economic Buyer | named target account | ICP-qualified account | flags: EMAIL_BOUNCED|NO_LONGER_WITH_COMPANY|DO_NOT_CONTACT|AUTOMATION_INFLATED|BROKEN_CONV_LINK|INCOMPLETE_PROFILE,,768
b9c094d03a8f48b0,contact,Tiffany,Allison,tiffany.allison@lanesimonand.com,corporate,,Non-Prospect,Individual Contributor,,Nurture,59.9,Excluded,False,100.0,74.5,12.0,19.5,2,2,0.0,14,2,2,0,1,0,0.675,1.0,0fce65eaa1234650,False,False,18.0,6222.0,Energy,96,48.0,,False,NON_PROSPECT,1,False,False,False,False,,engaged in last 30 days | attended 1 event(s) | flags: NON_PROSPECT,,769
7a8e2d616bb44b62,lead,Jason,Lopez,admin@griffin-hernandez.org,shared_mailbox,,End User,Manager,,MQL,59.5,Excluded,False,100.0,56.0,42.5,10.0,2,7,0.714,2,2,2,2,0,0,1.0,1.0,,,,,,,156,52.0,2024-11-16,True,EMAIL_BOUNCED|DO_NOT_CONTACT|SHARED_MAILBOX|AUTOMATION_INFLATED|INCOMPLETE_PROFILE,5,False,True,False,False,,engaged in last 7 days | attended 2 webinar(s) | ⚠ engagement mostly automated emails | Manager End User | named target account | ICP-qualified account | flags: EMAIL_BOUNCED|DO_NOT_CONTACT|SHARED_MAILBOX|AUTOMATION_INFLATED|INCOMPLETE_PROFILE,,770
41b0170d6e584274,lead,Jack,Preston,jack.preston@bernardwarre.com,corporate,,Non-Prospect,Director,,Disqualified,59.4,Excluded,False,100.0,55.2,27.5,25.5,8,30,0.733,4,4,6,1,3,0,0.825,0.5,3463ef6750fb4689,False,False,42.0,9029.0,Education,171,56.99999999999999,,False,EMAIL_BOUNCED|NO_LONGER_WITH_COMPANY|NON_PROSPECT|AUTOMATION_INFLATED,4,False,True,True,False,,engaged in last 7 days | attended 1 webinar(s) | attended 3 event(s) | ⚠ engagement mostly automated emails | flags: EMAIL_BOUNCED|NO_LONGER_WITH_COMPANY|NON_PROSPECT|AUTOMATION_INFLATED,,771
a3b137e5b7c5475a,contact,Hannah,Mccormick,johnnycruz@hotmail.com,free_email,Medical laboratory scientific officer,Non-Prospect,,,Nurture,59.3,Excluded,False,88.5,81.3,25.0,14.8,3,6,0.5,24,1,1,0,1,0,0.733,0.333,1114eee3178d4263,False,False,59.0,73.0,Education,43,21.5,,False,NON_PROSPECT|FREE_EMAIL,2,False,False,False,False,,engaged in last 30 days | attended 1 event(s) | flags: NON_PROSPECT|FREE_EMAIL,,772
7a86427201784472,contact,Kayla,Smith,lwhite@yahoo.com,free_email,"Nurse, learning disability",Non-Prospect,Individual Contributor,,Active,59.3,Excluded,False,67.5,100.0,22.0,31.5,2,4,0.5,60,0,1,1,1,0,1.0,0.0,ad9e507474884f1b,False,False,66.0,8767.0,Government,199,99.5,,False,NON_PROSPECT|FREE_EMAIL,2,False,False,False,False,,engaged in last 90 days | attended 1 webinar(s) | attended 1 event(s) | flags: NON_PROSPECT|FREE_EMAIL,,773
3285144c7efa4d68,contact,Willie,Miranda,kathygeorge@gmail.com,free_email,,,VP,,Qualified,59.2,Excluded,False,92.8,54.0,55.0,11.0,4,5,0.2,21,2,3,0,0,0,0.5,0.5,53a3b4b3cfe64870,False,False,44.0,120.0,Retail,59,29.5,,False,DO_NOT_CONTACT|FREE_EMAIL|INCOMPLETE_PROFILE,3,False,False,False,False,,engaged in last 30 days | VP nan | flags: DO_NOT_CONTACT|FREE_EMAIL|INCOMPLETE_PROFILE,,774
e9db4c96d9b4486a,lead,Michael,Good,hbush@gmx.de,free_email,Telecommunications researcher,Non-Prospect,C-Level,,Disqualified,57.4,Excluded,False,92.6,53.0,46.0,12.8,1,5,0.8,27,1,1,1,0,0,1.0,1.0,9ca6086ecb6a4ce0,False,False,51.0,135.0,Education,273,91.0,,False,NON_PROSPECT|FREE_EMAIL|AUTOMATION_INFLATED,3,False,False,False,False,,engaged in last 30 days | attended 1 webinar(s) | ⚠ engagement mostly automated emails | flags: NON_PROSPECT|FREE_EMAIL|AUTOMATION_INFLATED,,775
f9d9172b1dd7474b,lead,Kendra,Schwartz,kendra.schwartz@thomasllc.com,corporate,"Scientist, research (medical)",Technical Buyer,Individual Contributor,,Qualified,57.4,Excluded,False,46.7,100.0,64.0,16.2,3,10,0.7,120,0,0,1,2,0,1.0,0.0,8ad0d1c6bd6144a3,False,False,5.0,13330.0,Government,238,79.33333333333333,,False,OPT_OUT|DO_NOT_CONTACT,2,True,False,False,False,,last engagement 120 days ago (stale) | attended 1 webinar(s) | attended 2 event(s) | Individual Contributor Technical Buyer | flags: OPT_OUT|DO_NOT_CONTACT,,776
c153b89ef5084d35,lead,John,Chapman,john.chapman@millerharrel.com,corporate,Environmental consultant,,Individual Contributor,,Qualified,57.3,Excluded,False,74.6,71.3,54.0,13.0,3,3,0.0,43,0,1,0,1,0,0.633,0.0,bf1e4608d7904f64,False,False,12.0,3174.0,Telecommunications,167,55.666666666666664,,False,COMPETITOR|BROKEN_CONV_LINK,2,False,False,False,True,Competitor,engaged in last 90 days | attended 1 event(s) | Individual Contributor nan | flags: COMPETITOR|BROKEN_CONV_LINK,,777
dc54ed2b88e747dc,lead,Mark,Simon,mark.simon@scottlopezan.com,corporate,Hotel manager,Economic Buyer,,,Disqualified,57.3,Excluded,False,90.3,37.0,72.0,10.0,4,15,0.733,21,1,1,1,0,0,0.65,0.25,,,,,,,89,29.666666666666668,,False,NO_LONGER_WITH_COMPANY|DO_NOT_CONTACT|AUTOMATION_INFLATED|INCOMPLETE_PROFILE,4,False,False,True,False,,engaged in last 30 days | attended 1 webinar(s) | ⚠ engagement mostly automated emails | nan Economic Buyer | named target account | ICP-qualified account | flags: NO_LONGER_WITH_COMPANY|DO_NOT_CONTACT|AUTOMATION_INFLATED|INCOMPLETE_PROFILE,,778
53a2cb96e6be4488,lead,Brianna,Smith,brianna.smith@williams-har.com,corporate,Secondary school teacher,End User,Manager,,New,57.2,Excluded,False,98.0,48.5,51.5,2.2,2,10,0.8,15,1,1,1,0,0,0.9,0.5,5e8f0b6a8c314397,False,False,9.0,16.0,Insurance,251,83.66666666666667,,False,OPT_OUT|AUTOMATION_INFLATED,2,True,False,False,False,,engaged in last 30 days | attended 1 webinar(s) | ⚠ engagement mostly automated emails | Manager End User | flags: OPT_OUT|AUTOMATION_INFLATED,,779
6cffc2f5c17547f0,contact,Brittany,Carpenter,brittany.carpenter@hopkinsltd.com,corporate,Trade union research officer,,Director,,Nurture,57.2,Excluded,False,91.1,45.0,60.5,10.0,2,10,0.8,23,1,1,0,0,1,0.85,0.5,,,,,,,11,5.5,,False,DO_NOT_CONTACT|AUTOMATION_INFLATED|BROKEN_CONV_LINK|INCOMPLETE_PROFILE,4,False,False,False,False,,engaged in last 30 days | ⚠ engagement mostly automated emails | Director nan | named target account | ICP-qualified account | flags: DO_NOT_CONTACT|AUTOMATION_INFLATED|BROKEN_CONV_LINK|INCOMPLETE_PROFILE,,780
3166a9d90f92413e,lead,Amanda,Gibson,amanda.gibson@currybakeran.com,corporate,Meteorologist,Non-Prospect,,,MQL,57.1,Excluded,False,82.5,80.8,30.0,10.0,4,4,0.0,30,1,2,0,1,1,0.688,0.25,,,,,,,247,82.33333333333334,2025-01-04,True,DO_NOT_CONTACT|NON_PROSPECT|INCOMPLETE_PROFILE,3,False,False,False,False,,engaged in last 30 days | attended 1 event(s) | named target account | ICP-qualified account | flags: DO_NOT_CONTACT|NON_PROSPECT|INCOMPLETE_PROFILE,,781
db1423b3a2e14acd,contact,Elizabeth,Calderon,elizabeth.calderon@osborngaines.com,corporate,,,,,MQL,56.8,Excluded,False,65.8,51.0,40.0,65.0,1,2,0.5,64,0,1,0,0,0,0.5,0.0,475ce8a925de4fb3,False,True,100.0,5796.0,Legal,186,93.0,2025-01-05,True,OPT_OUT|BROKEN_CONV_LINK|INCOMPLETE_PROFILE,3,True,False,False,False,,engaged in last 90 days | nan nan | named target account | high intent score (100) | flags: OPT_OUT|BROKEN_CONV_LINK|INCOMPLETE_PROFILE,,782
c9e35bd7e324412b,contact,Leonard,Ramirez,leonard.ramirez@johnsonandso.com,corporate,Restaurant manager,End User,Individual Contributor,,Attempted,56.4,Excluded,False,99.8,29.0,42.0,29.2,3,13,0.769,11,1,2,0,0,0,0.55,0.333,fbd6e881517a44c4,False,False,97.0,395.0,Education,125,62.5,,False,OPT_OUT|AUTOMATION_INFLATED|BROKEN_CONV_LINK,3,True,False,False,False,,engaged in last 30 days | ⚠ engagement mostly automated emails | Individual Contributor End User | high intent score (97) | flags: OPT_OUT|AUTOMATION_INFLATED|BROKEN_CONV_LINK,,783
dbc69e9bdc764367,lead,Ashlee,Sparks,ashlee.sparks@thompsonplc.com,corporate,Museum/gallery exhibitions officer,Non-Prospect,Manager,,MQL,56.3,Excluded,False,59.6,100.0,26.5,25.8,5,14,0.643,79,0,1,1,3,1,0.98,0.0,41aad464896e418d,False,False,43.0,10804.0,Education,215,71.66666666666667,2025-01-16,True,OPT_OUT|NON_PROSPECT|BROKEN_CONV_LINK,3,True,False,False,False,,engaged in last 90 days | attended 1 webinar(s) | attended 3 event(s) | flags: OPT_OUT|NON_PROSPECT|BROKEN_CONV_LINK,,784
3bc15b9559a846a4,contact,Karen,Parsons,karen.parsons@gordonllc.com,corporate,Facilities manager,,Individual Contributor,,Attempted,55.4,Excluded,False,100.0,36.0,47.0,10.0,1,3,0.667,5,1,1,0,0,0,0.35,1.0,,,,,,,82,41.0,,False,OPT_OUT|DO_NOT_CONTACT|BROKEN_CONV_LINK|INCOMPLETE_PROFILE,4,True,False,False,False,,engaged in last 7 days | Individual Contributor nan | named target account | ICP-qualified account | flags: OPT_OUT|DO_NOT_CONTACT|BROKEN_CONV_LINK|INCOMPLETE_PROFILE,,785
c4f8d69a52a54bf5,contact,Felicia,Richmond,felicia.richmond@coxltd.com,corporate,Mental health nurse,Non-Prospect,,,Active,54.2,Excluded,False,100.0,36.0,25.0,26.2,1,2,0.5,13,1,1,0,0,0,0.35,1.0,7d8d7fc6ccc4471b,False,False,85.0,221.0,Manufacturing,151,75.5,,False,OPT_OUT|NON_PROSPECT,2,True,False,False,False,,engaged in last 30 days | high intent score (85) | flags: OPT_OUT|NON_PROSPECT,,786
3be79a2f15de429f,contact,Vanessa,Ramsey,brian63@yahoo.com,free_email,Call centre manager,Technical Buyer,Individual Contributor,,MQL,54.1,Excluded,False,95.2,25.5,62.0,10.0,1,7,0.857,24,1,1,0,0,0,0.5,1.0,,,,,,,122,61.0,2025-03-05,True,DO_NOT_CONTACT|FREE_EMAIL|AUTOMATION_INFLATED|BROKEN_CONV_LINK,4,False,False,False,False,,engaged in last 30 days | ⚠ engagement mostly automated emails | Individual Contributor Technical Buyer | named target account | ICP-qualified account | flags: DO_NOT_CONTACT|FREE_EMAIL|AUTOMATION_INFLATED|BROKEN_CONV_LINK,,787
007e5810ef424084,lead,Stephen,Robinson,angela.walker@wise-bush.com,corporate,Occupational psychologist,Non-Prospect,Individual Contributor,,Attempted,53.6,Excluded,False,72.5,76.0,29.0,17.0,3,10,0.7,48,0,1,0,0,1,0.7,0.0,c008c318a3534a2e,False,False,28.0,4622.0,Energy,63,21.0,,False,NON_PROSPECT|COMPETITOR,2,False,False,False,True,Competitor,engaged in last 90 days | flags: NON_PROSPECT|COMPETITOR,,788
ff0991d8ac8c4217,lead,Alex,Rival,spy@competitorcorp.com,corporate,Product Manager,Non-Prospect,Manager,,MQL,53.2,Excluded,False,100.0,35.5,36.5,10.0,5,18,0.722,1,1,1,1,0,0,0.61,0.2,,,,,,,200,66.66666666666666,2025-04-02,True,DO_NOT_CONTACT|NON_PROSPECT|COMPETITOR|AUTOMATION_INFLATED,4,False,False,False,True,Competitor,engaged in last 7 days | attended 1 webinar(s) | ⚠ engagement mostly automated emails | named target account | ICP-qualified account | flags: DO_NOT_CONTACT|NON_PROSPECT|COMPETITOR|AUTOMATION_INFLATED,persona_5_competitor,789
3d707c560e9440c6,lead,Kristopher,Hall,kristopher.hall@leewilsonand.com,corporate,,Non-Prospect,,,MQL,53.0,Excluded,False,90.0,53.0,22.0,19.2,1,4,0.75,30,1,1,1,0,0,1.0,1.0,68084facbf064402,False,False,17.0,5913.0,Retail,73,24.333333333333336,2024-12-24,True,OPT_OUT|NON_PROSPECT|AUTOMATION_INFLATED|INCOMPLETE_PROFILE,4,True,False,False,False,,engaged in last 30 days | attended 1 webinar(s) | ⚠ engagement mostly automated emails | flags: OPT_OUT|NON_PROSPECT|AUTOMATION_INFLATED|INCOMPLETE_PROFILE,,790
6868f007af54412d,lead,Maria,Adams,maria.adams@nelsonllc.com,corporate,,Champion,Manager,,Qualified,52.5,Excluded,False,46.4,51.0,55.5,62.0,1,2,0.5,121,0,0,0,0,0,0.5,0.0,1b007d218bee4ed9,True,False,48.0,21801.0,Healthcare,293,97.66666666666667,,False,OPT_OUT,1,True,False,False,False,,last engagement 121 days ago (stale) | Manager Champion | ICP-qualified account | flags: OPT_OUT,,791
60f224c2950241e2,contact,Stephanie,James,stephanie.james@scott-allen.com,corporate,Oceanographer,Non-Prospect,VP,,MQL,52.4,Excluded,False,77.9,67.0,40.0,1.8,2,5,0.6,35,0,2,0,0,0,0.65,0.0,afbfd1b9e0074d37,False,False,7.0,133.0,Telecommunications,149,74.5,2025-02-25,True,NON_PROSPECT,1,False,False,False,False,,engaged in last 90 days | flags: NON_PROSPECT,,792
5990a2fec4cc42b4,lead,Sonya,Wilkins,sonya.wilkins@snydersmitha.com,corporate,,End User,,,MQL,50.5,Excluded,False,92.0,35.6,37.0,10.0,3,12,0.75,20,1,1,0,1,0,0.633,0.333,,,,,,,206,68.66666666666667,2025-04-12,True,DO_NOT_CONTACT|AUTOMATION_INFLATED|INCOMPLETE_PROFILE,3,False,False,False,False,,engaged in last 30 days | attended 1 event(s) | ⚠ engagement mostly automated emails | nan End User | named target account | ICP-qualified account | flags: DO_NOT_CONTACT|AUTOMATION_INFLATED|INCOMPLETE_PROFILE,,793
8fb0c3050afb4839,lead,Darren,Salazar,parkerjudith@yahoo.com,free_email,,,,,New,50.0,Excluded,False,41.1,97.0,47.0,10.0,2,2,0.0,140,0,0,1,0,0,0.9,0.0,,,,,,,78,26.0,,False,DO_NOT_CONTACT|FREE_EMAIL|INCOMPLETE_PROFILE,3,False,False,False,True,Personal Email,last engagement 140 days ago (stale) | attended 1 webinar(s) | nan nan | named target account | ICP-qualified account | flags: DO_NOT_CONTACT|FREE_EMAIL|INCOMPLETE_PROFILE,,794
ad168d18576a410e,lead,Amanda,Mitchell,amanda.mitchell@licraiganddr.com,corporate,Editorial assistant,End User,,,MQL,49.5,Excluded,False,74.2,41.0,50.0,16.2,1,3,0.667,44,0,1,0,0,0,0.4,0.0,8ad0d1c6bd6144a3,False,False,5.0,13330.0,Government,12,4.0,2025-01-15,True,DO_NOT_CONTACT,1,False,False,False,False,,engaged in last 90 days | nan End User | flags: DO_NOT_CONTACT,,795
2d3fd2cbc31f4adc,lead,Tony,Smith,tony.smith@howeltd.com,corporate,"Therapist, horticultural",,,,MQL,49.0,Excluded,False,48.6,74.5,57.0,10.0,2,5,0.6,113,0,0,0,1,0,0.675,0.0,,,,,,,60,20.0,2025-01-07,True,OPT_OUT|DO_NOT_CONTACT|INCOMPLETE_PROFILE,3,True,False,False,False,,last engagement 113 days ago (stale) | attended 1 event(s) | nan nan | named target account | ICP-qualified account | flags: OPT_OUT|DO_NOT_CONTACT|INCOMPLETE_PROFILE,,796
9ea5ca6b17d84574,lead,Robert,Woodward,robert.woodward@dawsoninc.com,corporate,,,Director,,Attempted,48.7,Excluded,False,19.7,100.0,57.5,26.5,1,1,0.0,307,0,0,1,0,0,1.0,0.0,3a13b6ab40644f98,False,False,46.0,9313.0,Legal,57,19.0,,False,DO_NOT_CONTACT|INCOMPLETE_PROFILE,2,False,False,False,False,,last engagement 307 days ago (stale) | attended 1 webinar(s) | Director nan | flags: DO_NOT_CONTACT|INCOMPLETE_PROFILE,,797
906225505b1a493a,contact,Justin,Ortiz,erika05@gmail.com,free_email,,Economic Buyer,Manager,,Nurture,48.5,Excluded,False,13.6,100.0,64.5,29.2,1,3,0.667,416,0,0,1,0,0,1.0,0.0,fbd6e881517a44c4,False,False,97.0,395.0,Education,84,42.0,,False,OPT_OUT|FREE_EMAIL|BROKEN_CONV_LINK,3,True,False,False,False,,last engagement 416 days ago (stale) | attended 1 webinar(s) | Manager Economic Buyer | high intent score (97) | flags: OPT_OUT|FREE_EMAIL|BROKEN_CONV_LINK,,798
a216a876c5e64420,contact,Andrew,Ryan,andrew.ryan@rhodes-rosar.com,corporate,Science writer,,,,Active,48.4,Excluded,False,63.8,20.5,50.0,54.8,1,4,0.75,69,0,1,0,0,0,0.4,0.0,1e5548d07a324f62,True,False,39.0,2328.0,Healthcare,139,69.5,,False,OPT_OUT|AUTOMATION_INFLATED|INCOMPLETE_PROFILE,3,True,False,False,False,,engaged in last 90 days | ⚠ engagement mostly automated emails | nan nan | ICP-qualified account | flags: OPT_OUT|AUTOMATION_INFLATED|INCOMPLETE_PROFILE,,799
cd8543f86cf846b7,lead,Adam,Pierce,adam.pierce@russellgroup.com,corporate,,CISO,Individual Contributor,,New,47.3,Excluded,False,19.6,100.0,67.0,10.0,1,2,0.5,308,0,0,0,1,0,1.0,0.0,,,,,,,35,11.666666666666666,,False,OPT_OUT|DO_NOT_CONTACT|INCOMPLETE_PROFILE,3,True,False,False,True,Personal Email,last engagement 308 days ago (stale) | attended 1 event(s) | Individual Contributor CISO | named target account | ICP-qualified account | flags: OPT_OUT|DO_NOT_CONTACT|INCOMPLETE_PROFILE,,800
f99d8127e9124a5d,lead,Robert,Larsen,robert.larsen@jackson-cunn.com,corporate,,CISO,Individual Contributor,,MQL,47.2,Excluded,False,64.2,40.6,63.0,10.0,3,15,0.8,68,0,1,1,0,0,0.733,0.0,,,,,,,13,4.333333333333334,2025-04-17,True,DO_NOT_CONTACT|AUTOMATION_INFLATED|INCOMPLETE_PROFILE,3,False,False,False,False,,engaged in last 90 days | attended 1 webinar(s) | ⚠ engagement mostly automated emails | Individual Contributor CISO | named target account | ICP-qualified account | flags: DO_NOT_CONTACT|AUTOMATION_INFLATED|INCOMPLETE_PROFILE,,801
9e70907913244891,lead,Christine,Glenn,christine.glenn@washingtonan.com,corporate,Music tutor,Champion,Individual Contributor,,Recycled,47.1,Excluded,False,30.3,81.3,60.0,21.0,3,8,0.625,179,0,0,1,0,0,0.733,0.0,7834506c04fd4abd,False,False,64.0,853.0,Government,293,97.66666666666667,,False,OPT_OUT,1,True,False,False,False,,last engagement 179 days ago (stale) | attended 1 webinar(s) | Individual Contributor Champion | flags: OPT_OUT,,802
8fb869d432b649ca,lead,Robert,Huang,robert.huang@villegas-mil.com,corporate,Chief of Staff,Non-Prospect,Individual Contributor,,MQL,47.1,Excluded,False,64.6,53.0,25.0,31.2,1,5,0.8,67,0,1,0,1,0,1.0,0.0,844ccdc969e1457f,False,False,65.0,14550.0,Retail,105,35.0,2024-11-11,True,OPT_OUT|EMAIL_BOUNCED|NON_PROSPECT|AUTOMATION_INFLATED,4,True,True,False,False,,engaged in last 90 days | attended 1 event(s) | ⚠ engagement mostly automated emails | flags: OPT_OUT|EMAIL_BOUNCED|NON_PROSPECT|AUTOMATION_INFLATED,,803
a2037ab964e441b7,contact,Susan,Jones,susan.jones@hillltd.com,corporate,,Champion,,,Active,46.5,Excluded,False,68.3,46.4,50.0,5.0,4,23,0.826,58,0,2,2,0,0,0.788,0.0,75848e4543da43c0,False,False,0.0,375.0,Government,186,93.0,,False,OPT_OUT|AUTOMATION_INFLATED|INCOMPLETE_PROFILE,3,True,False,False,False,,engaged in last 90 days | attended 2 webinar(s) | ⚠ engagement mostly automated emails | nan Champion | flags: OPT_OUT|AUTOMATION_INFLATED|INCOMPLETE_PROFILE,,804
f2a18b80dcfe4d30,lead,Angela,Randall,angela.randall@barnesnichol.com,corporate,,Economic Buyer,Director,,MQL,44.3,Excluded,False,36.7,51.0,75.5,18.0,1,1,0.0,156,0,0,0,0,0,0.5,0.0,86f6760bab504df6,False,False,32.0,1164.0,Media,216,72.0,2025-01-06,True,DO_NOT_CONTACT,1,False,False,False,False,,last engagement 156 days ago (stale) | Director Economic Buyer | flags: DO_NOT_CONTACT,,805
c78975472bf94527,contact,Christopher,Richardson,christopher.richardson@wilsonhiggin.com,corporate,Professor Emeritus,Technical Buyer,Director,,Nurture,43.0,Excluded,False,37.8,40.5,75.5,22.5,1,6,0.833,152,0,0,0,0,0,0.8,0.0,edf3b7ee3da04803,False,False,30.0,36633.0,Media,83,41.5,,False,OPT_OUT|AUTOMATION_INFLATED,2,True,False,False,False,,last engagement 152 days ago (stale) | ⚠ engagement mostly automated emails | Director Technical Buyer | flags: OPT_OUT|AUTOMATION_INFLATED,,806
6554e32571ab4fe4,lead,Matthew,Day,matthew.day@marshalldomi.com,corporate,,End User,Individual Contributor,,MQL,42.3,Excluded,False,65.8,41.0,35.0,10.0,1,3,0.667,64,0,1,0,0,0,0.4,0.0,,,,,,,29,9.666666666666666,2024-12-17,True,OPT_OUT|DO_NOT_CONTACT|INCOMPLETE_PROFILE,3,True,False,False,False,,engaged in last 90 days | Individual Contributor End User | named target account | ICP-qualified account | flags: OPT_OUT|DO_NOT_CONTACT|INCOMPLETE_PROFILE,,807
57bf1b75be9d4448,lead,Laurie,Acosta,laurie.acosta@jordanandson.com,corporate,Sports administrator,,,,MQL,42.1,Excluded,False,18.3,94.0,51.0,10.0,1,2,0.5,324,0,0,0,0,1,0.9,0.0,,,,,,,206,68.66666666666667,2024-12-19,True,DO_NOT_CONTACT|STALE_LEGACY_SCORE|INCOMPLETE_PROFILE,3,False,False,False,False,,last engagement 324 days ago (stale) | nan nan | named target account | ICP-qualified account | flags: DO_NOT_CONTACT|STALE_LEGACY_SCORE|INCOMPLETE_PROFILE,,808
e2a4cb61e8b64fe8,lead,Kyle,Reed,lindaramos@mail.ru,free_email,Medical secretary,Economic Buyer,,,New,42.1,Excluded,False,10.5,82.0,72.0,17.5,2,3,0.333,528,0,0,1,0,0,0.75,0.0,121edb0c9ad44cf9,False,False,70.0,67.0,Insurance,64,21.333333333333336,,False,OPT_OUT|FREE_EMAIL,2,True,False,False,True,No Longer With Company,last engagement 528 days ago (stale) | attended 1 webinar(s) | nan Economic Buyer | high intent score (70) | flags: OPT_OUT|FREE_EMAIL,,809
a25caca11f2c42e1,lead,Sarah,Durham,sarah.durham@freemansmith.com,corporate,"Administrator, charities/voluntary organisations",Non-Prospect,Manager,,Qualified,41.8,Excluded,False,40.0,53.0,36.5,36.0,1,5,0.8,144,0,0,1,0,0,1.0,0.0,4883fd135cf34e68,False,False,84.0,40167.0,Manufacturing,69,23.0,,False,NON_PROSPECT|AUTOMATION_INFLATED,2,False,False,False,False,,last engagement 144 days ago (stale) | attended 1 webinar(s) | ⚠ engagement mostly automated emails | high intent score (84) | flags: NON_PROSPECT|AUTOMATION_INFLATED,,810
b43c6bb4afce4357,contact,Diana,Bates,diana.bates@larsoninc.com,corporate,,Non-Prospect,C-Level,,Qualified,41.7,Excluded,False,29.7,47.0,33.0,64.8,2,3,0.333,184,0,0,0,0,0,0.45,0.0,24bf1154090d41c1,True,False,79.0,1348.0,Technology,98,49.0,,False,NON_PROSPECT|BROKEN_CONV_LINK,2,False,False,False,False,,last engagement 184 days ago (stale) | ICP-qualified account | high intent score (79) | flags: NON_PROSPECT|BROKEN_CONV_LINK,,811
7915ade429a64644,contact,Brianna,Smith,brianna.smith@williams-har.com,corporate,Secondary school teacher,End User,Manager,,MQL,40.5,Excluded,False,41.9,62.0,49.5,2.2,2,5,0.6,137,0,0,0,0,0,0.6,0.0,5e8f0b6a8c314397,False,False,9.0,16.0,Insurance,200,100.0,2025-02-02,True,OPT_OUT|BROKEN_CONV_LINK,2,True,False,False,False,,last engagement 137 days ago (stale) | Manager End User | flags: OPT_OUT|BROKEN_CONV_LINK,,812
14a3b0af610f4ac4,lead,Michael,Bruce,michael.bruce@thompsonnune.com,corporate,Volunteer coordinator,,Manager,,Qualified,40.4,Excluded,False,36.7,61.0,51.5,10.0,5,15,0.667,156,0,0,1,0,0,0.51,0.0,,,,,,,249,83.0,,False,OPT_OUT|DO_NOT_CONTACT|INCOMPLETE_PROFILE,3,True,False,False,True,Duplicate,last engagement 156 days ago (stale) | attended 1 webinar(s) | Manager nan | named target account | ICP-qualified account | flags: OPT_OUT|DO_NOT_CONTACT|INCOMPLETE_PROFILE,,813
fa8ff6a7ab934799,lead,Thomas,Wilson,thomas.wilson@ruiz-jacobso.com,corporate,Geochemist,Champion,Manager,,MQL,39.3,Excluded,False,6.1,51.0,71.5,50.8,1,1,0.0,690,0,0,0,0,0,0.5,0.0,a49011ff86b645a4,False,True,83.0,417.0,Media,201,67.0,2025-02-05,True,OPT_OUT|STALE_LEGACY_SCORE,2,True,False,False,False,,last engagement 690 days ago (stale) | Manager Champion | named target account | high intent score (83) | flags: OPT_OUT|STALE_LEGACY_SCORE,,814
4df19fc7a9b14c6c,contact,Cindy,Baker,cindy.baker@clarkinc.com,corporate,,Technical Buyer,,,Qualified,39.3,Excluded,False,34.7,51.0,55.0,17.0,1,3,0.667,163,0,0,0,0,0,0.5,0.0,f4723066914942c3,False,False,8.0,9898.0,Legal,70,35.0,,False,OPT_OUT|INCOMPLETE_PROFILE,2,True,False,False,False,,last engagement 163 days ago (stale) | nan Technical Buyer | flags: OPT_OUT|INCOMPLETE_PROFILE,,815
f0bea61e07974542,contact,Margaret,Snyder,margaret.snyder@reevesandson.com,corporate,,Technical Buyer,,,Attempted,38.7,Excluded,False,28.5,53.0,55.0,22.2,1,4,0.75,199,0,0,1,0,0,1.0,0.0,b456f25952eb43f7,False,False,29.0,9517.0,Manufacturing,36,18.0,,False,OPT_OUT|AUTOMATION_INFLATED|INCOMPLETE_PROFILE,3,True,False,False,False,,last engagement 199 days ago (stale) | attended 1 webinar(s) | ⚠ engagement mostly automated emails | nan Technical Buyer | flags: OPT_OUT|AUTOMATION_INFLATED|INCOMPLETE_PROFILE,,816
094db835ab6a4c5f,contact,Kristi,Diaz,kristi.diaz@gonzalezosbo.com,corporate,Statistician,,,,MQL,37.9,Excluded,False,38.6,49.7,50.0,10.0,3,6,0.5,149,0,0,0,0,0,0.467,0.0,,,,,,,193,96.5,2024-12-13,True,DO_NOT_CONTACT|BROKEN_CONV_LINK|INCOMPLETE_PROFILE,3,False,False,False,False,,last engagement 149 days ago (stale) | nan nan | named target account | ICP-qualified account | flags: DO_NOT_CONTACT|BROKEN_CONV_LINK|INCOMPLETE_PROFILE,,817
efbf41ad1b94405b,contact,Anthony,Cherry,christinesolomon@yahoo.com,free_email,Merchant navy officer,Non-Prospect,,,Nurture,35.6,Excluded,False,9.6,100.0,25.0,11.2,1,1,0.0,562,0,0,0,1,0,1.0,0.0,c6ac99ebfd304307,False,False,5.0,1474.0,Insurance,83,41.5,,False,NON_PROSPECT|FREE_EMAIL,2,False,False,False,False,,last engagement 562 days ago (stale) | attended 1 event(s) | flags: NON_PROSPECT|FREE_EMAIL,,818
a30c4036531f43fd,lead,Cassandra,Harris,cassandra.harris@arnoldllc.com,corporate,Museum/gallery conservator,Champion,,,New,32.6,Excluded,False,36.7,20.5,61.0,12.2,1,5,0.8,156,0,0,0,0,0,0.4,0.0,c262420d46a345b5,False,False,49.0,91.0,Government,188,62.66666666666667,,False,COMPETITOR|AUTOMATION_INFLATED,2,False,False,False,True,Competitor,last engagement 156 days ago (stale) | ⚠ engagement mostly automated emails | nan Champion | flags: COMPETITOR|AUTOMATION_INFLATED,,819
d2751f3831e24ea6,lead,Sarah,Fisher,esweeney@yahoo.com,free_email,Cartographer,Non-Prospect,,,Disqualified,32.3,Excluded,False,35.0,41.0,32.0,17.0,2,7,0.714,162,0,0,1,0,0,0.75,0.0,0b184e0bbfcc4953,False,False,28.0,1815.0,Media,292,97.33333333333334,,False,OPT_OUT|NON_PROSPECT|FREE_EMAIL|AUTOMATION_INFLATED,4,True,False,False,False,,last engagement 162 days ago (stale) | attended 1 webinar(s) | ⚠ engagement mostly automated emails | flags: OPT_OUT|NON_PROSPECT|FREE_EMAIL|AUTOMATION_INFLATED,,820
3fcf9a63b7c44346,contact,Matthew,Day,matthew.day@marshalldomi.com,corporate,,End User,Individual Contributor,,Active,31.7,Excluded,False,36.4,42.4,32.0,10.0,3,12,0.75,157,0,0,1,0,0,0.767,0.0,,,,,,,106,53.0,,False,OPT_OUT|EMAIL_BOUNCED|DO_NOT_CONTACT|AUTOMATION_INFLATED|BROKEN_CONV_LINK|INCOMPLETE_PROFILE,6,True,True,False,False,,last engagement 157 days ago (stale) | attended 1 webinar(s) | ⚠ engagement mostly automated emails | Individual Contributor End User | named target account | ICP-qualified account | flags: OPT_OUT|EMAIL_BOUNCED|DO_NOT_CONTACT|AUTOMATION_INFLATED|BROKEN_CONV_LINK|INCOMPLETE_PROFILE,,821
3dc436f6a54e4bf8,contact,Pamela,Paul,pamela.paul@morgan-lopez.com,corporate,Research scientist (medical),,Individual Contributor,,Active,30.3,Excluded,False,14.1,38.5,47.0,31.8,2,11,0.818,398,0,0,1,0,0,0.7,0.0,0c1fb6bf3ec346ea,False,True,27.0,82.0,Education,193,96.5,,False,OPT_OUT|AUTOMATION_INFLATED|BROKEN_CONV_LINK|STALE_LEGACY_SCORE,4,True,False,False,False,,last engagement 398 days ago (stale) | attended 1 webinar(s) | ⚠ engagement mostly automated emails | Individual Contributor nan | named target account | flags: OPT_OUT|AUTOMATION_INFLATED|BROKEN_CONV_LINK|STALE_LEGACY_SCORE,,822
68e84a68340e4beb,contact,Kimberly,Beltran,kimberly.beltran@mcgeewalland.com,corporate,Event organiser,,Director,,MQL,29.9,Excluded,False,14.9,40.5,60.5,12.2,1,4,0.75,369,0,0,0,0,0,0.8,0.0,c262420d46a345b5,False,False,49.0,91.0,Government,13,6.5,2025-04-07,True,OPT_OUT|EMAIL_BOUNCED|NO_LONGER_WITH_COMPANY|AUTOMATION_INFLATED|BROKEN_CONV_LINK,5,True,True,True,False,,last engagement 369 days ago (stale) | ⚠ engagement mostly automated emails | Director nan | flags: OPT_OUT|EMAIL_BOUNCED|NO_LONGER_WITH_COMPANY|AUTOMATION_INFLATED|BROKEN_CONV_LINK,,823
dcb84155059849df,contact,Calvin,Hester,calvin.hester@gonzalez-ant.com,corporate,Operations geologist,,Individual Contributor,,MQL,29.2,Excluded,False,0.0,0.0,47.0,98.8,0,3,1.0,999,0,0,0,0,0,0.0,0.0,d77dc381ee934c69,True,True,95.0,26746.0,Healthcare,173,86.5,2024-11-09,True,OPT_OUT|AUTOMATION_INFLATED|STALE_LEGACY_SCORE|NO_ENGAGEMENT,4,True,False,False,False,,no recorded engagement | ⚠ engagement mostly automated emails | Individual Contributor nan | named target account | ICP-qualified account | high intent score (95) | flags: OPT_OUT|AUTOMATION_INFLATED|STALE_LEGACY_SCORE|NO_ENGAGEMENT,,824
45b448c1414b4586,lead,Megan,Campbell,cassandra28@yahoo.com,free_email,"Civil engineer, contracting",Technical Buyer,Individual Contributor,,MQL,28.6,Excluded,False,0.0,0.0,69.0,73.8,0,16,1.0,999,0,0,0,0,0,0.0,0.0,2214cc99c6874f4a,True,False,95.0,37628.0,Healthcare,216,72.0,2025-01-04,True,OPT_OUT|FREE_EMAIL|AUTOMATION_INFLATED|STALE_LEGACY_SCORE|NO_ENGAGEMENT,5,True,False,False,False,,no recorded engagement | ⚠ engagement mostly automated emails | Individual Contributor Technical Buyer | ICP-qualified account | high intent score (95) | flags: OPT_OUT|FREE_EMAIL|AUTOMATION_INFLATED|STALE_LEGACY_SCORE|NO_ENGAGEMENT,,825
dc615158397c42d3,lead,Emily,Parker,emily.parker@fosterinc.com,corporate,Engineering geologist,Non-Prospect,,,Recycled,26.0,Excluded,False,11.7,56.0,32.0,7.5,2,14,0.857,484,0,0,1,1,0,1.0,0.0,af7b2cc79182453f,False,False,10.0,342.0,Telecommunications,10,3.3333333333333335,,False,NON_PROSPECT|AUTOMATION_INFLATED,2,False,False,False,False,,last engagement 484 days ago (stale) | attended 1 webinar(s) | attended 1 event(s) | ⚠ engagement mostly automated emails | flags: NON_PROSPECT|AUTOMATION_INFLATED,,826
8289b4ca2f104aff,contact,Stephanie,Archer,stephanie.archer@ramireztatea.com,corporate,Fitness centre manager,Non-Prospect,VP,,Nurture,26.0,Excluded,False,9.4,41.0,40.0,22.2,1,2,0.5,569,0,0,0,0,0,0.4,0.0,ca94fa518e714acd,False,False,89.0,16.0,Energy,197,98.5,,False,OPT_OUT|NON_PROSPECT|STALE_LEGACY_SCORE,3,True,False,False,False,,last engagement 569 days ago (stale) | high intent score (89) | flags: OPT_OUT|NON_PROSPECT|STALE_LEGACY_SCORE,,827
2803928d179547c9,lead,Eric,Collins,eric.collins@frank-bradle.com,corporate,Chartered accountant,Non-Prospect,Individual Contributor,,New,25.2,Excluded,False,0.0,0.0,27.0,98.8,0,5,1.0,999,0,0,0,0,0,0.0,0.0,d77dc381ee934c69,True,True,95.0,26746.0,Healthcare,234,78.0,,False,NO_LONGER_WITH_COMPANY|NON_PROSPECT|AUTOMATION_INFLATED|STALE_LEGACY_SCORE|NO_ENGAGEMENT,5,False,False,True,False,,no recorded engagement | ⚠ engagement mostly automated emails | named target account | ICP-qualified account | high intent score (95) | flags: NO_LONGER_WITH_COMPANY|NON_PROSPECT|AUTOMATION_INFLATED|STALE_LEGACY_SCORE|NO_ENGAGEMENT,,828
8db5cea86fa34bbc,contact,Eric,Collins,eric.collins@frank-bradle.com,corporate,Chartered accountant,Non-Prospect,Individual Contributor,,Attempted,24.2,Excluded,False,0.0,0.0,22.0,98.8,0,0,0.0,999,0,0,0,0,0,0.0,0.0,d77dc381ee934c69,True,True,95.0,26746.0,Healthcare,158,79.0,,False,NO_LONGER_WITH_COMPANY|NON_PROSPECT|BROKEN_CONV_LINK|STALE_LEGACY_SCORE|NO_ENGAGEMENT,5,False,False,True,False,,no recorded engagement | named target account | ICP-qualified account | high intent score (95) | flags: NO_LONGER_WITH_COMPANY|NON_PROSPECT|BROKEN_CONV_LINK|STALE_LEGACY_SCORE|NO_ENGAGEMENT,,829
e3f1347ca2f24cc2,lead,Adam,Macias,adam.macias@martin-jones.com,corporate,Health visitor,,,,Qualified,23.4,Excluded,False,0.0,0.0,55.0,62.0,0,0,0.0,999,0,0,0,0,0,0.0,0.0,1b007d218bee4ed9,True,False,48.0,21801.0,Healthcare,69,23.0,,False,OPT_OUT|NO_ENGAGEMENT|INCOMPLETE_PROFILE,3,True,False,False,False,,no recorded engagement | nan nan | ICP-qualified account | flags: OPT_OUT|NO_ENGAGEMENT|INCOMPLETE_PROFILE,,830
af59e63a57d5405c,contact,Maria,Adams,maria.adams@nelsonllc.com,corporate,,Champion,Manager,,MQL,23.3,Excluded,False,0.0,0.0,54.5,62.0,0,0,0.0,999,0,0,0,0,0,0.0,0.0,1b007d218bee4ed9,True,False,48.0,21801.0,Healthcare,163,81.5,2025-01-11,True,OPT_OUT|BROKEN_CONV_LINK|STALE_LEGACY_SCORE|NO_ENGAGEMENT,4,True,False,False,False,,no recorded engagement | Manager Champion | ICP-qualified account | flags: OPT_OUT|BROKEN_CONV_LINK|STALE_LEGACY_SCORE|NO_ENGAGEMENT,,831
82c8119c1aea4fe9,contact,Jason,Douglas,jason.douglas@boonellc.com,corporate,"Surveyor, commercial/residential",Economic Buyer,,,Qualified,23.2,Excluded,False,0.0,0.0,70.0,46.0,0,3,1.0,999,0,0,0,0,0,0.0,0.0,c178bf137e024fc3,True,False,24.0,873.0,Healthcare,147,73.5,,False,OPT_OUT|AUTOMATION_INFLATED|BROKEN_CONV_LINK|STALE_LEGACY_SCORE|NO_ENGAGEMENT,5,True,False,False,False,,no recorded engagement | ⚠ engagement mostly automated emails | nan Economic Buyer | ICP-qualified account | flags: OPT_OUT|AUTOMATION_INFLATED|BROKEN_CONV_LINK|STALE_LEGACY_SCORE|NO_ENGAGEMENT,,832
452649313f6a45c5,lead,Richard,Lopez,richard.lopez@sandovalfost.com,corporate,,End User,,,MQL,22.8,Excluded,False,0.0,0.0,36.0,78.0,0,0,0.0,999,0,0,0,0,0,0.0,0.0,540e52a761d74268,True,True,12.0,8886.0,Healthcare,194,64.66666666666666,2025-01-17,True,OPT_OUT|EMAIL_BOUNCED|STALE_LEGACY_SCORE|NO_ENGAGEMENT|INCOMPLETE_PROFILE,5,True,True,False,False,,no recorded engagement | nan End User | named target account | ICP-qualified account | flags: OPT_OUT|EMAIL_BOUNCED|STALE_LEGACY_SCORE|NO_ENGAGEMENT|INCOMPLETE_PROFILE,,833
de87bda1458f4d51,lead,Alexander,Ho,alexander.ho@reyes-stewar.com,corporate,Senior tax professional/tax inspector,,Manager,,New,22.8,Excluded,False,0.0,0.0,56.5,57.5,0,14,1.0,999,0,0,0,0,0,0.0,0.0,252a4324713a470b,True,False,30.0,6960.0,Healthcare,213,71.0,,False,OPT_OUT|AUTOMATION_INFLATED|STALE_LEGACY_SCORE|NO_ENGAGEMENT,4,True,False,False,False,,no recorded engagement | ⚠ engagement mostly automated emails | Manager nan | ICP-qualified account | flags: OPT_OUT|AUTOMATION_INFLATED|STALE_LEGACY_SCORE|NO_ENGAGEMENT,,834
a196d986720a44fb,contact,Sydney,Campos,sydney.campos@harringtonpl.com,corporate,"Civil engineer, consulting",Economic Buyer,Individual Contributor,,Qualified,22.8,Excluded,False,0.0,0.0,67.0,46.8,0,13,1.0,999,0,0,0,0,0,0.0,0.0,b2b8bf0559484bc7,False,True,47.0,2672.0,Retail,195,97.5,,False,OPT_OUT|AUTOMATION_INFLATED|STALE_LEGACY_SCORE|NO_ENGAGEMENT,4,True,False,False,False,,no recorded engagement | ⚠ engagement mostly automated emails | Individual Contributor Economic Buyer | named target account | flags: OPT_OUT|AUTOMATION_INFLATED|STALE_LEGACY_SCORE|NO_ENGAGEMENT,,835
aacd1bb86d354f95,lead,Jessica,Payne,jessica.payne@morganplc.com,corporate,,Non-Prospect,,,MQL,22.7,Excluded,False,10.2,51.0,22.0,10.0,1,1,0.0,541,0,0,0,0,0,0.5,0.0,,,,,,,189,63.0,2024-12-22,True,DO_NOT_CONTACT|NON_PROSPECT|STALE_LEGACY_SCORE|INCOMPLETE_PROFILE,4,False,False,False,False,,last engagement 541 days ago (stale) | named target account | ICP-qualified account | flags: DO_NOT_CONTACT|NON_PROSPECT|STALE_LEGACY_SCORE|INCOMPLETE_PROFILE,,836
ab15bd51465a4de6,lead,Javier,Lynch,paultaylor@gmail.com,free_email,"Engineer, biomedical",Economic Buyer,Individual Contributor,,New,22.4,Excluded,False,0.0,0.0,74.0,38.0,0,1,1.0,999,0,0,0,0,0,0.0,0.0,77ad07a1315c47a3,False,False,92.0,7705.0,Legal,114,38.0,,False,OPT_OUT|NO_LONGER_WITH_COMPANY|FREE_EMAIL|AUTOMATION_INFLATED|NO_ENGAGEMENT,5,True,False,True,False,,no recorded engagement | ⚠ engagement mostly automated emails | Individual Contributor Economic Buyer | high intent score (92) | flags: OPT_OUT|NO_LONGER_WITH_COMPANY|FREE_EMAIL|AUTOMATION_INFLATED|NO_ENGAGEMENT,,837
73a4dba7d86042f4,contact,Valerie,Jones,valerie.jones@aviladavisan.com,corporate,Government social research officer,Economic Buyer,VP,,MQL,22.3,Excluded,False,0.0,0.0,85.0,26.5,0,8,1.0,999,0,0,0,0,0,0.0,0.0,3a13b6ab40644f98,False,False,46.0,9313.0,Legal,178,89.0,2024-11-23,True,NO_LONGER_WITH_COMPANY|DO_NOT_CONTACT|AUTOMATION_INFLATED|STALE_LEGACY_SCORE|NO_ENGAGEMENT,5,False,False,True,False,,no recorded engagement | ⚠ engagement mostly automated emails | VP Economic Buyer | flags: NO_LONGER_WITH_COMPANY|DO_NOT_CONTACT|AUTOMATION_INFLATED|STALE_LEGACY_SCORE|NO_ENGAGEMENT,,838
fc471e4b437c4b3e,lead,Julian,Johnson,julian.johnson@park-long.com,corporate,"Investment banker, corporate",,,,MQL,22.1,Excluded,False,0.0,0.0,55.0,55.5,0,0,0.0,999,0,0,0,0,0,0.0,0.0,99e324fd84e444ea,True,False,22.0,32508.0,Healthcare,281,93.66666666666667,2025-03-21,True,DO_NOT_CONTACT|STALE_LEGACY_SCORE|NO_ENGAGEMENT|INCOMPLETE_PROFILE,4,False,False,False,False,,no recorded engagement | nan nan | ICP-qualified account | flags: DO_NOT_CONTACT|STALE_LEGACY_SCORE|NO_ENGAGEMENT|INCOMPLETE_PROFILE,,839
8acbc65b9e8949c8,contact,Shannon,Russo,jorgemcdaniel@gmx.de,free_email,Land,Champion,VP,,Qualified,22.0,Excluded,False,0.0,0.0,75.0,34.8,0,48,1.0,999,0,0,0,0,0,0.0,0.0,2c8f14581a284acd,False,False,99.0,3594.0,Telecommunications,38,19.0,,False,OPT_OUT|FREE_EMAIL|AUTOMATION_INFLATED|NO_ENGAGEMENT,4,True,False,False,False,,no recorded engagement | ⚠ engagement mostly automated emails | VP Champion | high intent score (99) | flags: OPT_OUT|FREE_EMAIL|AUTOMATION_INFLATED|NO_ENGAGEMENT,,840
6eaa48d0643e4fef,contact,Brian,Harris,brian.harris@saundersllc.com,corporate,Horticultural consultant,CISO,Manager,,MQL,21.5,Excluded,False,0.0,0.0,79.5,28.0,0,0,0.0,999,0,0,0,0,0,0.0,0.0,08db683f415a486a,False,False,72.0,1279.0,Manufacturing,125,62.5,2025-03-13,True,OPT_OUT|BROKEN_CONV_LINK|STALE_LEGACY_SCORE|NO_ENGAGEMENT,4,True,False,False,False,,no recorded engagement | Manager CISO | high intent score (72) | flags: OPT_OUT|BROKEN_CONV_LINK|STALE_LEGACY_SCORE|NO_ENGAGEMENT,,841
d1894bea30d542f7,contact,Ryan,Frazier,ryan.frazier@jamesbartona.com,corporate,Fine artist,,,,Active,21.5,Excluded,False,0.0,0.0,50.0,57.5,0,0,0.0,999,0,0,0,0,0,0.0,0.0,c9c058f29ef34563,True,False,70.0,821.0,Financial Services,178,89.0,,False,OPT_OUT|BROKEN_CONV_LINK|STALE_LEGACY_SCORE|NO_ENGAGEMENT|INCOMPLETE_PROFILE,5,True,False,False,False,,no recorded engagement | nan nan | ICP-qualified account | high intent score (70) | flags: OPT_OUT|BROKEN_CONV_LINK|STALE_LEGACY_SCORE|NO_ENGAGEMENT|INCOMPLETE_PROFILE,,842
a78ef83bb19f4a35,lead,Cassie,Shelton,cassie.shelton@watson-hines.com,corporate,"Teacher, secondary school",Economic Buyer,VP,,New,21.4,Excluded,False,0.0,0.0,92.0,15.2,0,0,0.0,999,0,0,0,0,0,0.0,0.0,aa0509047e9c4d04,False,False,41.0,677.0,Telecommunications,206,68.66666666666667,,False,OPT_OUT|STALE_LEGACY_SCORE|NO_ENGAGEMENT,3,True,False,False,False,,no recorded engagement | VP Economic Buyer | flags: OPT_OUT|STALE_LEGACY_SCORE|NO_ENGAGEMENT,,843
e0fefcf87fde422f,contact,Sara,Hardin,sara.hardin@davis-carson.com,corporate,Fashion designer,,Manager,,MQL,21.4,Excluded,False,0.0,0.0,54.5,52.5,0,2,1.0,999,0,0,0,0,0,0.0,0.0,b2e6251e40dc4ba5,True,False,30.0,4425.0,Healthcare,131,65.5,2025-02-11,True,OPT_OUT|AUTOMATION_INFLATED|STALE_LEGACY_SCORE|NO_ENGAGEMENT,4,True,False,False,False,,no recorded engagement | ⚠ engagement mostly automated emails | Manager nan | ICP-qualified account | flags: OPT_OUT|AUTOMATION_INFLATED|STALE_LEGACY_SCORE|NO_ENGAGEMENT,,844
50fb51f778b244d2,lead,Gerald,Reeves,gerald.reeves@cochranllc.com,corporate,"Loss adjuster, chartered",,Individual Contributor,,MQL,21.2,Excluded,False,0.0,0.0,54.0,51.8,0,52,1.0,999,0,0,0,0,0,0.0,0.0,51fc143e50854e87,True,False,47.0,268.0,Healthcare,129,43.0,2025-04-25,True,OPT_OUT|AUTOMATION_INFLATED|BROKEN_CONV_LINK|NO_ENGAGEMENT,4,True,False,False,False,,no recorded engagement | ⚠ engagement mostly automated emails | Individual Contributor nan | ICP-qualified account | flags: OPT_OUT|AUTOMATION_INFLATED|BROKEN_CONV_LINK|NO_ENGAGEMENT,,845
bb99a4618f3c4fef,lead,Frederick,Sanchez,frederick.sanchez@williamsgarc.com,corporate,Video editor,,C-Level,,New,21.2,Excluded,False,0.0,0.0,75.0,31.2,0,0,0.0,999,0,0,0,0,0,0.0,0.0,0000024fcc2d43e2,False,False,85.0,3882.0,Legal,124,41.333333333333336,,False,OPT_OUT|NO_ENGAGEMENT,2,True,False,False,True,Bad Data,no recorded engagement | C-Level nan | high intent score (85) | flags: OPT_OUT|NO_ENGAGEMENT,,846
9f611c0e066f4f3c,contact,Erica,Clay,erica.clay@mitchellltd.com,corporate,,,VP,,MQL,21.2,Excluded,False,0.0,0.0,55.0,50.8,0,0,0.0,999,0,0,0,0,0,0.0,0.0,a49011ff86b645a4,False,True,83.0,417.0,Media,7,3.5000000000000004,2024-11-10,True,OPT_OUT|NO_ENGAGEMENT|INCOMPLETE_PROFILE,3,True,False,False,False,,no recorded engagement | VP nan | named target account | high intent score (83) | flags: OPT_OUT|NO_ENGAGEMENT|INCOMPLETE_PROFILE,,847
ee72ba5d69a3408c,lead,Diana,Bates,diana.bates@larsoninc.com,corporate,,Non-Prospect,C-Level,,MQL,20.2,Excluded,False,0.0,0.0,36.0,64.8,0,72,1.0,999,0,0,0,0,0,0.0,0.0,24bf1154090d41c1,True,False,79.0,1348.0,Technology,254,84.66666666666667,2025-01-02,True,NON_PROSPECT|AUTOMATION_INFLATED|BROKEN_CONV_LINK|STALE_LEGACY_SCORE|NO_ENGAGEMENT,5,False,False,False,False,,no recorded engagement | ⚠ engagement mostly automated emails | ICP-qualified account | high intent score (79) | flags: NON_PROSPECT|AUTOMATION_INFLATED|BROKEN_CONV_LINK|STALE_LEGACY_SCORE|NO_ENGAGEMENT,,848
4d8aacfc55ca48ae,contact,Heather,Torres,thomas85@yahoo.com,free_email,"Physicist, medical",CISO,Individual Contributor,,MQL,20.0,Excluded,False,0.0,0.0,72.0,28.2,0,0,0.0,999,0,0,0,0,0,0.0,0.0,ed8d9c184c104dd2,False,False,53.0,6077.0,Retail,98,49.0,2024-12-14,True,OPT_OUT|NO_LONGER_WITH_COMPANY|FREE_EMAIL|BROKEN_CONV_LINK|NO_ENGAGEMENT,5,True,False,True,False,,no recorded engagement | Individual Contributor CISO | flags: OPT_OUT|NO_LONGER_WITH_COMPANY|FREE_EMAIL|BROKEN_CONV_LINK|NO_ENGAGEMENT,,849
41a6e9d9dd674b7d,contact,Cassie,Shelton,cassie.shelton@watson-hines.com,corporate,"Teacher, secondary school",Economic Buyer,VP,,MQL,20.0,Excluded,False,0.0,0.0,85.0,15.2,0,1,1.0,999,0,0,0,0,0,0.0,0.0,aa0509047e9c4d04,False,False,41.0,677.0,Telecommunications,184,92.0,2025-02-06,True,OPT_OUT|AUTOMATION_INFLATED|BROKEN_CONV_LINK|STALE_LEGACY_SCORE|NO_ENGAGEMENT,5,True,False,False,False,,no recorded engagement | ⚠ engagement mostly automated emails | VP Economic Buyer | flags: OPT_OUT|AUTOMATION_INFLATED|BROKEN_CONV_LINK|STALE_LEGACY_SCORE|NO_ENGAGEMENT,,850
3132ae0590994d6a,contact,Gerald,Reeves,gerald.reeves@cochranllc.com,corporate,"Loss adjuster, chartered",,Individual Contributor,,Active,19.8,Excluded,False,0.0,0.0,47.0,51.8,0,0,0.0,999,0,0,0,0,0,0.0,0.0,51fc143e50854e87,True,False,47.0,268.0,Healthcare,70,35.0,,False,OPT_OUT|EMAIL_BOUNCED|NO_LONGER_WITH_COMPANY|BROKEN_CONV_LINK|NO_ENGAGEMENT,5,True,True,True,False,,no recorded engagement | Individual Contributor nan | ICP-qualified account | flags: OPT_OUT|EMAIL_BOUNCED|NO_LONGER_WITH_COMPANY|BROKEN_CONV_LINK|NO_ENGAGEMENT,,851
46cdfef5f0d74ce6,lead,Scott,Petersen,scott.petersen@daniel-jacob.com,corporate,Chartered public finance accountant,,Manager,,MQL,19.7,Excluded,False,0.0,0.0,61.5,37.0,0,0,0.0,999,0,0,0,0,0,0.0,0.0,f1c3b280ce5249d8,False,False,88.0,20117.0,Retail,51,17.0,2024-12-28,True,OPT_OUT|NO_ENGAGEMENT,2,True,False,False,False,,no recorded engagement | Manager nan | high intent score (88) | flags: OPT_OUT|NO_ENGAGEMENT,,852
45fd1c947fdc4893,lead,Eric,Pena,eric.pena@parker-wrigh.com,corporate,,,Individual Contributor,,Disqualified,19.7,Excluded,False,0.0,0.0,44.0,54.5,0,0,0.0,999,0,0,0,0,0,0.0,0.0,232dc6dccdcc4d58,False,True,98.0,546.0,Energy,278,92.66666666666666,,False,EMAIL_BOUNCED|COMPETITOR|STALE_LEGACY_SCORE|NO_ENGAGEMENT|INCOMPLETE_PROFILE,5,False,True,False,True,Competitor,no recorded engagement | Individual Contributor nan | named target account | high intent score (98) | flags: EMAIL_BOUNCED|COMPETITOR|STALE_LEGACY_SCORE|NO_ENGAGEMENT|INCOMPLETE_PROFILE,,853
9e5cd2bd4c8e4c89,contact,Kayla,Carrillo,kayla.carrillo@adamshernand.com,corporate,"Scientist, biomedical",Economic Buyer,Director,,Nurture,19.7,Excluded,False,0.0,0.0,80.5,17.8,0,10,1.0,999,0,0,0,0,0,0.0,0.0,12025383a1cb4224,False,False,71.0,82.0,Education,66,33.0,,False,OPT_OUT|AUTOMATION_INFLATED|NO_ENGAGEMENT,3,True,False,False,False,,no recorded engagement | ⚠ engagement mostly automated emails | Director Economic Buyer | high intent score (71) | flags: OPT_OUT|AUTOMATION_INFLATED|NO_ENGAGEMENT,,854
4c503fbe92ce4170,lead,Karen,Davis,rachelryan@yahoo.com,free_email,Accommodation manager,Economic Buyer,,,Disqualified,19.2,Excluded,False,0.0,0.0,67.0,28.8,0,20,1.0,999,0,0,0,0,0,0.0,0.0,55eea98f2b024175,False,False,95.0,227.0,Government,74,24.666666666666668,,False,OPT_OUT|EMAIL_BOUNCED|FREE_EMAIL|AUTOMATION_INFLATED|NO_ENGAGEMENT,5,True,True,False,False,,no recorded engagement | ⚠ engagement mostly automated emails | nan Economic Buyer | high intent score (95) | flags: OPT_OUT|EMAIL_BOUNCED|FREE_EMAIL|AUTOMATION_INFLATED|NO_ENGAGEMENT,,855
bafce697f1c342b0,contact,Rhonda,Moore,jean87@yahoo.com,free_email,Child psychotherapist,,,,MQL,19.2,Excluded,False,0.0,0.0,50.0,46.0,0,0,0.0,999,0,0,0,0,0,0.0,0.0,c178bf137e024fc3,True,False,24.0,873.0,Healthcare,168,84.0,2024-12-06,True,OPT_OUT|FREE_EMAIL|STALE_LEGACY_SCORE|NO_ENGAGEMENT|INCOMPLETE_PROFILE,5,True,False,False,False,,no recorded engagement | nan nan | ICP-qualified account | flags: OPT_OUT|FREE_EMAIL|STALE_LEGACY_SCORE|NO_ENGAGEMENT|INCOMPLETE_PROFILE,,856
f09ee5d0b1104701,lead,Robert,Gutierrez,robert.gutierrez@jenkinsplc.com,corporate,Public affairs consultant,Non-Prospect,VP,,New,19.0,Excluded,False,0.0,0.0,43.0,51.8,0,0,0.0,999,0,0,0,0,0,0.0,0.0,51fc143e50854e87,True,False,47.0,268.0,Healthcare,156,52.0,,False,NON_PROSPECT|BROKEN_CONV_LINK|STALE_LEGACY_SCORE|NO_ENGAGEMENT,4,False,False,False,False,,no recorded engagement | ICP-qualified account | flags: NON_PROSPECT|BROKEN_CONV_LINK|STALE_LEGACY_SCORE|NO_ENGAGEMENT,,857
57d51ef53ce04965,contact,Amy,Levine,amy.levine@brown-hill.com,corporate,Community education officer,Non-Prospect,Manager,,MQL,18.9,Excluded,False,0.0,0.0,29.5,64.8,0,8,1.0,999,0,0,0,0,0,0.0,0.0,24bf1154090d41c1,True,False,79.0,1348.0,Technology,42,21.0,2025-02-28,True,EMAIL_BOUNCED|NON_PROSPECT|AUTOMATION_INFLATED|BROKEN_CONV_LINK|NO_ENGAGEMENT,5,False,True,False,False,,no recorded engagement | ⚠ engagement mostly automated emails | ICP-qualified account | high intent score (79) | flags: EMAIL_BOUNCED|NON_PROSPECT|AUTOMATION_INFLATED|BROKEN_CONV_LINK|NO_ENGAGEMENT,,858
05e4ac66ab4046ba,lead,Jesse,Little,jesse.little@scott-smith.com,corporate,"Psychologist, occupational",Champion,Manager,,New,18.7,Excluded,False,0.0,0.0,67.5,25.8,0,2,1.0,999,0,0,0,0,0,0.0,0.0,41aad464896e418d,False,False,43.0,10804.0,Education,278,92.66666666666666,,False,OPT_OUT|EMAIL_BOUNCED|AUTOMATION_INFLATED|STALE_LEGACY_SCORE|NO_ENGAGEMENT,5,True,True,False,False,,no recorded engagement | ⚠ engagement mostly automated emails | Manager Champion | flags: OPT_OUT|EMAIL_BOUNCED|AUTOMATION_INFLATED|STALE_LEGACY_SCORE|NO_ENGAGEMENT,,859
5a3f24f328524cd1,lead,Matthew,Lane,matthew.lane@phelpskramer.com,corporate,Art therapist,Non-Prospect,,,Recycled,18.6,Excluded,False,0.0,0.0,27.0,66.0,0,0,0.0,999,0,0,0,0,0,0.0,0.0,fa1da2f0ac0345f8,True,False,84.0,3765.0,Financial Services,108,36.0,,False,NON_PROSPECT|NO_ENGAGEMENT,2,False,False,False,True,No Longer With Company,no recorded engagement | ICP-qualified account | high intent score (84) | flags: NON_PROSPECT|NO_ENGAGEMENT,,860
2cba52a9eda047eb,lead,Hector,Anderson,hector.anderson@parksolsenan.com,corporate,Fashion designer,Economic Buyer,VP,,Disqualified,18.4,Excluded,False,0.0,0.0,82.0,10.0,0,17,1.0,999,0,0,0,0,0,0.0,0.0,,,,,,,295,98.33333333333333,,False,OPT_OUT|NO_LONGER_WITH_COMPANY|DO_NOT_CONTACT|AUTOMATION_INFLATED|STALE_LEGACY_SCORE|NO_ENGAGEMENT,6,True,False,True,False,,no recorded engagement | ⚠ engagement mostly automated emails | VP Economic Buyer | named target account | ICP-qualified account | flags: OPT_OUT|NO_LONGER_WITH_COMPANY|DO_NOT_CONTACT|AUTOMATION_INFLATED|STALE_LEGACY_SCORE|NO_ENGAGEMENT,,861
d82d401f3ad7458e,contact,Robert,Gutierrez,robert.gutierrez@jenkinsplc.com,corporate,Public affairs consultant,Non-Prospect,VP,,Active,18.4,Excluded,False,0.0,0.0,40.0,51.8,0,12,1.0,999,0,0,0,0,0,0.0,0.0,51fc143e50854e87,True,False,47.0,268.0,Healthcare,173,86.5,,False,NON_PROSPECT|AUTOMATION_INFLATED|BROKEN_CONV_LINK|STALE_LEGACY_SCORE|NO_ENGAGEMENT,5,False,False,False,False,,no recorded engagement | ⚠ engagement mostly automated emails | ICP-qualified account | flags: NON_PROSPECT|AUTOMATION_INFLATED|BROKEN_CONV_LINK|STALE_LEGACY_SCORE|NO_ENGAGEMENT,,862
c139fd5e5bea4ccb,lead,Anne,Hernandez,anne.hernandez@contrerasmil.com,corporate,,Non-Prospect,C-Level,,New,18.3,Excluded,False,0.0,0.0,36.0,55.5,0,28,1.0,999,0,0,0,0,0,0.0,0.0,99e324fd84e444ea,True,False,22.0,32508.0,Healthcare,206,68.66666666666667,,False,OPT_OUT|DO_NOT_CONTACT|NON_PROSPECT|AUTOMATION_INFLATED|STALE_LEGACY_SCORE|NO_ENGAGEMENT,6,True,False,False,False,,no recorded engagement | ⚠ engagement mostly automated emails | ICP-qualified account | flags: OPT_OUT|DO_NOT_CONTACT|NON_PROSPECT|AUTOMATION_INFLATED|STALE_LEGACY_SCORE|NO_ENGAGEMENT,,863
9ca6d6a0be7d43fe,lead,Brittany,Holland,cjohnson@hotmail.com,free_email,,End User,,,New,18.2,Excluded,False,0.0,0.0,42.0,48.8,0,0,0.0,999,0,0,0,0,0,0.0,0.0,a38c0a4809fd493d,False,True,95.0,197.0,Government,60,20.0,,False,COMPETITOR|FREE_EMAIL|NO_ENGAGEMENT|INCOMPLETE_PROFILE,4,False,False,False,True,Competitor,no recorded engagement | nan End User | named target account | high intent score (95) | flags: COMPETITOR|FREE_EMAIL|NO_ENGAGEMENT|INCOMPLETE_PROFILE,,864
9c41bb35da444df4,lead,Jennifer,Mendoza,khammond@gmail.com,free_email,"Buyer, retail",,,,MQL,18.0,Excluded,False,0.0,0.0,53.0,37.0,0,2,1.0,999,0,0,0,0,0,0.0,0.0,16c030bda2c84e26,False,True,28.0,425.0,Education,137,45.666666666666664,2025-03-26,True,OPT_OUT|FREE_EMAIL|AUTOMATION_INFLATED|NO_ENGAGEMENT|INCOMPLETE_PROFILE,5,True,False,False,False,,no recorded engagement | ⚠ engagement mostly automated emails | nan nan | named target account | flags: OPT_OUT|FREE_EMAIL|AUTOMATION_INFLATED|NO_ENGAGEMENT|INCOMPLETE_PROFILE,,865
87241f3f386c4b25,contact,Darryl,Johnson,darryl.johnson@randallgriff.com,corporate,Automotive engineer,Champion,Manager,,Qualified,17.9,Excluded,False,0.0,0.0,64.5,24.8,0,9,1.0,999,0,0,0,0,0,0.0,0.0,fd522a0ad42d4590,False,False,79.0,871.0,Education,11,5.5,,False,OPT_OUT|AUTOMATION_INFLATED|NO_ENGAGEMENT,3,True,False,False,False,,no recorded engagement | ⚠ engagement mostly automated emails | Manager Champion | high intent score (79) | flags: OPT_OUT|AUTOMATION_INFLATED|NO_ENGAGEMENT,,866
a490e343593e4499,lead,Daniel,Jordan,erika97@rediffmail.com,free_email,Secretary/administrator,,,,MQL,17.6,Excluded,False,0.0,0.0,51.0,37.0,0,3,1.0,999,0,0,0,0,0,0.0,0.0,16c030bda2c84e26,False,True,28.0,425.0,Education,119,39.666666666666664,2024-11-11,True,OPT_OUT|FREE_EMAIL|AUTOMATION_INFLATED|NO_ENGAGEMENT|INCOMPLETE_PROFILE,5,True,False,False,False,,no recorded engagement | ⚠ engagement mostly automated emails | nan nan | named target account | flags: OPT_OUT|FREE_EMAIL|AUTOMATION_INFLATED|NO_ENGAGEMENT|INCOMPLETE_PROFILE,,867
720381626be84739,contact,Douglas,Lawson,douglas.lawson@johnson-jone.com,corporate,Medical technical officer,Champion,C-Level,,MQL,17.6,Excluded,False,0.0,0.0,78.0,10.0,0,16,1.0,999,0,0,0,0,0,0.0,0.0,,,,,,,64,32.0,2025-04-24,True,OPT_OUT|DO_NOT_CONTACT|AUTOMATION_INFLATED|BROKEN_CONV_LINK|NO_ENGAGEMENT,5,True,False,False,False,,no recorded engagement | ⚠ engagement mostly automated emails | C-Level Champion | named target account | ICP-qualified account | flags: OPT_OUT|DO_NOT_CONTACT|AUTOMATION_INFLATED|BROKEN_CONV_LINK|NO_ENGAGEMENT,,868
313c564fc6cf4edd,lead,Joanne,Williams,spam_cluster@example.com,corporate,Biomedical engineer,Economic Buyer,,,New,17.4,Excluded,False,0.0,0.0,77.0,10.0,0,0,0.0,999,0,0,0,0,0,0.0,0.0,,,,,,,190,63.33333333333333,,False,DO_NOT_CONTACT|BROKEN_CONV_LINK|STALE_LEGACY_SCORE|NO_ENGAGEMENT|INCOMPLETE_PROFILE,5,False,False,False,False,,no recorded engagement | nan Economic Buyer | named target account | ICP-qualified account | flags: DO_NOT_CONTACT|BROKEN_CONV_LINK|STALE_LEGACY_SCORE|NO_ENGAGEMENT|INCOMPLETE_PROFILE,,869
4c70085c2245465e,lead,Dylan,Becker,dylan.becker@armstrongltd.com,corporate,Clinical molecular geneticist,Economic Buyer,,,MQL,17.4,Excluded,False,0.0,0.0,77.0,10.0,0,32,1.0,999,0,0,0,0,0,0.0,0.0,,,,,,,281,93.66666666666667,2024-11-10,True,DO_NOT_CONTACT|AUTOMATION_INFLATED|STALE_LEGACY_SCORE|NO_ENGAGEMENT|INCOMPLETE_PROFILE,5,False,False,False,False,,no recorded engagement | ⚠ engagement mostly automated emails | nan Economic Buyer | named target account | ICP-qualified account | flags: DO_NOT_CONTACT|AUTOMATION_INFLATED|STALE_LEGACY_SCORE|NO_ENGAGEMENT|INCOMPLETE_PROFILE,,870
7e3e6b76a6544b21,contact,Jennifer,Mendoza,khammond@gmail.com,free_email,"Buyer, retail",,,,MQL,17.4,Excluded,False,0.0,0.0,50.0,37.0,0,0,0.0,999,0,0,0,0,0,0.0,0.0,16c030bda2c84e26,False,True,28.0,425.0,Education,52,26.0,2024-11-19,True,OPT_OUT|FREE_EMAIL|BROKEN_CONV_LINK|NO_ENGAGEMENT|INCOMPLETE_PROFILE,5,True,False,False,False,,no recorded engagement | nan nan | named target account | flags: OPT_OUT|FREE_EMAIL|BROKEN_CONV_LINK|NO_ENGAGEMENT|INCOMPLETE_PROFILE,,871
6d356c6f0f484f1b,lead,Brandy,Davis,brandy.davis@griffinbrown.com,corporate,Pathologist,,Director,,Attempted,17.3,Excluded,False,0.0,0.0,65.5,20.8,0,1,1.0,999,0,0,0,0,0,0.0,0.0,a89c906141864d2f,False,False,63.0,698.0,Legal,273,91.0,,False,OPT_OUT|AUTOMATION_INFLATED|BROKEN_CONV_LINK|STALE_LEGACY_SCORE|NO_ENGAGEMENT,5,True,False,False,False,,no recorded engagement | ⚠ engagement mostly automated emails | Director nan | flags: OPT_OUT|AUTOMATION_INFLATED|BROKEN_CONV_LINK|STALE_LEGACY_SCORE|NO_ENGAGEMENT,,872
d1962d96b7114844,contact,Aaron,Booth,aaron.booth@gutierrez-lo.com,corporate,Medical illustrator,,,,Active,17.2,Excluded,False,0.0,0.0,50.0,36.0,0,49,1.0,999,0,0,0,0,0,0.0,0.0,4883fd135cf34e68,False,False,84.0,40167.0,Manufacturing,168,84.0,,False,OPT_OUT|AUTOMATION_INFLATED|BROKEN_CONV_LINK|STALE_LEGACY_SCORE|NO_ENGAGEMENT|INCOMPLETE_PROFILE,6,True,False,False,False,,no recorded engagement | ⚠ engagement mostly automated emails | nan nan | high intent score (84) | flags: OPT_OUT|AUTOMATION_INFLATED|BROKEN_CONV_LINK|STALE_LEGACY_SCORE|NO_ENGAGEMENT|INCOMPLETE_PROFILE,,873
1dd0f01f5087430a,lead,Gabriel,Taylor,gabriel.taylor@liinc.com,corporate,"Teacher, early years/pre",Champion,Director,,MQL,17.1,Excluded,False,0.0,0.0,75.5,10.0,0,0,0.0,999,0,0,0,0,0,0.0,0.0,,,,,,,62,20.666666666666668,2024-11-29,True,DO_NOT_CONTACT|NO_ENGAGEMENT,2,False,False,False,False,,no recorded engagement | Director Champion | named target account | ICP-qualified account | flags: DO_NOT_CONTACT|NO_ENGAGEMENT,,874
54d51060159640ef,lead,Theodore,Lee,lisa01@yahoo.com,free_email,Fish farm manager,Non-Prospect,Director,,New,17.1,Excluded,False,0.0,0.0,42.5,43.2,0,2,1.0,999,0,0,0,0,0,0.0,0.0,ebf81ee0f13b4089,False,True,53.0,670.0,Government,252,84.0,,False,NO_LONGER_WITH_COMPANY|NON_PROSPECT|FREE_EMAIL|AUTOMATION_INFLATED|STALE_LEGACY_SCORE|NO_ENGAGEMENT,6,False,False,True,False,,no recorded engagement | ⚠ engagement mostly automated emails | named target account | flags: NO_LONGER_WITH_COMPANY|NON_PROSPECT|FREE_EMAIL|AUTOMATION_INFLATED|STALE_LEGACY_SCORE|NO_ENGAGEMENT,,875
4ea5e8412fec4e9a,lead,Anthony,Nguyen,anthony.nguyen@carterllc.com,corporate,Plant breeder/geneticist,,Director,,MQL,16.9,Excluded,False,0.0,0.0,65.5,19.2,0,65,1.0,999,0,0,0,0,0,0.0,0.0,68084facbf064402,False,False,17.0,5913.0,Retail,11,3.6666666666666665,2025-01-14,True,OPT_OUT|AUTOMATION_INFLATED|NO_ENGAGEMENT,3,True,False,False,False,,no recorded engagement | ⚠ engagement mostly automated emails | Director nan | flags: OPT_OUT|AUTOMATION_INFLATED|NO_ENGAGEMENT,,876
14c6407781a04225,lead,Cynthia,Powell,creyes@outlook.com,free_email,,CISO,Manager,,New,16.9,Excluded,False,0.0,0.0,74.5,10.0,0,0,0.0,999,0,0,0,0,0,0.0,0.0,,,,,,,153,51.0,,False,OPT_OUT|DO_NOT_CONTACT|FREE_EMAIL|STALE_LEGACY_SCORE|NO_ENGAGEMENT|INCOMPLETE_PROFILE,6,True,False,False,False,,no recorded engagement | Manager CISO | named target account | ICP-qualified account | flags: OPT_OUT|DO_NOT_CONTACT|FREE_EMAIL|STALE_LEGACY_SCORE|NO_ENGAGEMENT|INCOMPLETE_PROFILE,,877
42d93ac1ab504bbb,lead,Cassandra,French,ronald54@outlook.com,free_email,Secondary school teacher,,,,MQL,16.8,Excluded,False,0.0,0.0,55.0,28.8,0,1,1.0,999,0,0,0,0,0,0.0,0.0,55eea98f2b024175,False,False,95.0,227.0,Government,138,46.0,2025-02-14,True,OPT_OUT|FREE_EMAIL|AUTOMATION_INFLATED|NO_ENGAGEMENT|INCOMPLETE_PROFILE,5,True,False,False,False,,no recorded engagement | ⚠ engagement mostly automated emails | nan nan | high intent score (95) | flags: OPT_OUT|FREE_EMAIL|AUTOMATION_INFLATED|NO_ENGAGEMENT|INCOMPLETE_PROFILE,,878
fee842b8e6404d70,contact,Debbie,Velez,debbie.velez@pearsonandso.com,corporate,Social researcher,Champion,,,Qualified,16.8,Excluded,False,0.0,0.0,60.0,24.2,0,1,1.0,999,0,0,0,0,0,0.0,0.0,4fee80985b6b4992,False,False,97.0,106.0,Retail,167,83.5,,False,OPT_OUT|EMAIL_BOUNCED|AUTOMATION_INFLATED|BROKEN_CONV_LINK|STALE_LEGACY_SCORE|NO_ENGAGEMENT,6,True,True,False,False,,no recorded engagement | ⚠ engagement mostly automated emails | nan Champion | high intent score (97) | flags: OPT_OUT|EMAIL_BOUNCED|AUTOMATION_INFLATED|BROKEN_CONV_LINK|STALE_LEGACY_SCORE|NO_ENGAGEMENT,,879
5c24edfce2e542dd,lead,Jeff,Mosley,jeff.mosley@goodwinplc.com,corporate,Music tutor,,Director,,MQL,16.7,Excluded,False,0.0,0.0,67.5,16.2,0,17,1.0,999,0,0,0,0,0,0.0,0.0,8ad0d1c6bd6144a3,False,False,5.0,13330.0,Government,238,79.33333333333333,2025-04-22,True,EMAIL_BOUNCED|DO_NOT_CONTACT|AUTOMATION_INFLATED|STALE_LEGACY_SCORE|NO_ENGAGEMENT,5,False,True,False,False,,no recorded engagement | ⚠ engagement mostly automated emails | Director nan | flags: EMAIL_BOUNCED|DO_NOT_CONTACT|AUTOMATION_INFLATED|STALE_LEGACY_SCORE|NO_ENGAGEMENT,,880
f771456863d1441f,lead,Brenda,Li,brenda.li@murphyandson.com,corporate,"Therapist, occupational",Champion,,,MQL,16.6,Excluded,False,0.0,0.0,67.0,16.2,0,80,1.0,999,0,0,0,0,0,0.0,0.0,8ad0d1c6bd6144a3,False,False,5.0,13330.0,Government,124,41.333333333333336,2025-01-15,True,OPT_OUT|DO_NOT_CONTACT|AUTOMATION_INFLATED|NO_ENGAGEMENT,4,True,False,False,False,,no recorded engagement | ⚠ engagement mostly automated emails | nan Champion | flags: OPT_OUT|DO_NOT_CONTACT|AUTOMATION_INFLATED|NO_ENGAGEMENT,,881
983e4e07e8a948ac,lead,Diane,Kelly,diane.kelly@salazarharta.com,corporate,,,Individual Contributor,,MQL,16.6,Excluded,False,0.0,0.0,42.0,41.0,0,30,1.0,999,0,0,0,0,0,0.0,0.0,3076d2004b604815,False,True,4.0,7033.0,Media,107,35.66666666666667,2024-11-13,True,OPT_OUT|AUTOMATION_INFLATED|NO_ENGAGEMENT|INCOMPLETE_PROFILE,4,True,False,False,False,,no recorded engagement | ⚠ engagement mostly automated emails | Individual Contributor nan | named target account | flags: OPT_OUT|AUTOMATION_INFLATED|NO_ENGAGEMENT|INCOMPLETE_PROFILE,,882
1edf1a3d8a8f48ac,lead,George,Rogers,perryrandy@gmail.com,free_email,,Technical Buyer,,,Qualified,16.5,Excluded,False,0.0,0.0,52.0,30.5,0,2,1.0,999,0,0,0,0,0,0.0,0.0,b05552fd87fa4635,False,False,82.0,3904.0,Retail,209,69.66666666666667,,False,OPT_OUT|FREE_EMAIL|AUTOMATION_INFLATED|STALE_LEGACY_SCORE|NO_ENGAGEMENT|INCOMPLETE_PROFILE,6,True,False,False,False,,no recorded engagement | ⚠ engagement mostly automated emails | nan Technical Buyer | high intent score (82) | flags: OPT_OUT|FREE_EMAIL|AUTOMATION_INFLATED|STALE_LEGACY_SCORE|NO_ENGAGEMENT|INCOMPLETE_PROFILE,,883
647e9570451c4c85,lead,Samantha,Kennedy,samantha.kennedy@blakegroup.com,corporate,"Production assistant, radio",Technical Buyer,Manager,,MQL,16.3,Excluded,False,0.0,0.0,71.5,10.0,0,1,1.0,999,0,0,0,0,0,0.0,0.0,,,,,,,115,38.333333333333336,2025-01-23,True,DO_NOT_CONTACT|AUTOMATION_INFLATED|NO_ENGAGEMENT,3,False,False,False,False,,no recorded engagement | ⚠ engagement mostly automated emails | Manager Technical Buyer | named target account | ICP-qualified account | flags: DO_NOT_CONTACT|AUTOMATION_INFLATED|NO_ENGAGEMENT,,884
04576aec31534f76,lead,Denise,Garcia,jjohnson@outlook.com,free_email,Academic librarian,Technical Buyer,Manager,,New,16.3,Excluded,False,0.0,0.0,71.5,10.0,0,4,1.0,999,0,0,0,0,0,0.0,0.0,,,,,,,107,35.66666666666667,,False,DO_NOT_CONTACT|FREE_EMAIL|AUTOMATION_INFLATED|NO_ENGAGEMENT,4,False,False,False,False,,no recorded engagement | ⚠ engagement mostly automated emails | Manager Technical Buyer | named target account | ICP-qualified account | flags: DO_NOT_CONTACT|FREE_EMAIL|AUTOMATION_INFLATED|NO_ENGAGEMENT,,885
a49b1c6bbec74526,lead,Cynthia,Schmidt,rebeccabailey@gmail.com,free_email,Data scientist,Non-Prospect,Individual Contributor,,New,16.0,Excluded,False,0.0,0.0,27.0,53.2,0,30,1.0,999,0,0,0,0,0,0.0,0.0,b501fdae70284fac,True,False,13.0,5849.0,Technology,70,23.333333333333332,,False,NON_PROSPECT|FREE_EMAIL|AUTOMATION_INFLATED|NO_ENGAGEMENT,4,False,False,False,False,,no recorded engagement | ⚠ engagement mostly automated emails | ICP-qualified account | flags: NON_PROSPECT|FREE_EMAIL|AUTOMATION_INFLATED|NO_ENGAGEMENT,,886
1c027c4575d64035,lead,Pamela,Paul,pamela.paul@morgan-lopez.com,corporate,Research scientist (medical),,Individual Contributor,,New,16.0,Excluded,False,0.0,0.0,48.0,31.8,0,0,0.0,999,0,0,0,0,0,0.0,0.0,0c1fb6bf3ec346ea,False,True,27.0,82.0,Education,191,63.66666666666667,,False,OPT_OUT|STALE_LEGACY_SCORE|NO_ENGAGEMENT,3,True,False,False,False,,no recorded engagement | Individual Contributor nan | named target account | flags: OPT_OUT|STALE_LEGACY_SCORE|NO_ENGAGEMENT,,887
96cafc52bbe64262,contact,Dylan,Becker,dylan.becker@armstrongltd.com,corporate,Clinical molecular geneticist,Economic Buyer,,,MQL,16.0,Excluded,False,0.0,0.0,70.0,10.0,0,17,1.0,999,0,0,0,0,0,0.0,0.0,,,,,,,99,49.5,2025-02-12,True,DO_NOT_CONTACT|AUTOMATION_INFLATED|BROKEN_CONV_LINK|NO_ENGAGEMENT|INCOMPLETE_PROFILE,5,False,False,False,False,,no recorded engagement | ⚠ engagement mostly automated emails | nan Economic Buyer | named target account | ICP-qualified account | flags: DO_NOT_CONTACT|AUTOMATION_INFLATED|BROKEN_CONV_LINK|NO_ENGAGEMENT|INCOMPLETE_PROFILE,,888
228e80ec2b9447b3,contact,Rebecca,Turner,rebecca.turner@lewisandsons.com,corporate,,Champion,Manager,,Active,16.0,Excluded,False,0.0,0.0,54.5,25.5,0,25,1.0,999,0,0,0,0,0,0.0,0.0,1f0c337008524b22,False,False,82.0,308.0,Media,140,70.0,,False,OPT_OUT|AUTOMATION_INFLATED|BROKEN_CONV_LINK|STALE_LEGACY_SCORE|NO_ENGAGEMENT,5,True,False,False,False,,no recorded engagement | ⚠ engagement mostly automated emails | Manager Champion | high intent score (82) | flags: OPT_OUT|AUTOMATION_INFLATED|BROKEN_CONV_LINK|STALE_LEGACY_SCORE|NO_ENGAGEMENT,,889
4058d1329d904507,contact,Richard,Porter,staciereilly@gmail.com,free_email,,,Individual Contributor,,MQL,15.8,Excluded,False,0.0,0.0,37.0,42.0,0,12,1.0,999,0,0,0,0,0,0.0,0.0,7eb7ff56da0b4ab6,False,True,68.0,81.0,Energy,49,24.5,2025-03-08,True,OPT_OUT|FREE_EMAIL|AUTOMATION_INFLATED|NO_ENGAGEMENT|INCOMPLETE_PROFILE,5,True,False,False,False,,no recorded engagement | ⚠ engagement mostly automated emails | Individual Contributor nan | named target account | flags: OPT_OUT|FREE_EMAIL|AUTOMATION_INFLATED|NO_ENGAGEMENT|INCOMPLETE_PROFILE,,890
4240ab2eb93f4420,contact,Maurice,Hall,maurice.hall@matthewsltd.com,corporate,"Librarian, academic",Technical Buyer,Individual Contributor,,MQL,15.8,Excluded,False,0.0,0.0,62.0,16.8,0,27,1.0,999,0,0,0,0,0,0.0,0.0,03957adc73dd40f8,False,False,7.0,48570.0,Retail,126,63.0,2024-12-30,True,OPT_OUT|AUTOMATION_INFLATED|STALE_LEGACY_SCORE|NO_ENGAGEMENT,4,True,False,False,False,,no recorded engagement | ⚠ engagement mostly automated emails | Individual Contributor Technical Buyer | flags: OPT_OUT|AUTOMATION_INFLATED|STALE_LEGACY_SCORE|NO_ENGAGEMENT,,891
4197b3f2c1284376,lead,Jessica,Waters,jessica.waters@mosleyandson.com,corporate,Academic librarian,,VP,,MQL,15.6,Excluded,False,0.0,0.0,72.0,6.0,0,74,1.0,999,0,0,0,0,0,0.0,0.0,94b73736bf264df3,False,False,24.0,43.0,Education,106,35.333333333333336,2025-01-08,True,OPT_OUT|NO_LONGER_WITH_COMPANY|AUTOMATION_INFLATED|NO_ENGAGEMENT,4,True,False,True,False,,no recorded engagement | ⚠ engagement mostly automated emails | VP nan | flags: OPT_OUT|NO_LONGER_WITH_COMPANY|AUTOMATION_INFLATED|NO_ENGAGEMENT,,892
8ae183e3c5db4b7a,contact,Diane,Kelly,diane.kelly@salazarharta.com,corporate,,,Individual Contributor,,MQL,15.6,Excluded,False,0.0,0.0,37.0,41.0,0,2,1.0,999,0,0,0,0,0,0.0,0.0,3076d2004b604815,False,True,4.0,7033.0,Media,192,96.0,2024-11-30,True,OPT_OUT|AUTOMATION_INFLATED|BROKEN_CONV_LINK|STALE_LEGACY_SCORE|NO_ENGAGEMENT|INCOMPLETE_PROFILE,6,True,False,False,False,,no recorded engagement | ⚠ engagement mostly automated emails | Individual Contributor nan | named target account | flags: OPT_OUT|AUTOMATION_INFLATED|BROKEN_CONV_LINK|STALE_LEGACY_SCORE|NO_ENGAGEMENT|INCOMPLETE_PROFILE,,893
86f111f402914197,lead,Jacqueline,Martin,sales@mills-logan.com,shared_mailbox,,,Individual Contributor,,Attempted,15.4,Excluded,False,0.0,0.0,44.0,32.8,0,0,0.0,999,0,0,0,0,0,0.0,0.0,ec1e8d75d4be4215,False,True,11.0,520.0,Retail,163,54.333333333333336,,False,COMPETITOR|SHARED_MAILBOX|STALE_LEGACY_SCORE|NO_ENGAGEMENT|INCOMPLETE_PROFILE,5,False,False,False,True,Competitor,no recorded engagement | Individual Contributor nan | named target account | flags: COMPETITOR|SHARED_MAILBOX|STALE_LEGACY_SCORE|NO_ENGAGEMENT|INCOMPLETE_PROFILE,,894
1ef6a943f15a4fa2,lead,Annette,Carr,annette.carr@sandersharri.com,corporate,"Surveyor, hydrographic",Non-Prospect,Manager,,Recycled,15.3,Excluded,False,0.0,0.0,36.5,39.8,0,0,0.0,999,0,0,0,0,0,0.0,0.0,ed46b7e1981c4815,False,False,99.0,8243.0,Insurance,203,67.66666666666666,,False,OPT_OUT|NON_PROSPECT|COMPETITOR|STALE_LEGACY_SCORE|NO_ENGAGEMENT,5,True,False,False,True,Competitor,no recorded engagement | high intent score (99) | flags: OPT_OUT|NON_PROSPECT|COMPETITOR|STALE_LEGACY_SCORE|NO_ENGAGEMENT,,895
5d3d7a6b32f94b92,lead,Mary,Williams,justin.cummings@brandtmorris.com,corporate,Community pharmacist,Technical Buyer,,,Attempted,15.2,Excluded,False,0.0,0.0,66.0,10.0,0,42,1.0,999,0,0,0,0,0,0.0,0.0,,,,,,,2,0.6666666666666667,,False,DO_NOT_CONTACT|AUTOMATION_INFLATED|NO_ENGAGEMENT|INCOMPLETE_PROFILE,4,False,False,False,False,,no recorded engagement | ⚠ engagement mostly automated emails | nan Technical Buyer | named target account | ICP-qualified account | flags: DO_NOT_CONTACT|AUTOMATION_INFLATED|NO_ENGAGEMENT|INCOMPLETE_PROFILE,,896
447d6d40fe6249da,lead,Stacy,Ryan,stacy.ryan@harperwelcha.com,corporate,,Technical Buyer,Individual Contributor,,MQL,15.2,Excluded,False,0.0,0.0,59.0,17.0,0,2,1.0,999,0,0,0,0,0,0.0,0.0,c008c318a3534a2e,False,False,28.0,4622.0,Energy,162,54.0,2025-04-24,True,OPT_OUT|AUTOMATION_INFLATED|STALE_LEGACY_SCORE|NO_ENGAGEMENT,4,True,False,False,False,,no recorded engagement | ⚠ engagement mostly automated emails | Individual Contributor Technical Buyer | flags: OPT_OUT|AUTOMATION_INFLATED|STALE_LEGACY_SCORE|NO_ENGAGEMENT,,897
89bd48e6dc924012,lead,Brittany,Carpenter,brittany.carpenter@hopkinsltd.com,corporate,Trade union research officer,,Director,,Attempted,15.1,Excluded,False,0.0,0.0,65.5,10.0,0,1,1.0,999,0,0,0,0,0,0.0,0.0,,,,,,,254,84.66666666666667,,False,DO_NOT_CONTACT|AUTOMATION_INFLATED|STALE_LEGACY_SCORE|NO_ENGAGEMENT|INCOMPLETE_PROFILE,5,False,False,False,False,,no recorded engagement | ⚠ engagement mostly automated emails | Director nan | named target account | ICP-qualified account | flags: DO_NOT_CONTACT|AUTOMATION_INFLATED|STALE_LEGACY_SCORE|NO_ENGAGEMENT|INCOMPLETE_PROFILE,,898
f3cdd089b4d5414d,lead,Shannon,Sullivan,shannon.sullivan@smith-nunez.com,corporate,,CISO,Individual Contributor,,Recycled,15.0,Excluded,False,0.0,0.0,65.0,10.0,0,48,1.0,999,0,0,0,0,0,0.0,0.0,,,,,,,45,15.0,,False,DO_NOT_CONTACT|AUTOMATION_INFLATED|NO_ENGAGEMENT|INCOMPLETE_PROFILE,4,False,False,False,False,,no recorded engagement | ⚠ engagement mostly automated emails | Individual Contributor CISO | named target account | ICP-qualified account | flags: DO_NOT_CONTACT|AUTOMATION_INFLATED|NO_ENGAGEMENT|INCOMPLETE_PROFILE,,899
deeddd9bfe104ab2,lead,Amanda,Smith,sales@hunt-harrison.com,shared_mailbox,"Pharmacist, community",,,,New,15.0,Excluded,False,0.0,0.0,57.0,17.8,0,61,1.0,999,0,0,0,0,0,0.0,0.0,12025383a1cb4224,False,False,71.0,82.0,Education,149,49.666666666666664,,False,OPT_OUT|SHARED_MAILBOX|AUTOMATION_INFLATED|NO_ENGAGEMENT|INCOMPLETE_PROFILE,5,True,False,False,False,,no recorded engagement | ⚠ engagement mostly automated emails | nan nan | high intent score (71) | flags: OPT_OUT|SHARED_MAILBOX|AUTOMATION_INFLATED|NO_ENGAGEMENT|INCOMPLETE_PROFILE,,900
c01f3da2dd144829,contact,Angel,Henson,angel.henson@murphybishop.com,corporate,,CISO,,,Nurture,15.0,Excluded,False,0.0,0.0,65.0,10.0,0,10,1.0,999,0,0,0,0,0,0.0,0.0,,,,,,,5,2.5,,False,DO_NOT_CONTACT|AUTOMATION_INFLATED|BROKEN_CONV_LINK|NO_ENGAGEMENT|INCOMPLETE_PROFILE,5,False,False,False,False,,no recorded engagement | ⚠ engagement mostly automated emails | nan CISO | named target account | ICP-qualified account | flags: DO_NOT_CONTACT|AUTOMATION_INFLATED|BROKEN_CONV_LINK|NO_ENGAGEMENT|INCOMPLETE_PROFILE,,901
85071f3ca8f54b50,contact,Cynthia,Schmidt,rebeccabailey@gmail.com,free_email,Data scientist,Non-Prospect,Individual Contributor,,Nurture,15.0,Excluded,False,0.0,0.0,22.0,53.2,0,22,1.0,999,0,0,0,0,0,0.0,0.0,b501fdae70284fac,True,False,13.0,5849.0,Technology,77,38.5,,False,EMAIL_BOUNCED|NON_PROSPECT|FREE_EMAIL|AUTOMATION_INFLATED|BROKEN_CONV_LINK|NO_ENGAGEMENT,6,False,True,False,False,,no recorded engagement | ⚠ engagement mostly automated emails | ICP-qualified account | flags: EMAIL_BOUNCED|NON_PROSPECT|FREE_EMAIL|AUTOMATION_INFLATED|BROKEN_CONV_LINK|NO_ENGAGEMENT,,902
3f6689c30e024bb5,contact,Angela,Williams,angela.williams@snyder-cruz.com,corporate,"Programmer, multimedia",Technical Buyer,Individual Contributor,,Attempted,14.6,Excluded,False,0.0,0.0,62.0,11.0,0,8,1.0,999,0,0,0,0,0,0.0,0.0,53a3b4b3cfe64870,False,False,44.0,120.0,Retail,125,62.5,,False,DO_NOT_CONTACT|AUTOMATION_INFLATED|STALE_LEGACY_SCORE|NO_ENGAGEMENT,4,False,False,False,False,,no recorded engagement | ⚠ engagement mostly automated emails | Individual Contributor Technical Buyer | flags: DO_NOT_CONTACT|AUTOMATION_INFLATED|STALE_LEGACY_SCORE|NO_ENGAGEMENT,,903
cd064a1660b64375,lead,Marie,Dudley,marie.dudley@warner-phill.com,corporate,Archaeologist,Non-Prospect,Manager,,Disqualified,14.4,Excluded,False,0.0,0.0,34.5,37.5,0,9,1.0,999,0,0,0,0,0,0.0,0.0,1c2c7771838d4403,False,False,90.0,20091.0,Media,5,1.6666666666666667,,False,NON_PROSPECT|AUTOMATION_INFLATED|NO_ENGAGEMENT,3,False,False,False,False,,no recorded engagement | ⚠ engagement mostly automated emails | high intent score (90) | flags: NON_PROSPECT|AUTOMATION_INFLATED|NO_ENGAGEMENT,,904
17c848de5624434e,lead,Michaela,Mckinney,robert73@gmail.com,free_email,Meteorologist,Champion,,,Disqualified,14.4,Excluded,False,0.0,0.0,62.0,10.0,0,0,0.0,999,0,0,0,0,0,0.0,0.0,,,,,,,99,33.0,,False,DO_NOT_CONTACT|FREE_EMAIL|NO_ENGAGEMENT|INCOMPLETE_PROFILE,4,False,False,False,False,,no recorded engagement | nan Champion | named target account | ICP-qualified account | flags: DO_NOT_CONTACT|FREE_EMAIL|NO_ENGAGEMENT|INCOMPLETE_PROFILE,,905
36271f013cf5432b,contact,Adam,Pierce,adam.pierce@russellgroup.com,corporate,,CISO,Individual Contributor,,Active,14.4,Excluded,False,0.0,0.0,62.0,10.0,0,3,1.0,999,0,0,0,0,0,0.0,0.0,,,,,,,39,19.5,,False,OPT_OUT|DO_NOT_CONTACT|AUTOMATION_INFLATED|BROKEN_CONV_LINK|NO_ENGAGEMENT|INCOMPLETE_PROFILE,6,True,False,False,False,,no recorded engagement | ⚠ engagement mostly automated emails | Individual Contributor CISO | named target account | ICP-qualified account | flags: OPT_OUT|DO_NOT_CONTACT|AUTOMATION_INFLATED|BROKEN_CONV_LINK|NO_ENGAGEMENT|INCOMPLETE_PROFILE,,906
9cc443a34aae4d79,lead,Christina,Obrien,spam_cluster@example.com,corporate,,Champion,Manager,,Attempted,14.3,Excluded,False,0.0,0.0,61.5,10.0,0,5,1.0,999,0,0,0,0,0,0.0,0.0,,,,,,,146,48.66666666666667,,False,DO_NOT_CONTACT|AUTOMATION_INFLATED|NO_ENGAGEMENT|INCOMPLETE_PROFILE,4,False,False,False,False,,no recorded engagement | ⚠ engagement mostly automated emails | Manager Champion | named target account | ICP-qualified account | flags: DO_NOT_CONTACT|AUTOMATION_INFLATED|NO_ENGAGEMENT|INCOMPLETE_PROFILE,,907
1582f60b356549e0,contact,Larry,Scott,larry.scott@mcdanielgrou.com,corporate,Broadcast engineer,End User,Manager,,MQL,14.3,Excluded,False,0.0,0.0,49.5,22.2,0,0,0.0,999,0,0,0,0,0,0.0,0.0,b456f25952eb43f7,False,False,29.0,9517.0,Manufacturing,175,87.5,2025-04-18,True,OPT_OUT|NO_LONGER_WITH_COMPANY|BROKEN_CONV_LINK|STALE_LEGACY_SCORE|NO_ENGAGEMENT,5,True,False,True,False,,no recorded engagement | Manager End User | flags: OPT_OUT|NO_LONGER_WITH_COMPANY|BROKEN_CONV_LINK|STALE_LEGACY_SCORE|NO_ENGAGEMENT,,908
1004b483a96940be,lead,Kimberly,Gomez,kimberly.gomez@sullivan-gon.com,corporate,,Economic Buyer,,,Recycled,14.2,Excluded,False,0.0,0.0,61.0,10.0,0,4,1.0,999,0,0,0,0,0,0.0,0.0,,,,,,,151,50.33333333333333,,False,OPT_OUT|DO_NOT_CONTACT|AUTOMATION_INFLATED|STALE_LEGACY_SCORE|NO_ENGAGEMENT|INCOMPLETE_PROFILE,6,True,False,False,False,,no recorded engagement | ⚠ engagement mostly automated emails | nan Economic Buyer | named target account | ICP-qualified account | flags: OPT_OUT|DO_NOT_CONTACT|AUTOMATION_INFLATED|STALE_LEGACY_SCORE|NO_ENGAGEMENT|INCOMPLETE_PROFILE,,909
42162a96461c4f0a,lead,John,Scott,john.scott@davis-ross.com,corporate,"Engineer, water",End User,VP,,New,14.2,Excluded,False,0.0,0.0,61.0,10.0,0,3,1.0,999,0,0,0,0,0,0.0,0.0,,,,,,,54,18.0,,False,DO_NOT_CONTACT|AUTOMATION_INFLATED|NO_ENGAGEMENT,3,False,False,False,False,,no recorded engagement | ⚠ engagement mostly automated emails | VP End User | named target account | ICP-qualified account | flags: DO_NOT_CONTACT|AUTOMATION_INFLATED|NO_ENGAGEMENT,,910
e92d865b9c14427a,contact,Jack,Hart,jack.hart@wadellc.com,corporate,Data scientist,Non-Prospect,Individual Contributor,,Nurture,14.2,Excluded,False,0.0,0.0,22.0,49.2,0,4,1.0,999,0,0,0,0,0,0.0,0.0,ec63ce56423e406c,True,False,17.0,3312.0,Healthcare,107,53.5,,False,NON_PROSPECT|AUTOMATION_INFLATED|STALE_LEGACY_SCORE|NO_ENGAGEMENT,4,False,False,False,False,,no recorded engagement | ⚠ engagement mostly automated emails | ICP-qualified account | flags: NON_PROSPECT|AUTOMATION_INFLATED|STALE_LEGACY_SCORE|NO_ENGAGEMENT,,911
7d0a6af4f7ef4507,contact,Shawn,Hines,nicoleburton@mail.ru,free_email,"Scientist, clinical (histocompatibility and immunogenetics)",,Individual Contributor,,MQL,14.2,Excluded,False,0.0,0.0,47.0,24.2,0,29,1.0,999,0,0,0,0,0,0.0,0.0,a9b0444e47a346b9,False,False,77.0,646.0,Legal,171,85.5,2025-01-06,True,OPT_OUT|EMAIL_BOUNCED|FREE_EMAIL|AUTOMATION_INFLATED|STALE_LEGACY_SCORE|NO_ENGAGEMENT,6,True,True,False,False,,no recorded engagement | ⚠ engagement mostly automated emails | Individual Contributor nan | high intent score (77) | flags: OPT_OUT|EMAIL_BOUNCED|FREE_EMAIL|AUTOMATION_INFLATED|STALE_LEGACY_SCORE|NO_ENGAGEMENT,,912
8b58f0d72d7c49ea,contact,Donna,Parker,donna.parker@robbinsjacks.com,corporate,Product manager,,Manager,,Active,14.1,Excluded,False,0.0,0.0,54.5,16.2,0,0,0.0,999,0,0,0,0,0,0.0,0.0,8ad0d1c6bd6144a3,False,False,5.0,13330.0,Government,190,95.0,,False,EMAIL_BOUNCED|DO_NOT_CONTACT|BROKEN_CONV_LINK|STALE_LEGACY_SCORE|NO_ENGAGEMENT,5,False,True,False,False,,no recorded engagement | Manager nan | flags: EMAIL_BOUNCED|DO_NOT_CONTACT|BROKEN_CONV_LINK|STALE_LEGACY_SCORE|NO_ENGAGEMENT,,913
04eb4e4625ec4230,lead,Tina,Smith,tina.smith@reedallenand.com,corporate,Wellsite geologist,,Individual Contributor,,MQL,14.0,Excluded,False,0.0,0.0,54.0,16.2,0,4,1.0,999,0,0,0,0,0,0.0,0.0,8ad0d1c6bd6144a3,False,False,5.0,13330.0,Government,147,49.0,2025-04-13,True,DO_NOT_CONTACT|AUTOMATION_INFLATED|NO_ENGAGEMENT,3,False,False,False,False,,no recorded engagement | ⚠ engagement mostly automated emails | Individual Contributor nan | flags: DO_NOT_CONTACT|AUTOMATION_INFLATED|NO_ENGAGEMENT,,914
e7fec4e233a04671,lead,Larry,Arnold,larry.arnold@manningandso.com,corporate,,,Director,,Attempted,13.9,Excluded,False,0.0,0.0,57.5,12.0,0,15,1.0,999,0,0,0,0,0,0.0,0.0,a5bc25cbe8de4f49,False,False,8.0,4879.0,Media,104,34.66666666666667,,False,OPT_OUT|AUTOMATION_INFLATED|NO_ENGAGEMENT|INCOMPLETE_PROFILE,4,True,False,False,True,Duplicate,no recorded engagement | ⚠ engagement mostly automated emails | Director nan | flags: OPT_OUT|AUTOMATION_INFLATED|NO_ENGAGEMENT|INCOMPLETE_PROFILE,,915
1e43e12c500c4bc1,contact,Danielle,Sullivan,danielle.sullivan@robertson-mi.com,corporate,,Technical Buyer,Manager,,MQL,13.9,Excluded,False,0.0,0.0,59.5,10.0,0,2,1.0,999,0,0,0,0,0,0.0,0.0,,,,,,,35,17.5,2025-03-20,True,DO_NOT_CONTACT|AUTOMATION_INFLATED|BROKEN_CONV_LINK|NO_ENGAGEMENT|INCOMPLETE_PROFILE,5,False,False,False,False,,no recorded engagement | ⚠ engagement mostly automated emails | Manager Technical Buyer | named target account | ICP-qualified account | flags: DO_NOT_CONTACT|AUTOMATION_INFLATED|BROKEN_CONV_LINK|NO_ENGAGEMENT|INCOMPLETE_PROFILE,,916
8921c4e5ae7f4809,lead,Stephen,Lawrence,eugenewalker@hotmail.com,free_email,,,Individual Contributor,,Disqualified,13.8,Excluded,False,0.0,0.0,44.0,25.0,0,4,1.0,999,0,0,0,0,0,0.0,0.0,52a06ee62d294ee8,False,False,80.0,457.0,Telecommunications,275,91.66666666666666,,False,COMPETITOR|FREE_EMAIL|AUTOMATION_INFLATED|STALE_LEGACY_SCORE|NO_ENGAGEMENT|INCOMPLETE_PROFILE,6,False,False,False,True,Competitor,no recorded engagement | ⚠ engagement mostly automated emails | Individual Contributor nan | high intent score (80) | flags: COMPETITOR|FREE_EMAIL|AUTOMATION_INFLATED|STALE_LEGACY_SCORE|NO_ENGAGEMENT|INCOMPLETE_PROFILE,,917
791d216dd5be432d,lead,Alicia,Thompson,alicia.thompson@glover-stric.com,corporate,Chief Executive Officer,,Individual Contributor,,New,13.8,Excluded,False,0.0,0.0,52.0,16.8,0,1,1.0,999,0,0,0,0,0,0.0,0.0,442af661ffb94595,False,False,67.0,83.0,Telecommunications,75,25.0,,False,OPT_OUT|AUTOMATION_INFLATED|NO_ENGAGEMENT,3,True,False,False,False,,no recorded engagement | ⚠ engagement mostly automated emails | Individual Contributor nan | flags: OPT_OUT|AUTOMATION_INFLATED|NO_ENGAGEMENT,,918
641dc65f62b84c52,lead,Leonard,Ramirez,leonard.ramirez@johnsonandso.com,corporate,Restaurant manager,End User,Individual Contributor,,MQL,13.6,Excluded,False,0.0,0.0,39.0,29.2,0,15,1.0,999,0,0,0,0,0,0.0,0.0,fbd6e881517a44c4,False,False,97.0,395.0,Education,33,11.0,2025-02-01,True,OPT_OUT|AUTOMATION_INFLATED|NO_ENGAGEMENT,3,True,False,False,False,,no recorded engagement | ⚠ engagement mostly automated emails | Individual Contributor End User | high intent score (97) | flags: OPT_OUT|AUTOMATION_INFLATED|NO_ENGAGEMENT,,919
b32e844377f24440,lead,Ellen,Paul,ellen.paul@barnesnewton.com,corporate,Patent examiner,,,,MQL,13.4,Excluded,False,0.0,0.0,57.0,10.0,0,41,1.0,999,0,0,0,0,0,0.0,0.0,,,,,,,91,30.333333333333336,2025-04-11,True,DO_NOT_CONTACT|AUTOMATION_INFLATED|NO_ENGAGEMENT|INCOMPLETE_PROFILE,4,False,False,False,False,,no recorded engagement | ⚠ engagement mostly automated emails | nan nan | named target account | ICP-qualified account | flags: DO_NOT_CONTACT|AUTOMATION_INFLATED|NO_ENGAGEMENT|INCOMPLETE_PROFILE,,920
8cd81721d9bb4c08,lead,Alyssa,Gutierrez,alyssa.gutierrez@taylorandson.com,corporate,"Lighting technician, broadcasting/film/video",,,,MQL,13.4,Excluded,False,0.0,0.0,57.0,10.0,0,0,0.0,999,0,0,0,0,0,0.0,0.0,,,,,,,132,44.0,2025-01-21,True,OPT_OUT|DO_NOT_CONTACT|NO_ENGAGEMENT|INCOMPLETE_PROFILE,4,True,False,False,False,,no recorded engagement | nan nan | named target account | ICP-qualified account | flags: OPT_OUT|DO_NOT_CONTACT|NO_ENGAGEMENT|INCOMPLETE_PROFILE,,921
6170d8cc4769436f,lead,Christopher,Stevens,christopher.stevens@holland-thom.com,corporate,Archaeologist,End User,VP,,MQL,13.4,Excluded,False,0.0,0.0,57.0,10.0,0,0,0.0,999,0,0,0,0,0,0.0,0.0,,,,,,,14,4.666666666666667,2024-11-21,True,DO_NOT_CONTACT|NO_ENGAGEMENT,2,False,False,False,False,,no recorded engagement | VP End User | named target account | ICP-qualified account | flags: DO_NOT_CONTACT|NO_ENGAGEMENT,,922
e34d828ea29649f5,lead,Justin,Hays,sarahjohnson@gmail.com,free_email,,,VP,,MQL,13.2,Excluded,False,0.0,0.0,56.0,10.0,0,8,1.0,999,0,0,0,0,0,0.0,0.0,,,,,,,26,8.666666666666668,2024-12-21,True,DO_NOT_CONTACT|FREE_EMAIL|AUTOMATION_INFLATED|NO_ENGAGEMENT|INCOMPLETE_PROFILE,5,False,False,False,False,,no recorded engagement | ⚠ engagement mostly automated emails | VP nan | named target account | ICP-qualified account | flags: DO_NOT_CONTACT|FREE_EMAIL|AUTOMATION_INFLATED|NO_ENGAGEMENT|INCOMPLETE_PROFILE,,923
01dfb7fb3faf4417,contact,Brandon,Miller,brandon.miller@stanley-tuck.com,corporate,,End User,,,MQL,13.2,Excluded,False,0.0,0.0,35.0,31.2,0,0,0.0,999,0,0,0,0,0,0.0,0.0,0000024fcc2d43e2,False,False,85.0,3882.0,Legal,22,11.0,2025-01-28,True,OPT_OUT|EMAIL_BOUNCED|BROKEN_CONV_LINK|NO_ENGAGEMENT|INCOMPLETE_PROFILE,5,True,True,False,False,,no recorded engagement | nan End User | high intent score (85) | flags: OPT_OUT|EMAIL_BOUNCED|BROKEN_CONV_LINK|NO_ENGAGEMENT|INCOMPLETE_PROFILE,,924
48dd4976739e4254,contact,Raymond,Baldwin,xwood@rediffmail.com,free_email,"Administrator, charities/voluntary organisations",,,,MQL,13.2,Excluded,False,0.0,0.0,50.0,16.2,0,5,1.0,999,0,0,0,0,0,0.0,0.0,8ad0d1c6bd6144a3,False,False,5.0,13330.0,Government,171,85.5,2025-03-28,True,OPT_OUT|DO_NOT_CONTACT|FREE_EMAIL|AUTOMATION_INFLATED|STALE_LEGACY_SCORE|NO_ENGAGEMENT|INCOMPLETE_PROFILE,7,True,False,False,False,,no recorded engagement | ⚠ engagement mostly automated emails | nan nan | flags: OPT_OUT|DO_NOT_CONTACT|FREE_EMAIL|AUTOMATION_INFLATED|STALE_LEGACY_SCORE|NO_ENGAGEMENT|INCOMPLETE_PROFILE,,925
e9b7e6620aad4945,lead,Ashley,Graham,ashley.graham@youngllc.com,corporate,International aid/development worker,Non-Prospect,VP,,New,13.0,Excluded,False,0.0,0.0,43.0,22.2,0,4,1.0,999,0,0,0,0,0,0.0,0.0,ca94fa518e714acd,False,False,89.0,16.0,Energy,296,98.66666666666667,,False,NO_LONGER_WITH_COMPANY|NON_PROSPECT|AUTOMATION_INFLATED|STALE_LEGACY_SCORE|NO_ENGAGEMENT,5,False,False,True,False,,no recorded engagement | ⚠ engagement mostly automated emails | high intent score (89) | flags: NO_LONGER_WITH_COMPANY|NON_PROSPECT|AUTOMATION_INFLATED|STALE_LEGACY_SCORE|NO_ENGAGEMENT,,926
f3390f16b44b49d9,lead,Victoria,Turner,tracey35@outlook.com,free_email,Advertising copywriter,,,,New,13.0,Excluded,False,0.0,0.0,55.0,10.0,0,0,0.0,999,0,0,0,0,0,0.0,0.0,,,,,,,248,82.66666666666667,,False,NO_LONGER_WITH_COMPANY|DO_NOT_CONTACT|FREE_EMAIL|STALE_LEGACY_SCORE|NO_ENGAGEMENT|INCOMPLETE_PROFILE,6,False,False,True,False,,no recorded engagement | nan nan | named target account | ICP-qualified account | flags: NO_LONGER_WITH_COMPANY|DO_NOT_CONTACT|FREE_EMAIL|STALE_LEGACY_SCORE|NO_ENGAGEMENT|INCOMPLETE_PROFILE,,927
09d6d030269940ea,lead,Judith,Horne,suttonamber@gmx.de,free_email,TEFL teacher,,,,MQL,13.0,Excluded,False,0.0,0.0,55.0,10.0,0,5,1.0,999,0,0,0,0,0,0.0,0.0,,,,,,,140,46.666666666666664,2025-01-07,True,DO_NOT_CONTACT|FREE_EMAIL|AUTOMATION_INFLATED|NO_ENGAGEMENT|INCOMPLETE_PROFILE,5,False,False,False,False,,no recorded engagement | ⚠ engagement mostly automated emails | nan nan | named target account | ICP-qualified account | flags: DO_NOT_CONTACT|FREE_EMAIL|AUTOMATION_INFLATED|NO_ENGAGEMENT|INCOMPLETE_PROFILE,,928
3dcebe9ba05e440c,contact,Tara,Webster,tara.webster@estradamarsh.com,corporate,Private music teacher,,,,MQL,13.0,Excluded,False,0.0,0.0,50.0,15.0,0,78,1.0,999,0,0,0,0,0,0.0,0.0,59d9bcc03ed14e5f,False,False,0.0,5161.0,Insurance,184,92.0,2024-11-27,True,OPT_OUT|EMAIL_BOUNCED|AUTOMATION_INFLATED|STALE_LEGACY_SCORE|NO_ENGAGEMENT|INCOMPLETE_PROFILE,6,True,True,False,False,,no recorded engagement | ⚠ engagement mostly automated emails | nan nan | flags: OPT_OUT|EMAIL_BOUNCED|AUTOMATION_INFLATED|STALE_LEGACY_SCORE|NO_ENGAGEMENT|INCOMPLETE_PROFILE,,929
f6cc166acabe4d35,lead,Peter,Rodriguez,peter.rodriguez@howardmiller.com,corporate,Energy manager,Non-Prospect,Individual Contributor,,Disqualified,12.9,Excluded,False,0.0,0.0,27.0,37.5,0,0,0.0,999,0,0,0,0,0,0.0,0.0,1c2c7771838d4403,False,False,90.0,20091.0,Media,57,19.0,,False,EMAIL_BOUNCED|NON_PROSPECT|COMPETITOR|NO_ENGAGEMENT,4,False,True,False,True,Competitor,no recorded engagement | high intent score (90) | flags: EMAIL_BOUNCED|NON_PROSPECT|COMPETITOR|NO_ENGAGEMENT,,930
3ccb5f9ba12f4ef8,contact,Angela,Butler,kimberlyjames@gmail.com,free_email,,End User,Manager,,Active,12.9,Excluded,False,0.0,0.0,39.5,25.0,0,2,1.0,999,0,0,0,0,0,0.0,0.0,52a06ee62d294ee8,False,False,80.0,457.0,Telecommunications,167,83.5,,False,OPT_OUT|FREE_EMAIL|AUTOMATION_INFLATED|BROKEN_CONV_LINK|STALE_LEGACY_SCORE|NO_ENGAGEMENT,6,True,False,False,False,,no recorded engagement | ⚠ engagement mostly automated emails | Manager End User | high intent score (80) | flags: OPT_OUT|FREE_EMAIL|AUTOMATION_INFLATED|BROKEN_CONV_LINK|STALE_LEGACY_SCORE|NO_ENGAGEMENT,,931
d9337a35f6b4428d,contact,Jamie,Santana,ellenjohnson@hotmail.com,free_email,Dancer,,,,Qualified,12.7,Excluded,False,0.0,0.0,50.0,13.5,0,3,1.0,999,0,0,0,0,0,0.0,0.0,96e17aeb25534ae4,False,False,34.0,839.0,Insurance,40,20.0,,False,OPT_OUT|FREE_EMAIL|AUTOMATION_INFLATED|NO_ENGAGEMENT|INCOMPLETE_PROFILE,5,True,False,False,False,,no recorded engagement | ⚠ engagement mostly automated emails | nan nan | flags: OPT_OUT|FREE_EMAIL|AUTOMATION_INFLATED|NO_ENGAGEMENT|INCOMPLETE_PROFILE,,932
18d37ec7633749ea,contact,Katrina,Sparks,katrina.sparks@cartergroup.com,corporate,,Non-Prospect,VP,,Nurture,12.6,Excluded,False,0.0,0.0,30.0,32.8,0,0,0.0,999,0,0,0,0,0,0.0,0.0,a90c8d2ed11948be,False,True,31.0,89.0,Retail,104,52.0,,False,NON_PROSPECT|STALE_LEGACY_SCORE|NO_ENGAGEMENT,3,False,False,False,False,,no recorded engagement | named target account | flags: NON_PROSPECT|STALE_LEGACY_SCORE|NO_ENGAGEMENT,,933
cb57b26c7a46498e,lead,Kathleen,Horton,kathleen.horton@colemanllc.com,corporate,Publishing rights manager,Non-Prospect,,,New,12.5,Excluded,False,0.0,0.0,32.0,30.5,0,0,0.0,999,0,0,0,0,0,0.0,0.0,b05552fd87fa4635,False,False,82.0,3904.0,Retail,6,2.0,,False,NON_PROSPECT|NO_ENGAGEMENT,2,False,False,False,False,,no recorded engagement | high intent score (82) | flags: NON_PROSPECT|NO_ENGAGEMENT,,934
820c7ab9e4ff4c48,contact,David,Foster,figueroapatricia@gmail.com,free_email,Dispensing optician,Non-Prospect,VP,,Active,12.5,Excluded,False,0.0,0.0,40.0,22.5,0,0,0.0,999,0,0,0,0,0,0.0,0.0,0a91cbe4c7254c84,False,False,70.0,814.0,Telecommunications,164,82.0,,False,NON_PROSPECT|FREE_EMAIL|STALE_LEGACY_SCORE|NO_ENGAGEMENT,4,False,False,False,False,,no recorded engagement | high intent score (70) | flags: NON_PROSPECT|FREE_EMAIL|STALE_LEGACY_SCORE|NO_ENGAGEMENT,,935
be55253ca03a43bf,lead,Anita,Haney,ashleyjackson@outlook.com,free_email,Museum/gallery conservator,End User,,,Qualified,12.4,Excluded,False,0.0,0.0,52.0,10.0,0,5,1.0,999,0,0,0,0,0,0.0,0.0,,,,,,,243,81.0,,False,OPT_OUT|DO_NOT_CONTACT|FREE_EMAIL|AUTOMATION_INFLATED|STALE_LEGACY_SCORE|NO_ENGAGEMENT|INCOMPLETE_PROFILE,7,True,False,False,False,,no recorded engagement | ⚠ engagement mostly automated emails | nan End User | named target account | ICP-qualified account | flags: OPT_OUT|DO_NOT_CONTACT|FREE_EMAIL|AUTOMATION_INFLATED|STALE_LEGACY_SCORE|NO_ENGAGEMENT|INCOMPLETE_PROFILE,,936
f71eaa24903c4ee5,lead,Aaron,Ochoa,aaron.ochoa@coopergroup.com,corporate,,Technical Buyer,,,MQL,12.4,Excluded,False,0.0,0.0,52.0,10.0,0,2,1.0,999,0,0,0,0,0,0.0,0.0,,,,,,,195,65.0,2024-11-23,True,NO_LONGER_WITH_COMPANY|DO_NOT_CONTACT|AUTOMATION_INFLATED|STALE_LEGACY_SCORE|NO_ENGAGEMENT|INCOMPLETE_PROFILE,6,False,False,True,False,,no recorded engagement | ⚠ engagement mostly automated emails | nan Technical Buyer | named target account | ICP-qualified account | flags: NO_LONGER_WITH_COMPANY|DO_NOT_CONTACT|AUTOMATION_INFLATED|STALE_LEGACY_SCORE|NO_ENGAGEMENT|INCOMPLETE_PROFILE,,937
f0533b8193504d0a,lead,Christine,Diaz,christine.diaz@allenleandba.com,corporate,,Technical Buyer,,,New,12.4,Excluded,False,0.0,0.0,52.0,10.0,0,0,0.0,999,0,0,0,0,0,0.0,0.0,,,,,,,122,40.666666666666664,,False,DO_NOT_CONTACT|NO_ENGAGEMENT|INCOMPLETE_PROFILE,3,False,False,False,False,,no recorded engagement | nan Technical Buyer | named target account | ICP-qualified account | flags: DO_NOT_CONTACT|NO_ENGAGEMENT|INCOMPLETE_PROFILE,,938
8981638f8a644945,contact,Joseph,Rios,joseph.rios@lanegriffith.com,corporate,"Doctor, hospital",End User,,,Active,12.4,Excluded,False,0.0,0.0,45.0,16.8,0,7,1.0,999,0,0,0,0,0,0.0,0.0,442af661ffb94595,False,False,67.0,83.0,Telecommunications,64,32.0,,False,OPT_OUT|EMAIL_BOUNCED|NO_LONGER_WITH_COMPANY|AUTOMATION_INFLATED|BROKEN_CONV_LINK|NO_ENGAGEMENT,6,True,True,True,False,,no recorded engagement | ⚠ engagement mostly automated emails | nan End User | flags: OPT_OUT|EMAIL_BOUNCED|NO_LONGER_WITH_COMPANY|AUTOMATION_INFLATED|BROKEN_CONV_LINK|NO_ENGAGEMENT,,939
1cf463708c8d4db8,contact,Caitlin,Novak,anthony47@outlook.com,free_email,Recycling officer,Champion,Individual Contributor,,Nurture,12.4,Excluded,False,0.0,0.0,57.0,5.0,0,17,1.0,999,0,0,0,0,0,0.0,0.0,75848e4543da43c0,False,False,0.0,375.0,Government,50,25.0,,False,OPT_OUT|FREE_EMAIL|AUTOMATION_INFLATED|BROKEN_CONV_LINK|NO_ENGAGEMENT,5,True,False,False,False,,no recorded engagement | ⚠ engagement mostly automated emails | Individual Contributor Champion | flags: OPT_OUT|FREE_EMAIL|AUTOMATION_INFLATED|BROKEN_CONV_LINK|NO_ENGAGEMENT,,940
029155da91ef4155,lead,Dennis,Hernandez,dennis.hernandez@zhangbrooksa.com,corporate,Public affairs consultant,,,,Attempted,12.2,Excluded,False,0.0,0.0,52.0,9.2,0,16,1.0,999,0,0,0,0,0,0.0,0.0,8807040d699e4b2d,False,False,17.0,966.0,Legal,252,84.0,,False,OPT_OUT|AUTOMATION_INFLATED|STALE_LEGACY_SCORE|NO_ENGAGEMENT|INCOMPLETE_PROFILE,5,True,False,False,False,,no recorded engagement | ⚠ engagement mostly automated emails | nan nan | flags: OPT_OUT|AUTOMATION_INFLATED|STALE_LEGACY_SCORE|NO_ENGAGEMENT|INCOMPLETE_PROFILE,,941
3550247c5202407a,lead,Ashley,Duncan,ashley.duncan@johnsonllc.com,corporate,"Designer, furniture",,,,New,12.2,Excluded,False,0.0,0.0,51.0,10.0,0,0,0.0,999,0,0,0,0,0,0.0,0.0,,,,,,,224,74.66666666666667,,False,DO_NOT_CONTACT|STALE_LEGACY_SCORE|NO_ENGAGEMENT|INCOMPLETE_PROFILE,4,False,False,False,False,,no recorded engagement | nan nan | named target account | ICP-qualified account | flags: DO_NOT_CONTACT|STALE_LEGACY_SCORE|NO_ENGAGEMENT|INCOMPLETE_PROFILE,,942
5341ee4ee7574cc9,lead,Monica,Booker,harrisontanya@yahoo.com,free_email,,,VP,,New,12.1,Excluded,False,0.0,0.0,58.0,2.5,0,2,1.0,999,0,0,0,0,0,0.0,0.0,40c2eda23c4f427f,False,False,10.0,181.0,Media,3,1.0,,False,COMPETITOR|FREE_EMAIL|AUTOMATION_INFLATED|NO_ENGAGEMENT|INCOMPLETE_PROFILE,5,False,False,False,True,Competitor,no recorded engagement | ⚠ engagement mostly automated emails | VP nan | flags: COMPETITOR|FREE_EMAIL|AUTOMATION_INFLATED|NO_ENGAGEMENT|INCOMPLETE_PROFILE,,943
e0308ce71b10489b,lead,Andrea,Brown,andrea.brown@reyes-barnes.com,corporate,,Non-Prospect,Individual Contributor,,Attempted,12.0,Excluded,False,0.0,0.0,14.0,45.8,0,12,1.0,999,0,0,0,0,0,0.0,0.0,3073ecf6384e4578,True,False,3.0,3693.0,Technology,250,83.33333333333334,,False,NO_LONGER_WITH_COMPANY|NON_PROSPECT|AUTOMATION_INFLATED|STALE_LEGACY_SCORE|NO_ENGAGEMENT,5,False,False,True,True,No Longer With Company,no recorded engagement | ⚠ engagement mostly automated emails | ICP-qualified account | flags: NO_LONGER_WITH_COMPANY|NON_PROSPECT|AUTOMATION_INFLATED|STALE_LEGACY_SCORE|NO_ENGAGEMENT,,944
cbf45e1bc099428c,contact,Ellen,Paul,ellen.paul@barnesnewton.com,corporate,Patent examiner,,,,MQL,12.0,Excluded,False,0.0,0.0,50.0,10.0,0,1,1.0,999,0,0,0,0,0,0.0,0.0,,,,,,,162,81.0,2025-04-09,True,DO_NOT_CONTACT|AUTOMATION_INFLATED|BROKEN_CONV_LINK|STALE_LEGACY_SCORE|NO_ENGAGEMENT|INCOMPLETE_PROFILE,6,False,False,False,False,,no recorded engagement | ⚠ engagement mostly automated emails | nan nan | named target account | ICP-qualified account | flags: DO_NOT_CONTACT|AUTOMATION_INFLATED|BROKEN_CONV_LINK|STALE_LEGACY_SCORE|NO_ENGAGEMENT|INCOMPLETE_PROFILE,,945
fa326c81ee61426c,lead,Caitlin,Novak,anthony47@outlook.com,free_email,Recycling officer,Champion,Individual Contributor,,MQL,11.8,Excluded,False,0.0,0.0,54.0,5.0,0,0,0.0,999,0,0,0,0,0,0.0,0.0,75848e4543da43c0,False,False,0.0,375.0,Government,103,34.333333333333336,2025-01-16,True,OPT_OUT|FREE_EMAIL|NO_ENGAGEMENT,3,True,False,False,False,,no recorded engagement | Individual Contributor Champion | flags: OPT_OUT|FREE_EMAIL|NO_ENGAGEMENT,,946
69a38cd513434aab,lead,Paula,Khan,paula.khan@wrightltd.com,corporate,,,Manager,,Qualified,11.8,Excluded,False,0.0,0.0,51.5,7.5,0,0,0.0,999,0,0,0,0,0,0.0,0.0,af7b2cc79182453f,False,False,10.0,342.0,Telecommunications,298,99.33333333333333,,False,OPT_OUT|STALE_LEGACY_SCORE|NO_ENGAGEMENT|INCOMPLETE_PROFILE,4,True,False,False,False,,no recorded engagement | Manager nan | flags: OPT_OUT|STALE_LEGACY_SCORE|NO_ENGAGEMENT|INCOMPLETE_PROFILE,,947
9c4e7fdaab774986,contact,Dennis,Hernandez,dennis.hernandez@zhangbrooksa.com,corporate,Public affairs consultant,,,,MQL,11.8,Excluded,False,0.0,0.0,50.0,9.2,0,0,0.0,999,0,0,0,0,0,0.0,0.0,8807040d699e4b2d,False,False,17.0,966.0,Legal,54,27.0,2024-12-30,True,OPT_OUT|BROKEN_CONV_LINK|NO_ENGAGEMENT|INCOMPLETE_PROFILE,4,True,False,False,False,,no recorded engagement | nan nan | flags: OPT_OUT|BROKEN_CONV_LINK|NO_ENGAGEMENT|INCOMPLETE_PROFILE,,948
3b3da3564dcd4d66,contact,Kevin,Foster,kevin.foster@anderson-mcc.com,corporate,Architectural technologist,Non-Prospect,Individual Contributor,,MQL,11.8,Excluded,False,0.0,0.0,22.0,37.0,0,1,1.0,999,0,0,0,0,0,0.0,0.0,16c030bda2c84e26,False,True,28.0,425.0,Education,29,14.499999999999998,2024-11-06,True,OPT_OUT|NON_PROSPECT|AUTOMATION_INFLATED|NO_ENGAGEMENT,4,True,False,False,False,,no recorded engagement | ⚠ engagement mostly automated emails | named target account | flags: OPT_OUT|NON_PROSPECT|AUTOMATION_INFLATED|NO_ENGAGEMENT,,949
dcd1ab06b8db44a4,lead,Michael,Combs,gregorywatkins@outlook.com,free_email,Mechanical engineer,,Individual Contributor,,MQL,11.6,Excluded,False,0.0,0.0,48.0,10.0,0,1,1.0,999,0,0,0,0,0,0.0,0.0,,,,,,,120,40.0,2025-01-15,True,DO_NOT_CONTACT|FREE_EMAIL|AUTOMATION_INFLATED|NO_ENGAGEMENT|INCOMPLETE_PROFILE,5,False,False,False,False,,no recorded engagement | ⚠ engagement mostly automated emails | Individual Contributor nan | named target account | ICP-qualified account | flags: DO_NOT_CONTACT|FREE_EMAIL|AUTOMATION_INFLATED|NO_ENGAGEMENT|INCOMPLETE_PROFILE,,950
05172afb032f47b0,lead,Jack,Rodriguez,jack.rodriguez@kinggroup.com,corporate,Call centre manager,,Individual Contributor,,Attempted,11.6,Excluded,False,0.0,0.0,48.0,10.0,0,5,1.0,999,0,0,0,0,0,0.0,0.0,,,,,,,34,11.333333333333332,,False,DO_NOT_CONTACT|AUTOMATION_INFLATED|NO_ENGAGEMENT|INCOMPLETE_PROFILE,4,False,False,False,False,,no recorded engagement | ⚠ engagement mostly automated emails | Individual Contributor nan | named target account | ICP-qualified account | flags: DO_NOT_CONTACT|AUTOMATION_INFLATED|NO_ENGAGEMENT|INCOMPLETE_PROFILE,,951
4fd56792e1a042f0,lead,Stephanie,Johnson,stephanie.johnson@robinson-wal.com,corporate,Fashion designer,End User,,,Attempted,11.4,Excluded,False,0.0,0.0,47.0,10.0,0,2,1.0,999,0,0,0,0,0,0.0,0.0,,,,,,,256,85.33333333333334,,False,OPT_OUT|DO_NOT_CONTACT|AUTOMATION_INFLATED|STALE_LEGACY_SCORE|NO_ENGAGEMENT|INCOMPLETE_PROFILE,6,True,False,False,False,,no recorded engagement | ⚠ engagement mostly automated emails | nan End User | named target account | ICP-qualified account | flags: OPT_OUT|DO_NOT_CONTACT|AUTOMATION_INFLATED|STALE_LEGACY_SCORE|NO_ENGAGEMENT|INCOMPLETE_PROFILE,,952
c575dd5629cd41b6,lead,Kristi,Diaz,kristi.diaz@gonzalezosbo.com,corporate,Statistician,,,,New,11.4,Excluded,False,0.0,0.0,47.0,10.0,0,1,1.0,999,0,0,0,0,0,0.0,0.0,,,,,,,242,80.66666666666666,,False,DO_NOT_CONTACT|AUTOMATION_INFLATED|STALE_LEGACY_SCORE|NO_ENGAGEMENT|INCOMPLETE_PROFILE,5,False,False,False,True,Duplicate,no recorded engagement | ⚠ engagement mostly automated emails | nan nan | named target account | ICP-qualified account | flags: DO_NOT_CONTACT|AUTOMATION_INFLATED|STALE_LEGACY_SCORE|NO_ENGAGEMENT|INCOMPLETE_PROFILE,,953
b9e315916c8f490f,lead,Nicholas,Snyder,nicholas.snyder@brownrobinso.com,corporate,,,,,New,11.4,Excluded,False,0.0,0.0,47.0,10.0,0,0,0.0,999,0,0,0,0,0,0.0,0.0,,,,,,,95,31.666666666666664,,False,DO_NOT_CONTACT|NO_ENGAGEMENT|INCOMPLETE_PROFILE,3,False,False,False,False,,no recorded engagement | nan nan | named target account | ICP-qualified account | flags: DO_NOT_CONTACT|NO_ENGAGEMENT|INCOMPLETE_PROFILE,,954
24633722aaf444af,lead,Cynthia,Miller,michael.love@guerrerogrou.com,corporate,"Designer, jewellery",End User,Individual Contributor,,MQL,11.0,Excluded,False,0.0,0.0,49.0,6.0,0,4,1.0,999,0,0,0,0,0,0.0,0.0,94b73736bf264df3,False,False,24.0,43.0,Education,147,49.0,2025-03-05,True,OPT_OUT|AUTOMATION_INFLATED|NO_ENGAGEMENT,3,True,False,False,False,,no recorded engagement | ⚠ engagement mostly automated emails | Individual Contributor End User | flags: OPT_OUT|AUTOMATION_INFLATED|NO_ENGAGEMENT,,955
386dd025a3f74b44,contact,Stephanie,Johnson,stephanie.johnson@robinson-wal.com,corporate,Fashion designer,End User,,,Active,11.0,Excluded,False,0.0,0.0,45.0,10.0,0,79,1.0,999,0,0,0,0,0,0.0,0.0,,,,,,,106,53.0,,False,OPT_OUT|EMAIL_BOUNCED|DO_NOT_CONTACT|AUTOMATION_INFLATED|BROKEN_CONV_LINK|STALE_LEGACY_SCORE|NO_ENGAGEMENT|INCOMPLETE_PROFILE,8,True,True,False,False,,no recorded engagement | ⚠ engagement mostly automated emails | nan End User | named target account | ICP-qualified account | flags: OPT_OUT|EMAIL_BOUNCED|DO_NOT_CONTACT|AUTOMATION_INFLATED|BROKEN_CONV_LINK|STALE_LEGACY_SCORE|NO_ENGAGEMENT|INCOMPLETE_PROFILE,,956
37c7152e71a04213,contact,Anita,Haney,ashleyjackson@outlook.com,free_email,Museum/gallery conservator,End User,,,MQL,11.0,Excluded,False,0.0,0.0,45.0,10.0,0,0,0.0,999,0,0,0,0,0,0.0,0.0,,,,,,,200,100.0,2025-03-30,True,OPT_OUT|EMAIL_BOUNCED|DO_NOT_CONTACT|FREE_EMAIL|BROKEN_CONV_LINK|STALE_LEGACY_SCORE|NO_ENGAGEMENT|INCOMPLETE_PROFILE,8,True,True,False,False,,no recorded engagement | nan End User | named target account | ICP-qualified account | flags: OPT_OUT|EMAIL_BOUNCED|DO_NOT_CONTACT|FREE_EMAIL|BROKEN_CONV_LINK|STALE_LEGACY_SCORE|NO_ENGAGEMENT|INCOMPLETE_PROFILE,,957
475ae63c91f140a4,lead,Willie,Hicks,pwilliams@gmail.com,free_email,"Engineer, automotive",Non-Prospect,Director,,Attempted,10.9,Excluded,False,0.0,0.0,37.5,17.0,0,0,0.0,999,0,0,0,0,0,0.0,0.0,f4723066914942c3,False,False,8.0,9898.0,Legal,266,88.66666666666667,,False,OPT_OUT|NO_LONGER_WITH_COMPANY|NON_PROSPECT|FREE_EMAIL|STALE_LEGACY_SCORE|NO_ENGAGEMENT,6,True,False,True,False,,no recorded engagement | flags: OPT_OUT|NO_LONGER_WITH_COMPANY|NON_PROSPECT|FREE_EMAIL|STALE_LEGACY_SCORE|NO_ENGAGEMENT,,958
3823c3e04acc4fc1,contact,Justin,Jackson,nathan65@rediffmail.com,free_email,Financial trader,Non-Prospect,Director,,MQL,10.7,Excluded,False,0.0,0.0,35.5,18.2,0,57,1.0,999,0,0,0,0,0,0.0,0.0,fd4c6872a5bd46e2,False,False,73.0,130.0,Financial Services,164,82.0,2025-03-01,True,NON_PROSPECT|FREE_EMAIL|AUTOMATION_INFLATED|STALE_LEGACY_SCORE|NO_ENGAGEMENT,5,False,False,False,False,,no recorded engagement | ⚠ engagement mostly automated emails | high intent score (73) | flags: NON_PROSPECT|FREE_EMAIL|AUTOMATION_INFLATED|STALE_LEGACY_SCORE|NO_ENGAGEMENT,,959
6761c08891d74e03,lead,Marcia,Johnson,frykelli@libero.it,free_email,Geochemist,End User,Individual Contributor,,Qualified,10.6,Excluded,False,0.0,0.0,43.0,10.0,0,0,0.0,999,0,0,0,0,0,0.0,0.0,,,,,,,186,62.0,,False,DO_NOT_CONTACT|FREE_EMAIL|STALE_LEGACY_SCORE|NO_ENGAGEMENT,4,False,False,False,True,Duplicate,no recorded engagement | Individual Contributor End User | named target account | ICP-qualified account | flags: DO_NOT_CONTACT|FREE_EMAIL|STALE_LEGACY_SCORE|NO_ENGAGEMENT,,960
e4342feff6194b17,contact,William,Mcneil,william.mcneil@smithmarksan.com,corporate,Naval architect,End User,,,Active,10.6,Excluded,False,0.0,0.0,45.0,8.2,0,4,1.0,999,0,0,0,0,0,0.0,0.0,29db89c3dc064f21,False,False,33.0,118.0,Media,57,28.499999999999996,,False,OPT_OUT|NO_LONGER_WITH_COMPANY|AUTOMATION_INFLATED|BROKEN_CONV_LINK|NO_ENGAGEMENT,5,True,False,True,False,,no recorded engagement | ⚠ engagement mostly automated emails | nan End User | flags: OPT_OUT|NO_LONGER_WITH_COMPANY|AUTOMATION_INFLATED|BROKEN_CONV_LINK|NO_ENGAGEMENT,,961
617e9f72ed074768,contact,Marcia,Johnson,frykelli@libero.it,free_email,Geochemist,End User,Individual Contributor,,MQL,10.4,Excluded,False,0.0,0.0,42.0,10.0,0,3,1.0,999,0,0,0,0,0,0.0,0.0,,,,,,,171,85.5,2025-03-13,True,DO_NOT_CONTACT|FREE_EMAIL|AUTOMATION_INFLATED|BROKEN_CONV_LINK|STALE_LEGACY_SCORE|NO_ENGAGEMENT,6,False,False,False,False,,no recorded engagement | ⚠ engagement mostly automated emails | Individual Contributor End User | named target account | ICP-qualified account | flags: DO_NOT_CONTACT|FREE_EMAIL|AUTOMATION_INFLATED|BROKEN_CONV_LINK|STALE_LEGACY_SCORE|NO_ENGAGEMENT,,962
3c2ce660d6be4ed2,contact,Bryan,Kelley,bryan.kelley@harrisherrer.com,corporate,,Non-Prospect,Director,,Active,10.3,Excluded,False,0.0,0.0,25.5,26.2,0,28,1.0,999,0,0,0,0,0,0.0,0.0,7d8d7fc6ccc4471b,False,False,85.0,221.0,Manufacturing,18,9.0,,False,NON_PROSPECT|AUTOMATION_INFLATED|BROKEN_CONV_LINK|NO_ENGAGEMENT,4,False,False,False,False,,no recorded engagement | ⚠ engagement mostly automated emails | high intent score (85) | flags: NON_PROSPECT|AUTOMATION_INFLATED|BROKEN_CONV_LINK|NO_ENGAGEMENT,,963
313286feddf44875,contact,Ronald,Reed,ronald.reed@pearsonllc.com,corporate,,,,,Qualified,10.2,Excluded,False,0.0,0.0,40.0,11.0,0,12,1.0,999,0,0,0,0,0,0.0,0.0,53a3b4b3cfe64870,False,False,44.0,120.0,Retail,6,3.0,,False,OPT_OUT|NO_LONGER_WITH_COMPANY|DO_NOT_CONTACT|AUTOMATION_INFLATED|NO_ENGAGEMENT|INCOMPLETE_PROFILE,6,True,False,True,False,,no recorded engagement | ⚠ engagement mostly automated emails | nan nan | flags: OPT_OUT|NO_LONGER_WITH_COMPANY|DO_NOT_CONTACT|AUTOMATION_INFLATED|NO_ENGAGEMENT|INCOMPLETE_PROFILE,,964
96f10c050d374afb,lead,Linda,Lewis,linda.lewis@harriscampbe.com,corporate,,End User,,,Disqualified,10.0,Excluded,False,0.0,0.0,40.0,10.0,0,13,1.0,999,0,0,0,0,0,0.0,0.0,,,,,,,143,47.66666666666667,,False,OPT_OUT|DO_NOT_CONTACT|AUTOMATION_INFLATED|NO_ENGAGEMENT|INCOMPLETE_PROFILE,5,True,False,False,False,,no recorded engagement | ⚠ engagement mostly automated emails | nan End User | named target account | ICP-qualified account | flags: OPT_OUT|DO_NOT_CONTACT|AUTOMATION_INFLATED|NO_ENGAGEMENT|INCOMPLETE_PROFILE,,965
9bcbf75b1e794ee9,contact,Sean,Washington,sean.washington@arnold-danie.com,corporate,,,,,MQL,10.0,Excluded,False,0.0,0.0,40.0,10.0,0,15,1.0,999,0,0,0,0,0,0.0,0.0,,,,,,,57,28.499999999999996,2024-11-18,True,EMAIL_BOUNCED|DO_NOT_CONTACT|AUTOMATION_INFLATED|BROKEN_CONV_LINK|NO_ENGAGEMENT|INCOMPLETE_PROFILE,6,False,True,False,False,,no recorded engagement | ⚠ engagement mostly automated emails | nan nan | named target account | ICP-qualified account | flags: EMAIL_BOUNCED|DO_NOT_CONTACT|AUTOMATION_INFLATED|BROKEN_CONV_LINK|NO_ENGAGEMENT|INCOMPLETE_PROFILE,,966
424dfe86f1874645,contact,Erin,Larson,foxallison@outlook.com,free_email,,,,,Nurture,10.0,Excluded,False,0.0,0.0,40.0,10.0,0,68,1.0,999,0,0,0,0,0,0.0,0.0,,,,,,,162,81.0,,False,OPT_OUT|DO_NOT_CONTACT|FREE_EMAIL|AUTOMATION_INFLATED|BROKEN_CONV_LINK|STALE_LEGACY_SCORE|NO_ENGAGEMENT|INCOMPLETE_PROFILE,8,True,False,False,False,,no recorded engagement | ⚠ engagement mostly automated emails | nan nan | named target account | ICP-qualified account | flags: OPT_OUT|DO_NOT_CONTACT|FREE_EMAIL|AUTOMATION_INFLATED|BROKEN_CONV_LINK|STALE_LEGACY_SCORE|NO_ENGAGEMENT|INCOMPLETE_PROFILE,,967
2f85a33772544d00,lead,Ann,Bolton,ann.bolton@fox-edwards.com,corporate,,,Individual Contributor,,New,9.8,Excluded,False,0.0,0.0,39.0,10.0,0,12,1.0,999,0,0,0,0,0,0.0,0.0,,,,,,,55,18.333333333333332,,False,DO_NOT_CONTACT|AUTOMATION_INFLATED|NO_ENGAGEMENT|INCOMPLETE_PROFILE,4,False,False,False,False,,no recorded engagement | ⚠ engagement mostly automated emails | Individual Contributor nan | named target account | ICP-qualified account | flags: DO_NOT_CONTACT|AUTOMATION_INFLATED|NO_ENGAGEMENT|INCOMPLETE_PROFILE,,968
6c8fcca0dbef41ad,lead,Mark,Smith,mark.smith@davisrodrigu.com,corporate,"Research officer, political party",Non-Prospect,Individual Contributor,,MQL,9.6,Excluded,False,0.0,0.0,25.0,22.8,0,2,1.0,999,0,0,0,0,0,0.0,0.0,d379b3da684d4431,False,False,71.0,647.0,Media,99,33.0,2025-04-27,True,EMAIL_BOUNCED|NON_PROSPECT|AUTOMATION_INFLATED|NO_ENGAGEMENT,4,False,True,False,False,,no recorded engagement | ⚠ engagement mostly automated emails | high intent score (71) | flags: EMAIL_BOUNCED|NON_PROSPECT|AUTOMATION_INFLATED|NO_ENGAGEMENT,,969
e4189e557cbb4162,lead,Carlos,Wagner,carlos.wagner@daniels-powe.com,corporate,Magazine journalist,Non-Prospect,,,MQL,9.6,Excluded,False,0.0,0.0,22.0,26.2,0,21,1.0,999,0,0,0,0,0,0.0,0.0,bc212a4c068f41f4,False,False,85.0,713.0,Energy,59,19.666666666666664,2024-11-27,True,NON_PROSPECT|AUTOMATION_INFLATED|NO_ENGAGEMENT,3,False,False,False,False,,no recorded engagement | ⚠ engagement mostly automated emails | high intent score (85) | flags: NON_PROSPECT|AUTOMATION_INFLATED|NO_ENGAGEMENT,,970
45cedc53487047f7,lead,Ian,Roberts,ian.roberts@gibsonchavez.com,corporate,Regulatory affairs officer,Non-Prospect,,,MQL,9.6,Excluded,False,0.0,0.0,28.0,20.0,0,13,1.0,999,0,0,0,0,0,0.0,0.0,440751f90ac74a98,False,False,20.0,23618.0,Retail,253,84.33333333333334,2025-04-07,True,NON_PROSPECT|AUTOMATION_INFLATED|STALE_LEGACY_SCORE|NO_ENGAGEMENT,4,False,False,False,False,,no recorded engagement | ⚠ engagement mostly automated emails | flags: NON_PROSPECT|AUTOMATION_INFLATED|STALE_LEGACY_SCORE|NO_ENGAGEMENT,,971
89bba75bf7a44f3b,lead,Mark,Hopkins,mark.hopkins@silvacunning.com,corporate,Interpreter,Non-Prospect,,,MQL,9.4,Excluded,False,0.0,0.0,27.0,20.2,0,3,1.0,999,0,0,0,0,0,0.0,0.0,5ae5b36878be4dbe,False,False,81.0,4.0,Media,88,29.333333333333332,2025-03-31,True,NON_PROSPECT|AUTOMATION_INFLATED|NO_ENGAGEMENT,3,False,False,False,False,,no recorded engagement | ⚠ engagement mostly automated emails | high intent score (81) | flags: NON_PROSPECT|AUTOMATION_INFLATED|NO_ENGAGEMENT,,972
b3fa3f8b71c94be8,contact,Tara,Hammond,tara.hammond@sanchezgroup.com,corporate,Licensed conveyancer,Non-Prospect,Manager,,Nurture,9.4,Excluded,False,0.0,0.0,29.5,17.5,0,0,0.0,999,0,0,0,0,0,0.0,0.0,121edb0c9ad44cf9,False,False,70.0,67.0,Insurance,173,86.5,,False,EMAIL_BOUNCED|NON_PROSPECT|STALE_LEGACY_SCORE|NO_ENGAGEMENT,4,False,True,False,False,,no recorded engagement | high intent score (70) | flags: EMAIL_BOUNCED|NON_PROSPECT|STALE_LEGACY_SCORE|NO_ENGAGEMENT,,973
6d03907eb757434d,contact,Danielle,Maddox,danielle.maddox@buchananands.com,corporate,Comptroller,Non-Prospect,Manager,,MQL,9.3,Excluded,False,0.0,0.0,29.5,17.0,0,0,0.0,999,0,0,0,0,0,0.0,0.0,f4723066914942c3,False,False,8.0,9898.0,Legal,110,55.00000000000001,2025-02-20,True,EMAIL_BOUNCED|NO_LONGER_WITH_COMPANY|NON_PROSPECT|BROKEN_CONV_LINK|STALE_LEGACY_SCORE|NO_ENGAGEMENT,6,False,True,True,False,,no recorded engagement | flags: EMAIL_BOUNCED|NO_LONGER_WITH_COMPANY|NON_PROSPECT|BROKEN_CONV_LINK|STALE_LEGACY_SCORE|NO_ENGAGEMENT,,974
34517e024c0c484c,contact,Joel,Duncan,joel.duncan@fitzpatrickb.com,corporate,"Scientist, water quality",Non-Prospect,Manager,,Attempted,9.3,Excluded,False,0.0,0.0,29.5,17.0,0,2,1.0,999,0,0,0,0,0,0.0,0.0,3bfa3e65fc0044d5,False,False,28.0,1323.0,Retail,74,37.0,,False,NON_PROSPECT|AUTOMATION_INFLATED|NO_ENGAGEMENT,3,False,False,False,False,,no recorded engagement | ⚠ engagement mostly automated emails | flags: NON_PROSPECT|AUTOMATION_INFLATED|NO_ENGAGEMENT,,975
f4c77e9d808e49ca,lead,Douglas,Patterson,david.green@hineswhitean.com,corporate,Chartered certified accountant,Non-Prospect,Manager,,Attempted,9.2,Excluded,False,0.0,0.0,30.5,15.5,0,0,0.0,999,0,0,0,0,0,0.0,0.0,32feb33af3a14087,False,False,62.0,22.0,Manufacturing,298,99.33333333333333,,False,NON_PROSPECT|STALE_LEGACY_SCORE|NO_ENGAGEMENT,3,False,False,False,False,,no recorded engagement | flags: NON_PROSPECT|STALE_LEGACY_SCORE|NO_ENGAGEMENT,,976
3542042a28de489b,lead,James,Dunn,james.dunn@kim-wolfe.com,corporate,Community development worker,Non-Prospect,,,MQL,9.0,Excluded,False,0.0,0.0,32.0,12.8,0,77,1.0,999,0,0,0,0,0,0.0,0.0,8d611d9d99c746e0,False,False,31.0,229.0,Energy,172,57.333333333333336,2024-11-25,True,NON_PROSPECT|AUTOMATION_INFLATED|STALE_LEGACY_SCORE|NO_ENGAGEMENT,4,False,False,False,False,,no recorded engagement | ⚠ engagement mostly automated emails | flags: NON_PROSPECT|AUTOMATION_INFLATED|STALE_LEGACY_SCORE|NO_ENGAGEMENT,,977
15050558075d4378,lead,Sandra,Mendoza,probles@outlook.com,free_email,Copy,Non-Prospect,,,Disqualified,9.0,Excluded,False,0.0,0.0,27.0,18.2,0,0,0.0,999,0,0,0,0,0,0.0,0.0,fd4c6872a5bd46e2,False,False,73.0,130.0,Financial Services,159,53.0,,False,NON_PROSPECT|FREE_EMAIL|STALE_LEGACY_SCORE|NO_ENGAGEMENT,4,False,False,False,True,Personal Email,no recorded engagement | high intent score (73) | flags: NON_PROSPECT|FREE_EMAIL|STALE_LEGACY_SCORE|NO_ENGAGEMENT,,978
ac4fc61c3d62433f,contact,Amanda,Hill,amanda.hill@tranltd.com,corporate,,End User,,,Active,9.0,Excluded,False,0.0,0.0,35.0,10.0,0,1,1.0,999,0,0,0,0,0,0.0,0.0,,,,,,,52,26.0,,False,EMAIL_BOUNCED|DO_NOT_CONTACT|AUTOMATION_INFLATED|BROKEN_CONV_LINK|NO_ENGAGEMENT|INCOMPLETE_PROFILE,6,False,True,False,False,,no recorded engagement | ⚠ engagement mostly automated emails | nan End User | named target account | ICP-qualified account | flags: EMAIL_BOUNCED|DO_NOT_CONTACT|AUTOMATION_INFLATED|BROKEN_CONV_LINK|NO_ENGAGEMENT|INCOMPLETE_PROFILE,,979
397d8d9c377742c8,contact,Douglas,Patterson,douglas.patterson@gomezduncana.com,corporate,Chartered certified accountant,Non-Prospect,Manager,,MQL,9.0,Excluded,False,0.0,0.0,29.5,15.5,0,0,0.0,999,0,0,0,0,0,0.0,0.0,32feb33af3a14087,False,False,62.0,22.0,Manufacturing,58,28.999999999999996,2024-11-16,True,NON_PROSPECT|BROKEN_CONV_LINK|NO_ENGAGEMENT,3,False,False,False,False,,no recorded engagement | flags: NON_PROSPECT|BROKEN_CONV_LINK|NO_ENGAGEMENT,,980
29c432d26f464821,lead,Jason,Hayes,jason.hayes@gutierrezgro.com,corporate,Oceanographer,Non-Prospect,,,MQL,8.9,Excluded,False,0.0,0.0,22.0,22.5,0,14,1.0,999,0,0,0,0,0,0.0,0.0,edf3b7ee3da04803,False,False,30.0,36633.0,Media,207,69.0,2025-03-17,True,NON_PROSPECT|AUTOMATION_INFLATED|STALE_LEGACY_SCORE|NO_ENGAGEMENT,4,False,False,False,False,,no recorded engagement | ⚠ engagement mostly automated emails | flags: NON_PROSPECT|AUTOMATION_INFLATED|STALE_LEGACY_SCORE|NO_ENGAGEMENT,,981
01bf1ceeaf464edd,lead,Shannon,Johnson,jodylewis@gmail.com,free_email,,Non-Prospect,C-Level,,Disqualified,8.7,Excluded,False,0.0,0.0,36.0,7.5,0,0,0.0,999,0,0,0,0,0,0.0,0.0,af7b2cc79182453f,False,False,10.0,342.0,Telecommunications,144,48.0,,False,OPT_OUT|EMAIL_BOUNCED|NON_PROSPECT|FREE_EMAIL|NO_ENGAGEMENT,5,True,True,False,False,,no recorded engagement | flags: OPT_OUT|EMAIL_BOUNCED|NON_PROSPECT|FREE_EMAIL|NO_ENGAGEMENT,,982
a0c0dcca17104ae0,lead,Michael,Powell,michael.powell@moralesplc.com,corporate,"Surveyor, planning and development",Non-Prospect,,,MQL,8.6,Excluded,False,0.0,0.0,26.0,17.0,0,30,1.0,999,0,0,0,0,0,0.0,0.0,c008c318a3534a2e,False,False,28.0,4622.0,Energy,154,51.33333333333333,2025-03-22,True,NON_PROSPECT|AUTOMATION_INFLATED|BROKEN_CONV_LINK|STALE_LEGACY_SCORE|NO_ENGAGEMENT,5,False,False,False,False,,no recorded engagement | ⚠ engagement mostly automated emails | flags: NON_PROSPECT|AUTOMATION_INFLATED|BROKEN_CONV_LINK|STALE_LEGACY_SCORE|NO_ENGAGEMENT,,983
6d32f87326034e0d,contact,Michael,Powell,michael.powell@moralesplc.com,corporate,"Surveyor, planning and development",Non-Prospect,,,MQL,8.4,Excluded,False,0.0,0.0,25.0,17.0,0,0,0.0,999,0,0,0,0,0,0.0,0.0,c008c318a3534a2e,False,False,28.0,4622.0,Energy,147,73.5,2024-12-11,True,NON_PROSPECT|BROKEN_CONV_LINK|STALE_LEGACY_SCORE|NO_ENGAGEMENT,4,False,False,False,False,,no recorded engagement | flags: NON_PROSPECT|BROKEN_CONV_LINK|STALE_LEGACY_SCORE|NO_ENGAGEMENT,,984
3b61e323bf5e4100,contact,Joseph,Little,joseph.little@farrellmeado.com,corporate,Best boy,Non-Prospect,,,Active,8.4,Excluded,False,0.0,0.0,25.0,17.0,0,0,0.0,999,0,0,0,0,0,0.0,0.0,3bfa3e65fc0044d5,False,False,28.0,1323.0,Retail,102,51.0,,False,EMAIL_BOUNCED|NON_PROSPECT|STALE_LEGACY_SCORE|NO_ENGAGEMENT,4,False,True,False,False,,no recorded engagement | flags: EMAIL_BOUNCED|NON_PROSPECT|STALE_LEGACY_SCORE|NO_ENGAGEMENT,,985
1586aa3ff3464303,lead,Michelle,Mccarty,sales@ray.net,shared_mailbox,Ecologist,Non-Prospect,Manager,,MQL,8.3,Excluded,False,0.0,0.0,31.5,10.0,0,0,0.0,999,0,0,0,0,0,0.0,0.0,,,,,,,220,73.33333333333333,2024-11-28,True,EMAIL_BOUNCED|DO_NOT_CONTACT|NON_PROSPECT|SHARED_MAILBOX|STALE_LEGACY_SCORE|NO_ENGAGEMENT,6,False,True,False,False,,no recorded engagement | named target account | ICP-qualified account | flags: EMAIL_BOUNCED|DO_NOT_CONTACT|NON_PROSPECT|SHARED_MAILBOX|STALE_LEGACY_SCORE|NO_ENGAGEMENT,,986
4260cf476a5044d1,lead,Ann,Marquez,ann.marquez@wrightplc.com,corporate,Industrial/product designer,Non-Prospect,Manager,,New,8.3,Excluded,False,0.0,0.0,31.5,10.0,0,0,0.0,999,0,0,0,0,0,0.0,0.0,,,,,,,239,79.66666666666666,,False,DO_NOT_CONTACT|NON_PROSPECT|STALE_LEGACY_SCORE|NO_ENGAGEMENT,4,False,False,False,False,,no recorded engagement | named target account | ICP-qualified account | flags: DO_NOT_CONTACT|NON_PROSPECT|STALE_LEGACY_SCORE|NO_ENGAGEMENT,,987
2d678ba252234af8,lead,Jonathan,Rivera,jonathan.rivera@pinedawillia.com,corporate,"Therapist, speech and language",Non-Prospect,Individual Contributor,,Attempted,8.2,Excluded,False,0.0,0.0,29.0,12.2,0,4,1.0,999,0,0,0,0,0,0.0,0.0,3dcfbd7cdace4ae3,False,False,49.0,153.0,Technology,209,69.66666666666667,,False,NON_PROSPECT|AUTOMATION_INFLATED|STALE_LEGACY_SCORE|NO_ENGAGEMENT,4,False,False,False,False,,no recorded engagement | ⚠ engagement mostly automated emails | flags: NON_PROSPECT|AUTOMATION_INFLATED|STALE_LEGACY_SCORE|NO_ENGAGEMENT,,988
598a81bb3fa447de,lead,Jesus,Baker,jesus.baker@lawrencelara.com,corporate,,End User,Individual Contributor,,MQL,7.8,Excluded,False,0.0,0.0,29.0,10.0,0,77,1.0,999,0,0,0,0,0,0.0,0.0,,,,,,,282,94.0,2024-12-25,True,DO_NOT_CONTACT|AUTOMATION_INFLATED|BROKEN_CONV_LINK|STALE_LEGACY_SCORE|NO_ENGAGEMENT|INCOMPLETE_PROFILE,6,False,False,False,False,,no recorded engagement | ⚠ engagement mostly automated emails | Individual Contributor End User | named target account | ICP-qualified account | flags: DO_NOT_CONTACT|AUTOMATION_INFLATED|BROKEN_CONV_LINK|STALE_LEGACY_SCORE|NO_ENGAGEMENT|INCOMPLETE_PROFILE,,989
506fec74813143f3,lead,Ashley,Kim,ashley.kim@jameshowarda.com,corporate,,Non-Prospect,,,MQL,7.8,Excluded,False,0.0,0.0,22.0,17.2,0,6,1.0,999,0,0,0,0,0,0.0,0.0,e883696d459b4467,False,False,29.0,4053.0,Retail,300,100.0,2025-01-11,True,NO_LONGER_WITH_COMPANY|NON_PROSPECT|AUTOMATION_INFLATED|STALE_LEGACY_SCORE|NO_ENGAGEMENT|INCOMPLETE_PROFILE,6,False,False,True,False,,no recorded engagement | ⚠ engagement mostly automated emails | flags: NO_LONGER_WITH_COMPANY|NON_PROSPECT|AUTOMATION_INFLATED|STALE_LEGACY_SCORE|NO_ENGAGEMENT|INCOMPLETE_PROFILE,,990
9797aaacf1d846d5,lead,Nathaniel,Hatfield,kari39@outlook.com,free_email,Sales executive,Non-Prospect,Individual Contributor,,MQL,7.2,Excluded,False,0.0,0.0,23.0,12.8,0,8,1.0,999,0,0,0,0,0,0.0,0.0,8d611d9d99c746e0,False,False,31.0,229.0,Energy,191,63.66666666666667,2025-04-01,True,NON_PROSPECT|FREE_EMAIL|AUTOMATION_INFLATED|STALE_LEGACY_SCORE|NO_ENGAGEMENT,5,False,False,False,False,,no recorded engagement | ⚠ engagement mostly automated emails | flags: NON_PROSPECT|FREE_EMAIL|AUTOMATION_INFLATED|STALE_LEGACY_SCORE|NO_ENGAGEMENT,,991
6cf7e3d809564647,contact,Peter,Simpson,peter.simpson@jensen-gomez.com,corporate,Higher education careers adviser,Non-Prospect,Individual Contributor,,MQL,7.1,Excluded,False,0.0,0.0,22.0,13.5,0,42,1.0,999,0,0,0,0,0,0.0,0.0,96e17aeb25534ae4,False,False,34.0,839.0,Insurance,82,41.0,2025-04-24,True,NON_PROSPECT|AUTOMATION_INFLATED|NO_ENGAGEMENT,3,False,False,False,False,,no recorded engagement | ⚠ engagement mostly automated emails | flags: NON_PROSPECT|AUTOMATION_INFLATED|NO_ENGAGEMENT,,992
f0ec1e127c6c4c97,contact,Amanda,Gibson,amanda.gibson@currybakeran.com,corporate,Meteorologist,Non-Prospect,,,MQL,7.0,Excluded,False,0.0,0.0,25.0,10.0,0,14,1.0,999,0,0,0,0,0,0.0,0.0,,,,,,,196,98.0,2024-11-05,True,DO_NOT_CONTACT|NON_PROSPECT|AUTOMATION_INFLATED|BROKEN_CONV_LINK|STALE_LEGACY_SCORE|NO_ENGAGEMENT|INCOMPLETE_PROFILE,7,False,False,False,False,,no recorded engagement | ⚠ engagement mostly automated emails | named target account | ICP-qualified account | flags: DO_NOT_CONTACT|NON_PROSPECT|AUTOMATION_INFLATED|BROKEN_CONV_LINK|STALE_LEGACY_SCORE|NO_ENGAGEMENT|INCOMPLETE_PROFILE,,993
4e08e606854e432e,contact,Kristopher,Hall,kristopher.hall@leewilsonand.com,corporate,,Non-Prospect,,,MQL,6.8,Excluded,False,0.0,0.0,15.0,19.2,0,4,1.0,999,0,0,0,0,0,0.0,0.0,68084facbf064402,False,False,17.0,5913.0,Retail,130,65.0,2024-11-03,True,OPT_OUT|NON_PROSPECT|AUTOMATION_INFLATED|BROKEN_CONV_LINK|STALE_LEGACY_SCORE|NO_ENGAGEMENT|INCOMPLETE_PROFILE,7,True,False,False,False,,no recorded engagement | ⚠ engagement mostly automated emails | flags: OPT_OUT|NON_PROSPECT|AUTOMATION_INFLATED|BROKEN_CONV_LINK|STALE_LEGACY_SCORE|NO_ENGAGEMENT|INCOMPLETE_PROFILE,,994
429a56186aa94e06,contact,William,Daniels,william.daniels@paynecisnero.com,corporate,,Non-Prospect,,,Active,6.6,Excluded,False,0.0,0.0,15.0,18.0,0,9,1.0,999,0,0,0,0,0,0.0,0.0,93e420a20a19499e,False,False,72.0,4.0,Retail,152,76.0,,False,OPT_OUT|NON_PROSPECT|AUTOMATION_INFLATED|STALE_LEGACY_SCORE|NO_ENGAGEMENT|INCOMPLETE_PROFILE,6,True,False,False,False,,no recorded engagement | ⚠ engagement mostly automated emails | high intent score (72) | flags: OPT_OUT|NON_PROSPECT|AUTOMATION_INFLATED|STALE_LEGACY_SCORE|NO_ENGAGEMENT|INCOMPLETE_PROFILE,,995
b0127a7ead244aa9,contact,Emily,Parker,emily.parker@fosterinc.com,corporate,Engineering geologist,Non-Prospect,,,MQL,6.5,Excluded,False,0.0,0.0,25.0,7.5,0,0,0.0,999,0,0,0,0,0,0.0,0.0,af7b2cc79182453f,False,False,10.0,342.0,Telecommunications,100,50.0,2025-03-04,True,OPT_OUT|NON_PROSPECT|BROKEN_CONV_LINK|NO_ENGAGEMENT,4,True,False,False,False,,no recorded engagement | flags: OPT_OUT|NON_PROSPECT|BROKEN_CONV_LINK|NO_ENGAGEMENT,,996
2c4144adf70c4fd2,lead,Lucas,Thomas,spam_cluster@example.com,corporate,,Non-Prospect,Individual Contributor,,Recycled,6.4,Excluded,False,0.0,0.0,17.0,15.2,0,0,0.0,999,0,0,0,0,0,0.0,0.0,ea4ab61c9d99480e,False,False,41.0,347.0,Insurance,153,51.0,,False,NON_PROSPECT|STALE_LEGACY_SCORE|NO_ENGAGEMENT,3,False,False,False,False,,no recorded engagement | flags: NON_PROSPECT|STALE_LEGACY_SCORE|NO_ENGAGEMENT,,997
d4c1318d34e14c85,contact,Steven,Jones,sandramendoza@yahoo.com,free_email,Insurance underwriter,Non-Prospect,,,Attempted,6.4,Excluded,False,0.0,0.0,25.0,7.2,0,6,1.0,999,0,0,0,0,0,0.0,0.0,aa807a1dd74748a3,False,False,9.0,852.0,Media,38,19.0,,False,NON_PROSPECT|FREE_EMAIL|AUTOMATION_INFLATED|NO_ENGAGEMENT,4,False,False,False,False,,no recorded engagement | ⚠ engagement mostly automated emails | flags: NON_PROSPECT|FREE_EMAIL|AUTOMATION_INFLATED|NO_ENGAGEMENT,,998
2c27e9b7208a4dd8,lead,Mary,Wiley,mary.wiley@smith-sandov.com,corporate,,Non-Prospect,,,Attempted,6.0,Excluded,False,0.0,0.0,20.0,10.0,0,4,1.0,999,0,0,0,0,0,0.0,0.0,,,,,,,178,59.333333333333336,,False,OPT_OUT|NO_LONGER_WITH_COMPANY|DO_NOT_CONTACT|NON_PROSPECT|AUTOMATION_INFLATED|STALE_LEGACY_SCORE|NO_ENGAGEMENT|INCOMPLETE_PROFILE,8,True,False,True,False,,no recorded engagement | ⚠ engagement mostly automated emails | named target account | ICP-qualified account | flags: OPT_OUT|NO_LONGER_WITH_COMPANY|DO_NOT_CONTACT|NON_PROSPECT|AUTOMATION_INFLATED|STALE_LEGACY_SCORE|NO_ENGAGEMENT|INCOMPLETE_PROFILE,,999
2c5a4605bd6e42ad,lead,Joseph,Valentine,diana.bates@larsoninc.com,corporate,Farm manager,Non-Prospect,Individual Contributor,,MQL,5.4,Excluded,False,0.0,0.0,25.0,1.8,0,35,1.0,999,0,0,0,0,0,0.0,0.0,afbfd1b9e0074d37,False,False,7.0,133.0,Telecommunications,240,80.0,2024-12-06,True,NON_PROSPECT|AUTOMATION_INFLATED|STALE_LEGACY_SCORE|NO_ENGAGEMENT,4,False,False,False,False,,no recorded engagement | ⚠ engagement mostly automated emails | flags: NON_PROSPECT|AUTOMATION_INFLATED|STALE_LEGACY_SCORE|NO_ENGAGEMENT,,1000
029f3aa5f97645b9,contact,Anthony,Hubbard,anthony.hubbard@gamble-jones.com,corporate,,Non-Prospect,,,Active,5.4,Excluded,False,0.0,0.0,15.0,12.0,0,21,1.0,999,0,0,0,0,0,0.0,0.0,a5bc25cbe8de4f49,False,False,8.0,4879.0,Media,194,97.0,,False,NON_PROSPECT|AUTOMATION_INFLATED|STALE_LEGACY_SCORE|NO_ENGAGEMENT|INCOMPLETE_PROFILE,5,False,False,False,False,,no recorded engagement | ⚠ engagement mostly automated emails | flags: NON_PROSPECT|AUTOMATION_INFLATED|STALE_LEGACY_SCORE|NO_ENGAGEMENT|INCOMPLETE_PROFILE,,1001
3c407221e6524515,contact,Brittany,Moss,brittany.moss@garrettgroup.com,corporate,"Surveyor, commercial/residential",Non-Prospect,Individual Contributor,,Qualified,5.1,Excluded,False,0.0,0.0,22.0,3.5,0,7,1.0,999,0,0,0,0,0,0.0,0.0,0ae9b66c84764902,False,False,14.0,40.0,Technology,35,17.5,,False,NON_PROSPECT|AUTOMATION_INFLATED|BROKEN_CONV_LINK|NO_ENGAGEMENT,4,False,False,False,False,,no recorded engagement | ⚠ engagement mostly automated emails | flags: NON_PROSPECT|AUTOMATION_INFLATED|BROKEN_CONV_LINK|NO_ENGAGEMENT,,1002
7f45edef5f864de2,lead,Aaron,Kelly,aaron.kelly@brandtcarter.com,corporate,,Non-Prospect,Individual Contributor,,MQL,5.0,Excluded,False,0.0,0.0,9.0,16.0,0,52,1.0,999,0,0,0,0,0,0.0,0.0,12a6d3994df441be,False,False,44.0,262.0,Insurance,265,88.33333333333333,2025-02-15,True,EMAIL_BOUNCED|NO_LONGER_WITH_COMPANY|NON_PROSPECT|AUTOMATION_INFLATED|STALE_LEGACY_SCORE|NO_ENGAGEMENT,6,False,True,True,False,,no recorded engagement | ⚠ engagement mostly automated emails | flags: EMAIL_BOUNCED|NO_LONGER_WITH_COMPANY|NON_PROSPECT|AUTOMATION_INFLATED|STALE_LEGACY_SCORE|NO_ENGAGEMENT,,1003
7e8c54f479c1468a,contact,David,Rodriguez,david.rodriguez@simpsonllc.com,corporate,,Non-Prospect,Individual Contributor,,Qualified,2.4,Excluded,False,0.0,0.0,12.0,0.2,0,4,1.0,999,0,0,0,0,0,0.0,0.0,c9ce7785a3134d1b,False,False,1.0,13.0,Energy,154,77.0,,False,OPT_OUT|NO_LONGER_WITH_COMPANY|NON_PROSPECT|AUTOMATION_INFLATED|STALE_LEGACY_SCORE|NO_ENGAGEMENT,6,True,False,True,False,,no recorded engagement | ⚠ engagement mostly automated emails | flags: OPT_OUT|NO_LONGER_WITH_COMPANY|NON_PROSPECT|AUTOMATION_INFLATED|STALE_LEGACY_SCORE|NO_ENGAGEMENT,,1004
